CreditScore,Geography,Gender,Age,Tenure,Balance,NumOfProducts,HasCrCard,IsActiveMember,EstimatedSalary,Exited,failed_transactions_last_30_days,Churn Risk Probability,Churn Risk (%),Risk Tier
402,Germany,Female,85,6,137440.26198507135,2,1,1,47831.759330148554,1,4,0.95,95.0,High Risk
735,Spain,Female,25,10,97507.41039194314,1,0,0,124546.42727997382,1,6,0.96,96.0,High Risk
570,France,Male,90,2,16474.329363577566,2,1,0,58617.48124360958,0,2,0.12,12.0,Low Risk
406,Spain,Female,62,0,143566.45068171463,3,1,1,27067.837408712938,0,0,0.02,2.0,Low Risk
371,France,Male,34,6,198557.10014635307,3,1,1,49427.122873068896,0,2,0.04,4.0,Low Risk
320,France,Male,58,7,139050.90692277512,2,1,1,94590.92805821636,0,0,0.0,0.0,Low Risk
421,France,Female,26,4,69835.54103890665,3,0,0,183933.0823886436,0,0,0.0,0.0,Low Risk
766,Spain,Male,87,5,65957.25917110071,4,1,1,77806.89785846688,0,0,0.0,0.0,Low Risk
514,Germany,Female,41,2,59459.635234363595,4,0,0,11183.349894798932,0,0,0.02,2.0,Low Risk
630,France,Female,90,4,244907.9071109524,2,1,0,4763.346549036286,1,8,1.0,100.0,High Risk
758,France,Male,28,2,99804.88530708246,4,1,0,41982.02182911838,0,0,0.03,3.0,Low Risk
387,France,Male,52,1,79217.44091070931,4,0,1,10415.253348124064,0,0,0.01,1.0,Low Risk
672,Germany,Male,46,6,104617.01893631017,2,1,1,74232.16339670848,0,1,0.03,3.0,Low Risk
399,Spain,Female,25,9,28949.48162912106,2,1,1,76856.75192074057,0,0,0.0,0.0,Low Risk
430,Spain,Female,34,10,49004.882070874526,2,1,1,194428.43626215335,0,0,0.01,1.0,Low Risk
608,Spain,Male,88,6,127225.5354476408,4,1,0,61253.85284405568,0,0,0.01,1.0,Low Risk
643,Spain,Female,29,7,199711.7909905945,3,1,0,119790.83740334044,0,0,0.0,0.0,Low Risk
791,France,Female,67,0,219106.6725287141,1,1,1,163766.5524004529,0,1,0.02,2.0,Low Risk
713,Germany,Male,41,1,216496.19189590265,3,1,1,102609.44313662914,1,4,0.94,94.0,High Risk
685,France,Female,54,1,236187.7171059654,2,0,0,139317.31751806967,1,10,1.0,100.0,High Risk
491,Germany,Male,28,2,31442.88094454653,3,0,1,194878.02464231625,0,0,0.04,4.0,Low Risk
576,Spain,Male,76,6,10242.571085378431,1,0,0,64837.22330019498,0,0,0.0,0.0,Low Risk
460,Germany,Male,72,6,26432.80451236632,3,1,0,14851.373174112785,0,1,0.02,2.0,Low Risk
759,France,Female,44,6,150185.56333311278,2,0,1,86068.62700024432,0,2,0.07,7.0,Low Risk
613,France,Male,84,0,139029.74644414362,1,1,0,108131.30886137024,1,1,0.71,71.0,Medium Risk
321,Spain,Male,77,1,167802.51576757815,4,1,0,116001.48387308052,0,1,0.03,3.0,Low Risk
552,France,Male,19,7,92772.66010393215,3,0,0,147715.1352711578,0,0,0.0,0.0,Low Risk
774,France,Male,85,8,97897.20148782663,4,1,1,179618.02327508223,1,7,1.0,100.0,High Risk
358,Germany,Female,35,9,136393.77246456273,4,0,0,100038.05070833876,0,1,0.01,1.0,Low Risk
810,France,Male,37,6,19764.02835762692,1,0,1,28689.70687155456,0,0,0.0,0.0,Low Risk
775,Spain,Female,80,0,199968.0415340255,4,0,0,80687.6520830301,1,7,0.98,98.0,High Risk
489,Spain,Male,89,3,230713.8870244235,4,0,1,31082.32602258014,0,1,0.07,7.0,Low Risk
543,France,Female,19,9,96836.30018231994,3,1,0,36468.80803933741,0,2,0.02,2.0,Low Risk
804,Spain,Female,59,7,184893.10681557545,1,0,0,349.9274040019643,1,6,0.91,91.0,High Risk
430,Germany,Female,45,4,137208.6800692194,2,0,0,185943.13642532183,1,4,0.98,98.0,High Risk
784,Germany,Female,46,0,59002.14858209541,2,1,0,149054.52949574802,1,3,0.81,81.0,High Risk
320,France,Male,86,6,16949.447459021605,1,0,1,20064.206482164205,0,1,0.06,6.0,Low Risk
466,France,Male,45,5,61474.72767004136,4,1,0,184022.0862321196,0,1,0.06,6.0,Low Risk
573,Germany,Female,77,8,151226.53866108367,3,0,0,174072.96387021226,0,0,0.0,0.0,Low Risk
687,Spain,Female,22,3,10057.444006522892,4,0,1,181978.90465544324,0,2,0.1,10.0,Low Risk
615,France,Female,32,3,209047.682681138,2,1,0,19471.81536272289,0,2,0.02,2.0,Low Risk
313,France,Male,90,7,242576.5484114119,3,0,0,15987.820632046314,0,1,0.03,3.0,Low Risk
541,Spain,Female,49,3,20875.477985782847,1,0,1,13556.375391043017,0,0,0.01,1.0,Low Risk
645,France,Female,69,2,61674.48268108691,4,1,0,193384.7821899556,0,1,0.02,2.0,Low Risk
639,Spain,Male,54,6,168908.40386106112,4,0,1,132097.39510464214,0,0,0.0,0.0,Low Risk
391,Spain,Male,32,4,201520.0808562742,3,0,0,35604.63660886805,0,0,0.01,1.0,Low Risk
666,Spain,Male,58,8,86498.52292192417,4,1,1,185832.6054771387,0,0,0.0,0.0,Low Risk
754,Spain,Male,21,4,128809.60758161447,1,0,0,88638.57629533437,0,1,0.02,2.0,Low Risk
727,Spain,Male,70,8,222939.8507407356,3,1,1,157091.54084504602,1,3,0.95,95.0,High Risk
808,Germany,Male,44,5,96099.58548734905,1,1,1,127241.28500666142,0,0,0.01,1.0,Low Risk
334,Spain,Female,38,5,20384.568365627325,1,0,1,129934.46245485202,0,0,0.01,1.0,Low Risk
505,Germany,Female,77,10,248723.53047391292,1,1,0,87951.43020429024,0,1,0.02,2.0,Low Risk
380,Spain,Male,81,5,45070.05136580405,1,0,0,78996.0975681687,1,8,1.0,100.0,High Risk
687,France,Female,88,6,12195.454399679838,4,1,1,32392.48573211803,0,0,0.01,1.0,Low Risk
301,Germany,Male,64,10,102663.3993541664,3,0,0,14165.43278531836,1,5,1.0,100.0,High Risk
689,France,Female,71,3,30365.88032335799,4,0,1,185599.02033668413,0,0,0.0,0.0,Low Risk
405,Spain,Male,48,3,244683.34610644903,2,1,1,187325.37336948648,0,0,0.0,0.0,Low Risk
776,Spain,Male,34,8,95198.46401556568,1,1,0,128263.1797628635,0,0,0.01,1.0,Low Risk
701,France,Female,67,6,206452.78322727705,1,0,1,77618.37651447035,0,1,0.06,6.0,Low Risk
461,Spain,Female,24,10,44151.34737611273,2,0,0,5027.750774038813,0,2,0.16,16.0,Low Risk
501,France,Male,45,9,34703.68918754624,2,0,1,89536.75182493862,0,2,0.0,0.0,Low Risk
569,Spain,Male,27,5,162323.28251197154,1,0,0,131798.47795274097,0,2,0.04,4.0,Low Risk
570,Spain,Male,44,0,227327.5339524588,4,1,1,60064.36732449705,0,0,0.0,0.0,Low Risk
755,Germany,Male,30,6,28634.113739996275,4,1,1,68494.02796197127,0,0,0.0,0.0,Low Risk
761,France,Male,83,5,147313.4914162305,1,0,0,94469.95868124816,1,4,1.0,100.0,High Risk
551,Spain,Male,77,3,21234.87285449624,3,0,0,98988.60180603122,1,2,0.7,70.0,Medium Risk
595,France,Female,60,7,203040.73600297156,2,0,0,148575.53282990877,0,3,0.39,39.0,Low Risk
637,Germany,Female,86,6,227326.47839292564,4,1,1,99957.24999907188,1,8,0.99,99.0,High Risk
352,France,Female,80,7,157198.57580610836,3,0,1,169056.48987078454,0,0,0.01,1.0,Low Risk
516,Germany,Female,87,8,172085.77563531994,1,0,0,96560.47890868117,0,0,0.03,3.0,Low Risk
487,France,Female,82,0,13859.11615300564,1,1,0,6392.065230533626,1,4,0.99,99.0,High Risk
679,France,Male,84,2,18244.296721520725,4,0,0,28289.809048244064,1,6,0.96,96.0,High Risk
792,Germany,Male,71,1,44917.638998180024,4,0,0,143635.17678629255,0,1,0.04,4.0,Low Risk
340,Spain,Female,53,2,68457.11683296932,1,1,0,90377.82650319191,0,0,0.0,0.0,Low Risk
456,Spain,Male,88,10,189964.02920996348,4,0,0,92248.87448871996,1,4,0.99,99.0,High Risk
314,Spain,Female,32,10,108857.31175322476,4,0,0,195601.58059300095,0,0,0.03,3.0,Low Risk
364,France,Female,35,1,19562.42168667413,4,1,0,114296.60410048538,0,1,0.01,1.0,Low Risk
820,France,Male,21,10,213161.26557117113,1,0,0,23392.899709881716,0,1,0.0,0.0,Low Risk
643,Spain,Male,28,5,248456.67564424028,2,1,0,86756.53832322403,0,0,0.0,0.0,Low Risk
428,France,Female,23,8,113756.573176265,3,1,1,112269.44527841946,0,1,0.01,1.0,Low Risk
771,France,Female,68,1,127941.00139389286,2,1,0,7502.751643382532,0,1,0.03,3.0,Low Risk
362,Spain,Female,75,3,19627.359800241273,1,0,1,72928.32487537066,0,0,0.0,0.0,Low Risk
438,Germany,Female,77,4,95754.35772182442,3,1,1,193563.94820212063,0,3,0.28,28.0,Low Risk
798,France,Male,35,4,92951.08997252912,1,1,1,150263.13123791685,0,1,0.0,0.0,Low Risk
691,France,Female,84,0,241447.8782453894,2,0,1,74436.79200304515,1,7,0.99,99.0,High Risk
718,France,Male,34,5,165107.87729006584,1,0,1,52429.73265489756,0,0,0.0,0.0,Low Risk
588,France,Female,51,4,195545.79006173037,4,0,1,56637.64791974752,1,6,0.99,99.0,High Risk
678,Germany,Female,47,5,32083.01264952232,4,1,1,165684.62632347678,0,0,0.0,0.0,Low Risk
789,Spain,Male,36,3,104231.72043566966,2,0,0,80331.3794508437,0,1,0.01,1.0,Low Risk
530,France,Male,26,10,47888.20057680768,4,0,0,168636.53351303196,0,2,0.02,2.0,Low Risk
340,Spain,Male,57,5,215047.2445710345,2,1,1,181749.64355453855,0,1,0.0,0.0,Low Risk
327,France,Male,61,8,38093.09381445014,1,1,1,92845.19237892664,0,0,0.01,1.0,Low Risk
434,Germany,Male,76,0,109717.8047507148,1,1,1,189055.0328246498,0,1,0.12,12.0,Low Risk
500,Spain,Female,42,5,13412.57043843852,2,0,1,59997.27863254212,0,0,0.0,0.0,Low Risk
332,Germany,Female,88,0,158573.5735501096,3,1,1,52011.517643924955,1,5,0.97,97.0,High Risk
347,France,Female,70,6,120481.18748694022,2,0,0,21469.321999241845,0,1,0.03,3.0,Low Risk
802,Germany,Male,65,3,124491.69311002786,3,1,1,49168.35567002815,0,2,0.25,25.0,Low Risk
706,Germany,Male,88,5,25404.727647944077,2,0,1,154533.01158239413,1,6,1.0,100.0,High Risk
398,France,Male,70,6,128495.2963042672,1,1,0,80763.48692440943,0,0,0.01,1.0,Low Risk
846,France,Female,66,10,140945.87269563891,4,1,1,29641.094467688345,0,0,0.02,2.0,Low Risk
761,Spain,Male,60,4,240710.02166933307,2,0,1,21415.23137126653,0,2,0.11,11.0,Low Risk
304,France,Female,36,8,8305.670821376621,3,1,1,98053.43492137136,0,0,0.01,1.0,Low Risk
517,Spain,Female,83,7,230678.4023728908,4,1,0,107875.49029352715,1,3,0.95,95.0,High Risk
802,Germany,Female,51,2,119891.11448289616,3,1,1,158913.05511911164,1,3,0.85,85.0,High Risk
697,Germany,Male,90,0,52528.63137274355,3,1,0,142964.4691776492,0,0,0.02,2.0,Low Risk
692,Spain,Female,71,10,166386.5207378063,3,1,0,33431.321440482374,0,0,0.01,1.0,Low Risk
506,France,Female,18,9,129263.05431323992,3,0,0,55384.6655552888,0,0,0.01,1.0,Low Risk
314,France,Female,72,7,56688.75410743204,2,1,1,138755.90559919254,0,1,0.03,3.0,Low Risk
760,Germany,Male,32,3,156706.7114588918,4,1,1,36122.75193714291,0,0,0.01,1.0,Low Risk
540,Spain,Female,32,6,118315.56879621957,4,1,1,160646.8328214831,0,0,0.0,0.0,Low Risk
395,Germany,Male,40,3,172253.6545904884,4,1,1,131474.94903142928,1,4,0.98,98.0,High Risk
784,Germany,Male,83,6,172269.23203234814,4,0,0,107273.09933159807,0,0,0.01,1.0,Low Risk
706,France,Female,63,0,118203.82975272606,1,0,0,128854.693798819,1,6,0.99,99.0,High Risk
530,Spain,Female,26,0,97699.0527304104,1,0,1,19952.13221594971,0,0,0.02,2.0,Low Risk
470,Germany,Male,83,1,15811.060356754391,2,0,1,109608.9280647704,1,7,1.0,100.0,High Risk
840,France,Female,83,4,123461.64949021072,4,0,1,90265.4361619468,0,1,0.02,2.0,Low Risk
335,Germany,Male,35,10,60778.75727210702,1,0,0,102597.86288914602,0,0,0.01,1.0,Low Risk
824,Germany,Male,34,9,13311.86615641286,4,1,1,67540.01551541987,0,1,0.02,2.0,Low Risk
459,France,Male,89,5,82595.05760935882,2,1,0,93640.70801365032,0,0,0.0,0.0,Low Risk
542,France,Female,51,1,21867.254681951275,3,1,1,176651.11875134282,0,0,0.01,1.0,Low Risk
385,Spain,Male,86,0,144935.45573214223,2,1,1,68977.27325580094,0,2,0.08,8.0,Low Risk
327,Germany,Male,81,8,125917.26617826914,1,0,0,8996.674285411562,0,1,0.02,2.0,Low Risk
639,Spain,Female,61,6,198107.2493490219,1,0,0,51303.75009075518,0,3,0.27,27.0,Low Risk
630,France,Female,46,7,66908.38590981241,1,0,0,90878.1689304852,0,0,0.0,0.0,Low Risk
805,France,Male,79,5,92882.26636750068,2,0,0,106702.777425735,0,0,0.03,3.0,Low Risk
647,Germany,Male,33,8,172237.59715960157,2,0,0,85435.33428721435,1,0,0.64,64.0,Medium Risk
772,Spain,Male,69,7,248236.13005787783,2,0,1,165324.1640457084,0,0,0.0,0.0,Low Risk
530,Spain,Female,19,3,226042.43936161365,4,0,1,183035.43184811829,0,1,0.0,0.0,Low Risk
489,Germany,Male,78,4,130206.22461086948,1,1,0,97365.2787779864,0,1,0.03,3.0,Low Risk
524,Germany,Male,21,1,169486.82396665346,2,0,1,15185.198691943258,0,0,0.01,1.0,Low Risk
684,Spain,Female,69,0,132980.58164399478,2,0,0,84203.25639184406,0,1,0.04,4.0,Low Risk
676,France,Female,58,5,108701.38297611556,4,1,0,36255.97541535596,1,2,0.2,20.0,Low Risk
582,France,Male,69,2,150574.42238457408,1,0,1,56706.4451948407,0,1,0.03,3.0,Low Risk
558,Germany,Female,48,10,96624.80633139268,3,1,1,166581.54793886188,0,1,0.07,7.0,Low Risk
658,Spain,Male,43,3,70047.08893526517,3,0,0,107063.02657639324,0,0,0.01,1.0,Low Risk
755,Spain,Male,44,0,176418.47570042117,1,1,0,165720.05661103598,0,0,0.0,0.0,Low Risk
710,Spain,Female,68,5,217993.3532201741,4,1,1,197125.4165769577,1,5,0.98,98.0,High Risk
617,France,Male,65,7,72006.07651266214,1,0,1,109050.29131611472,0,1,0.01,1.0,Low Risk
524,France,Male,28,9,176722.9044347218,3,1,1,182453.3300549277,0,1,0.0,0.0,Low Risk
533,Spain,Female,25,3,108504.75092281267,2,1,0,136696.35938644313,0,1,0.01,1.0,Low Risk
673,Spain,Male,29,9,75521.25929614514,1,1,0,20372.68037701226,0,0,0.01,1.0,Low Risk
771,Germany,Female,62,7,155277.7446357968,3,1,0,83585.6023891983,1,2,0.65,65.0,Medium Risk
532,Germany,Male,51,10,234853.6155610384,2,0,0,131791.38703507447,0,2,0.14,14.0,Low Risk
412,Spain,Female,89,9,87922.8703316885,1,1,0,141055.27781427788,0,0,0.0,0.0,Low Risk
796,Spain,Female,64,2,189869.8255449302,4,1,0,172134.58915863305,0,0,0.01,1.0,Low Risk
741,France,Female,38,10,78674.52061931592,3,0,1,127461.88677467556,0,0,0.0,0.0,Low Risk
567,Spain,Female,58,6,200967.095295402,2,0,1,18027.85959964016,1,9,0.97,97.0,High Risk
809,Germany,Female,39,2,189996.18109855897,2,1,1,28497.1744883091,0,0,0.0,0.0,Low Risk
685,France,Female,38,5,191408.19290627315,4,1,1,65671.14362802869,0,0,0.0,0.0,Low Risk
686,Germany,Male,45,3,249427.0170004767,3,0,0,58815.80417582111,1,4,0.98,98.0,High Risk
412,Germany,Male,84,5,35129.39295160361,2,0,1,44328.855858729024,0,0,0.0,0.0,Low Risk
380,France,Female,88,6,97209.8082806737,4,1,0,123463.06739894288,0,1,0.05,5.0,Low Risk
412,Germany,Male,31,7,157703.0416646039,3,0,0,85947.71773833735,0,0,0.0,0.0,Low Risk
301,Spain,Female,90,5,147618.8681108859,4,1,1,137000.90630123598,1,6,0.97,97.0,High Risk
519,Germany,Female,69,3,195158.27115155343,4,1,1,77399.92593950157,1,3,0.92,92.0,High Risk
524,France,Male,60,8,11727.395436469167,4,0,0,54823.63295461473,1,3,0.92,92.0,High Risk
684,France,Female,88,6,176262.79219357032,4,1,1,110098.72997319156,1,10,1.0,100.0,High Risk
702,France,Male,36,8,184430.98915558492,3,0,0,19361.046746145836,0,0,0.01,1.0,Low Risk
429,Germany,Female,44,2,15275.278987837037,4,0,1,197731.78084345764,0,0,0.0,0.0,Low Risk
352,Spain,Female,35,4,134670.58930796594,4,0,1,131129.4302823615,0,0,0.0,0.0,Low Risk
715,France,Male,30,0,61248.17612226988,2,0,0,24441.24817277482,0,0,0.0,0.0,Low Risk
546,Spain,Female,18,10,200406.81534283247,3,1,1,124485.4960818459,0,2,0.01,1.0,Low Risk
738,France,Female,51,7,12403.40154843861,3,1,0,14895.69514547699,0,0,0.01,1.0,Low Risk
502,Spain,Female,30,0,36541.036823991315,4,1,0,101250.11991576098,0,2,0.04,4.0,Low Risk
483,Spain,Male,68,0,26113.442822468165,4,1,1,58179.6971767604,0,0,0.0,0.0,Low Risk
422,Spain,Male,18,6,16304.426362896083,1,1,0,140155.58372904398,0,2,0.03,3.0,Low Risk
700,France,Male,45,10,150018.41575434274,4,0,1,97419.52831304606,0,2,0.02,2.0,Low Risk
593,Germany,Male,49,7,217136.73064038384,3,1,1,157177.1193832288,1,6,0.99,99.0,High Risk
579,Germany,Male,89,2,127743.28116613446,2,1,1,45959.3285394847,0,0,0.01,1.0,Low Risk
497,Germany,Female,72,1,52645.380478545834,3,0,1,131239.25135676394,0,3,0.73,73.0,Medium Risk
810,Spain,Male,43,6,85949.06712299291,2,0,0,137570.92663251556,0,0,0.0,0.0,Low Risk
443,France,Male,31,9,90091.55551751352,4,0,0,95508.63503448592,0,2,0.06,6.0,Low Risk
500,Spain,Female,85,4,112908.84941607398,1,0,1,171662.54881385813,1,3,0.81,81.0,High Risk
423,France,Female,80,0,105134.59148748063,2,1,1,29338.04471012357,1,5,0.98,98.0,High Risk
486,Spain,Male,31,1,167787.81309771907,3,0,0,151685.12516223878,1,4,0.99,99.0,High Risk
625,France,Female,44,2,84978.04275912751,4,1,0,26406.215924003453,0,0,0.01,1.0,Low Risk
763,France,Female,58,5,165741.3482029715,2,0,1,31389.318642617563,1,5,1.0,100.0,High Risk
648,France,Female,20,0,136693.36274876617,1,0,1,40305.40177920378,0,1,0.0,0.0,Low Risk
702,Spain,Male,76,7,12127.211762748391,1,0,1,132218.734836311,1,4,1.0,100.0,High Risk
645,Germany,Female,40,1,229918.02105411515,1,1,1,127806.11663377726,0,0,0.01,1.0,Low Risk
810,Spain,Female,35,4,44489.34839368851,4,1,0,89182.81780062294,1,7,0.99,99.0,High Risk
446,Spain,Male,91,7,112882.2139847965,2,1,1,62899.6942635763,0,0,0.0,0.0,Low Risk
447,France,Female,58,4,236899.30030709176,2,0,1,122558.29442135038,1,6,1.0,100.0,High Risk
788,France,Female,25,7,61833.30035880199,4,1,1,28846.34353687415,0,2,0.03,3.0,Low Risk
637,Germany,Male,49,5,5541.137134965152,2,0,0,125735.51770235613,0,1,0.0,0.0,Low Risk
772,Germany,Male,58,6,122512.456231853,4,1,1,2400.2481634055284,1,4,0.96,96.0,High Risk
450,France,Male,62,7,55982.79901005329,1,0,0,28902.34350134223,1,9,0.99,99.0,High Risk
714,Germany,Female,26,2,145506.8808011576,2,1,1,141588.15633955368,0,2,0.05,5.0,Low Risk
597,Germany,Male,65,4,204277.02816919275,1,1,1,174795.2670085308,0,2,0.16,16.0,Low Risk
562,France,Male,41,9,127804.97891115244,4,0,0,15129.251467008522,0,1,0.0,0.0,Low Risk
443,Spain,Female,61,6,161257.33622085192,1,0,1,127757.02540879537,0,0,0.01,1.0,Low Risk
645,Germany,Female,75,8,166538.09895685196,3,1,1,12390.557996448251,0,1,0.03,3.0,Low Risk
301,France,Female,83,5,205133.62415126717,4,1,0,175795.14009306443,0,1,0.01,1.0,Low Risk
603,Germany,Female,35,9,171981.70224460325,3,1,0,78339.07060559784,0,0,0.01,1.0,Low Risk
553,Germany,Female,46,0,244043.0379478954,4,0,0,148237.78310162108,0,0,0.0,0.0,Low Risk
752,France,Male,19,10,114052.8132723418,1,0,0,34558.701390244394,0,0,0.0,0.0,Low Risk
336,Germany,Male,85,7,12564.593381753835,1,1,1,172271.45988958172,0,0,0.03,3.0,Low Risk
459,Germany,Male,56,5,98506.72587056216,1,1,1,85839.786738494,1,7,0.99,99.0,High Risk
308,Germany,Female,90,0,209969.51066330724,3,1,0,41779.359884059464,0,0,0.01,1.0,Low Risk
532,Spain,Male,58,3,33266.91334283396,1,0,1,114494.11489876448,0,0,0.01,1.0,Low Risk
398,Spain,Female,88,5,183984.96314509923,3,0,1,57639.38993774426,0,1,0.02,2.0,Low Risk
507,Germany,Female,39,9,133915.3645730322,3,0,1,57417.17645316926,0,0,0.0,0.0,Low Risk
430,France,Male,66,0,225166.5242690968,2,0,1,22917.93101151584,0,0,0.0,0.0,Low Risk
703,Germany,Male,45,9,182797.41667955028,2,0,1,42787.37246471427,0,0,0.01,1.0,Low Risk
451,Germany,Female,33,4,165131.02764151324,2,0,1,159574.72171320274,0,1,0.0,0.0,Low Risk
353,Spain,Female,85,2,221719.4823245834,4,0,1,104720.47828962204,1,5,0.99,99.0,High Risk
419,Spain,Male,79,6,227054.9818232711,3,0,0,70994.36628458831,1,4,1.0,100.0,High Risk
719,Spain,Male,53,7,96229.1761088264,1,1,1,185875.33246906448,0,0,0.01,1.0,Low Risk
721,Germany,Female,39,2,231961.82796101327,2,1,0,159479.53948813962,0,1,0.0,0.0,Low Risk
403,Germany,Female,28,9,13674.500465704426,4,0,1,62061.33036308145,0,0,0.0,0.0,Low Risk
553,France,Female,59,2,190641.6569717116,3,0,1,22155.4029367704,0,0,0.0,0.0,Low Risk
526,Germany,Female,72,10,84132.7355289208,4,0,0,36876.51912829871,0,2,0.33,33.0,Low Risk
411,Germany,Male,90,2,121849.23639142766,1,0,0,135036.97188169,1,5,0.99,99.0,High Risk
809,Spain,Male,52,10,208937.47150353077,2,1,0,112617.70764424374,0,1,0.02,2.0,Low Risk
772,Spain,Female,74,5,159259.68096645363,3,1,0,196155.7323464828,0,0,0.01,1.0,Low Risk
398,Spain,Female,51,5,114372.75613335728,4,1,0,2708.6615935958384,0,1,0.01,1.0,Low Risk
452,Spain,Male,90,2,40983.31069580771,2,1,0,175359.88348042616,0,0,0.0,0.0,Low Risk
637,Spain,Female,87,5,234816.1988776113,2,1,1,2863.6992053472386,0,0,0.07,7.0,Low Risk
462,France,Female,21,8,83119.36913532748,3,0,1,84957.59867505346,0,0,0.0,0.0,Low Risk
460,France,Female,63,10,25290.380906702132,2,0,0,183318.57475287715,0,1,0.02,2.0,Low Risk
697,France,Female,28,7,141036.68679077935,4,0,1,131686.4976439053,1,3,0.86,86.0,High Risk
576,Spain,Female,78,10,101569.94780286426,3,0,0,116664.1009239448,0,1,0.09,9.0,Low Risk
803,Spain,Female,52,6,147627.79010932636,3,1,0,62706.7261423917,0,0,0.01,1.0,Low Risk
691,Spain,Male,86,6,58382.490591908034,2,1,0,193225.8407497012,1,5,0.97,97.0,High Risk
434,France,Female,74,7,94682.21627343008,1,1,0,33653.22901429146,0,0,0.0,0.0,Low Risk
494,Spain,Male,28,6,243127.0934290945,1,0,1,53984.80551011058,0,0,0.0,0.0,Low Risk
700,France,Male,29,2,234134.05225933265,1,1,0,90596.61652088676,0,0,0.0,0.0,Low Risk
332,Spain,Male,60,7,216095.435953765,4,0,1,25268.568133072476,0,1,0.01,1.0,Low Risk
759,Germany,Female,36,7,194780.21560226433,3,1,1,84715.21644588868,0,0,0.0,0.0,Low Risk
769,France,Female,85,0,39139.94371700091,2,1,1,7878.201658589571,0,0,0.01,1.0,Low Risk
674,Germany,Female,76,9,116732.647485776,1,1,1,184824.51192652548,1,8,0.99,99.0,High Risk
321,France,Male,19,4,181975.6964694163,2,0,0,64434.60581038485,0,1,0.0,0.0,Low Risk
337,Spain,Male,25,4,65441.89146199497,1,1,0,126764.17832253354,1,6,0.95,95.0,High Risk
529,Spain,Female,39,0,8268.553289284748,1,0,0,174106.70909346346,0,0,0.01,1.0,Low Risk
664,Germany,Female,38,5,104524.72483105256,2,0,1,163667.05804055353,1,6,1.0,100.0,High Risk
737,Spain,Male,46,5,106285.349102005,4,0,0,174679.42119973627,0,0,0.02,2.0,Low Risk
582,France,Male,54,3,16275.064355573326,2,1,0,144064.52671728178,0,0,0.0,0.0,Low Risk
326,Spain,Male,46,5,80153.89478487358,2,1,0,38756.829005944775,1,5,0.98,98.0,High Risk
525,Spain,Female,54,5,229325.01494686436,4,1,0,73316.04286279145,1,3,0.91,91.0,High Risk
576,France,Male,38,0,62574.20175940381,4,1,0,102411.22313631952,0,0,0.0,0.0,Low Risk
583,Germany,Male,29,4,142289.9543128253,2,0,1,67396.70076087379,0,1,0.02,2.0,Low Risk
780,Germany,Male,65,1,121970.4950741787,4,1,1,191047.2341094822,1,3,0.96,96.0,High Risk
752,Spain,Female,64,6,215531.4452810783,1,0,0,161369.32199925272,1,5,1.0,100.0,High Risk
815,France,Female,32,8,163387.5609369666,4,0,1,159792.34390368886,0,0,0.0,0.0,Low Risk
846,Germany,Female,84,8,39607.37370130169,2,1,1,72227.45160069101,1,7,0.98,98.0,High Risk
491,Germany,Male,30,10,35717.18171088928,4,0,1,150970.15138401376,0,0,0.0,0.0,Low Risk
348,Spain,Male,76,8,139371.80688158056,3,0,1,122814.38992836932,0,1,0.0,0.0,Low Risk
811,France,Male,90,10,11616.590588948982,4,1,0,75049.13432534391,0,0,0.05,5.0,Low Risk
316,Germany,Male,30,6,98382.73649735856,1,0,1,61662.90058827301,0,1,0.04,4.0,Low Risk
471,Spain,Female,89,6,99752.7697878748,3,1,1,157769.17458929186,0,0,0.01,1.0,Low Risk
519,Spain,Male,36,0,49083.280302417654,1,1,1,119364.03026643628,0,1,0.0,0.0,Low Risk
457,Spain,Male,74,10,75253.05233423912,1,0,1,7408.707287479833,1,4,0.96,96.0,High Risk
776,Spain,Female,49,10,82487.06035024095,3,1,0,4349.59180143222,0,1,0.07,7.0,Low Risk
345,Germany,Male,38,5,2939.6497881991336,1,0,1,168395.71313197806,0,0,0.01,1.0,Low Risk
672,France,Male,31,4,201472.85089023883,3,1,0,17972.943620815422,0,1,0.02,2.0,Low Risk
817,Spain,Male,41,7,239361.5623036709,1,1,0,103877.16011676996,0,1,0.01,1.0,Low Risk
398,Spain,Female,66,7,72316.63104224965,2,1,1,121736.67507427584,0,3,0.36,36.0,Low Risk
336,Germany,Male,49,10,27996.38941313312,1,1,0,183193.26489389892,1,2,0.78,78.0,High Risk
579,Spain,Female,28,3,238388.0357962508,3,1,0,102910.12865345745,0,1,0.0,0.0,Low Risk
648,Spain,Male,77,0,185137.75528973815,2,0,0,38813.81895011317,1,3,0.66,66.0,Medium Risk
796,France,Female,85,5,222785.60706185744,2,1,0,52141.49794993161,1,5,1.0,100.0,High Risk
601,Spain,Female,78,9,90219.03784373216,4,0,0,9780.715794891608,0,0,0.03,3.0,Low Risk
480,Germany,Female,22,0,121015.56894062633,4,1,1,44419.25364562419,0,0,0.0,0.0,Low Risk
398,France,Male,53,4,232559.9265213064,4,0,0,163029.89165589004,1,6,0.98,98.0,High Risk
415,Germany,Male,81,4,114888.11177718658,2,0,1,151378.15371174773,0,0,0.0,0.0,Low Risk
490,France,Female,49,2,168023.8234773116,4,0,1,16397.75535158703,0,0,0.04,4.0,Low Risk
552,France,Female,88,4,176199.69870246097,2,0,1,95924.70581150976,0,2,0.09,9.0,Low Risk
460,Spain,Male,91,5,209278.46064016433,4,0,1,60371.51159054448,0,0,0.07,7.0,Low Risk
555,Spain,Female,83,4,243794.7477778336,1,1,1,129993.25381124084,0,1,0.05,5.0,Low Risk
622,Spain,Male,27,0,83724.83327498767,4,0,1,192268.49532433847,0,0,0.0,0.0,Low Risk
427,Germany,Male,38,6,61862.71233090584,3,0,1,126141.04443460883,1,2,0.66,66.0,Medium Risk
317,Spain,Female,57,2,19426.48729635496,4,0,1,149142.45286875352,0,2,0.1,10.0,Low Risk
622,Spain,Female,59,6,214134.3808841474,2,1,1,79631.65666027149,0,0,0.0,0.0,Low Risk
587,France,Male,89,4,73169.96797515727,3,1,0,6547.2309399056785,0,0,0.02,2.0,Low Risk
454,Spain,Male,63,2,12403.198836927251,3,1,0,83625.57159625535,0,1,0.05,5.0,Low Risk
789,Spain,Male,90,10,216317.61820478665,2,1,1,102164.00929448532,0,1,0.02,2.0,Low Risk
685,Spain,Female,58,5,127477.3569606102,3,0,1,98541.06584499848,0,0,0.0,0.0,Low Risk
403,Spain,Male,21,0,209578.30113741197,3,1,0,46716.28203720604,0,1,0.02,2.0,Low Risk
692,France,Female,31,5,138620.489941395,3,1,1,95003.78408547776,0,0,0.0,0.0,Low Risk
545,Spain,Female,31,3,78432.43719116677,4,1,1,143601.38566603814,0,2,0.02,2.0,Low Risk
475,France,Male,70,3,32445.3979304562,3,0,0,62302.188688586844,0,0,0.0,0.0,Low Risk
338,Germany,Female,46,4,109290.37819261194,1,1,1,126804.19350903212,0,0,0.03,3.0,Low Risk
776,Spain,Female,40,8,6637.260648370225,1,0,0,30655.28776178371,0,0,0.0,0.0,Low Risk
837,Spain,Female,48,0,150614.86071067408,4,1,1,55616.45275321518,1,3,0.92,92.0,High Risk
707,Spain,Female,88,2,106916.1591782451,4,0,1,176786.74273841258,0,1,0.02,2.0,Low Risk
824,France,Male,78,10,35380.908535384195,1,1,1,125328.20733985733,0,1,0.0,0.0,Low Risk
805,Spain,Male,40,3,132558.62270321342,3,0,1,17177.042754291142,1,6,0.88,88.0,High Risk
335,Spain,Female,25,1,200227.67429020553,1,0,1,52934.717472638746,0,1,0.01,1.0,Low Risk
319,Germany,Female,33,8,243700.0715450579,2,0,0,198792.3032439884,1,3,0.92,92.0,High Risk
620,France,Female,43,10,131839.62452103704,3,1,1,54028.26934198978,0,1,0.0,0.0,Low Risk
811,France,Female,46,6,32387.740260810067,1,0,1,116105.98677741412,0,0,0.02,2.0,Low Risk
699,Germany,Female,23,0,202676.5464361256,1,1,0,110073.95819739884,0,0,0.02,2.0,Low Risk
770,France,Male,54,8,173947.14724549264,3,1,1,80478.68798135465,0,1,0.04,4.0,Low Risk
442,Spain,Male,50,5,238492.8118885854,3,0,1,6765.217833716769,1,5,0.98,98.0,High Risk
391,Spain,Male,63,1,133803.24944599913,3,0,1,56874.54713409813,0,0,0.0,0.0,Low Risk
653,Germany,Male,78,0,89275.97877958698,4,1,0,190670.31687505255,0,1,0.0,0.0,Low Risk
350,France,Female,58,5,240710.0301158146,2,1,0,3847.992861033089,1,6,1.0,100.0,High Risk
489,France,Female,35,6,134611.1453590517,4,0,1,143139.5435298189,0,0,0.0,0.0,Low Risk
424,France,Male,33,9,3976.419077058341,1,1,1,178550.99744045213,0,0,0.0,0.0,Low Risk
449,Germany,Male,68,5,118417.25317092522,2,0,0,152479.70176289993,0,1,0.04,4.0,Low Risk
613,Spain,Male,54,6,594.5077330966886,4,0,1,64656.681449252144,0,1,0.02,2.0,Low Risk
641,Germany,Female,31,5,184426.95333073955,1,1,0,104098.372387318,0,0,0.0,0.0,Low Risk
604,Spain,Female,85,7,141486.27838966832,3,1,1,173510.82787703222,1,9,0.99,99.0,High Risk
353,Germany,Female,47,1,27450.27799759927,1,1,0,195091.790987395,1,1,0.12,12.0,Low Risk
743,Spain,Male,77,8,203252.82681174137,3,0,0,19414.84335506676,0,1,0.02,2.0,Low Risk
563,France,Male,70,8,134109.3093035616,4,1,1,24878.71588643018,0,1,0.01,1.0,Low Risk
352,France,Female,53,10,28515.09442070771,1,0,0,191162.56134341087,0,0,0.01,1.0,Low Risk
304,France,Female,47,8,40002.71881470716,2,0,1,174526.15782609474,1,7,0.99,99.0,High Risk
402,Germany,Female,81,6,205525.9629677112,1,0,0,42222.93528502194,1,5,1.0,100.0,High Risk
495,Germany,Male,31,8,88871.71886629597,3,1,1,194021.10968317103,0,2,0.08,8.0,Low Risk
649,Germany,Female,40,0,205274.01896220577,4,1,0,41808.31639089114,0,2,0.01,1.0,Low Risk
346,France,Female,65,2,17375.839484448097,2,1,1,17712.16830211848,0,1,0.03,3.0,Low Risk
568,Spain,Male,45,1,60964.765573526005,2,0,0,136380.3159461673,0,2,0.03,3.0,Low Risk
669,France,Female,24,10,191145.648931316,4,1,0,107963.80526007416,0,0,0.0,0.0,Low Risk
405,France,Female,59,0,160425.5302300083,4,0,1,47940.60895023663,0,0,0.01,1.0,Low Risk
419,Spain,Female,27,4,76706.12974831351,1,1,1,185656.2854308035,0,0,0.0,0.0,Low Risk
357,Spain,Female,85,0,234006.6092249108,1,1,0,80853.93332447574,0,2,0.21,21.0,Low Risk
645,Spain,Male,61,2,52766.55886247092,2,0,0,80587.28897749049,1,10,0.98,98.0,High Risk
773,Spain,Female,30,5,212444.8923569075,1,0,1,126368.85217453372,0,1,0.03,3.0,Low Risk
416,France,Male,50,5,173935.9678904269,3,0,0,46166.70099576072,0,2,0.18,18.0,Low Risk
426,Germany,Female,49,2,30279.2688654005,3,1,1,117373.63262127464,0,0,0.04,4.0,Low Risk
692,France,Male,65,3,138778.9068976252,1,0,1,72803.3896775593,0,0,0.02,2.0,Low Risk
357,Spain,Female,22,6,232476.89518298907,2,1,1,139004.81675009715,0,0,0.0,0.0,Low Risk
812,Germany,Female,78,5,154724.0122229877,1,1,1,49549.016698599495,0,0,0.03,3.0,Low Risk
395,Germany,Male,20,10,132201.84959360628,4,1,1,37100.52989434339,0,1,0.0,0.0,Low Risk
417,France,Female,41,1,91580.79767153536,4,1,1,49970.25458718225,0,1,0.0,0.0,Low Risk
787,France,Female,51,8,197197.0351725538,2,0,0,187187.60596384323,0,3,0.25,25.0,Low Risk
536,France,Male,59,5,228264.80347091044,2,1,1,169847.2929411555,1,6,0.98,98.0,High Risk
571,Germany,Female,37,1,188329.1970357888,4,0,0,165781.3898492877,0,1,0.0,0.0,Low Risk
488,Germany,Female,58,6,181312.33988598277,4,1,1,156141.12565465152,1,4,1.0,100.0,High Risk
746,Germany,Female,37,10,48122.59227457091,3,0,1,127393.77494853824,0,0,0.02,2.0,Low Risk
546,Spain,Female,23,10,208496.58548276388,1,1,0,19688.86078558769,0,0,0.0,0.0,Low Risk
375,Spain,Female,74,9,10173.963775266388,2,1,1,64937.1373034983,1,6,1.0,100.0,High Risk
453,France,Male,59,9,189340.3691339924,4,1,1,112378.1250702404,0,0,0.0,0.0,Low Risk
734,Germany,Male,42,3,52717.50861205532,2,0,1,21158.88785817324,0,1,0.01,1.0,Low Risk
385,France,Female,58,0,121815.31749612228,4,1,1,6032.975897296188,0,0,0.08,8.0,Low Risk
584,Germany,Female,58,9,173808.486757857,2,0,0,18694.77582350132,1,5,1.0,100.0,High Risk
519,France,Male,20,8,189769.6032680044,2,0,0,21622.848308745015,0,0,0.0,0.0,Low Risk
368,Spain,Male,60,10,222020.98529853564,3,0,0,21916.58236974932,1,4,1.0,100.0,High Risk
346,Germany,Male,63,9,70648.03607371464,3,0,0,38042.54328076154,0,1,0.03,3.0,Low Risk
393,Spain,Male,74,7,56080.06075714328,3,0,0,99824.33942159264,0,1,0.02,2.0,Low Risk
752,Germany,Male,91,4,249061.55184370364,3,1,1,57097.274174279715,0,0,0.03,3.0,Low Risk
503,France,Male,68,2,51889.54219562217,3,1,1,172027.8989289426,0,0,0.0,0.0,Low Risk
517,Germany,Female,22,3,166370.18668158838,4,0,1,175228.95477320612,0,0,0.0,0.0,Low Risk
773,Spain,Female,90,2,238186.17285388504,1,1,0,184050.7483476318,0,0,0.01,1.0,Low Risk
731,Germany,Female,32,9,224138.9967449464,4,1,0,94237.11607277478,1,4,0.98,98.0,High Risk
640,France,Female,56,7,110815.85935681296,1,0,0,154810.61925277085,0,1,0.02,2.0,Low Risk
588,Germany,Female,87,4,159395.41777845108,3,0,0,118200.65322290896,0,1,0.02,2.0,Low Risk
553,Spain,Male,55,10,132274.07076090734,2,0,1,28883.075066011424,1,2,0.72,72.0,Medium Risk
656,France,Male,56,7,86663.89577926187,2,0,0,127143.36323276204,0,0,0.01,1.0,Low Risk
322,Spain,Male,69,0,36105.52526451324,1,1,0,167405.83692339296,0,0,0.02,2.0,Low Risk
821,Germany,Male,20,8,200848.5576690694,1,1,1,69594.65595128974,0,0,0.01,1.0,Low Risk
399,Spain,Male,46,10,22610.42193226742,4,0,0,149337.5986332021,0,0,0.0,0.0,Low Risk
479,Germany,Male,48,9,152406.84533911038,1,1,0,154905.7041734909,0,0,0.03,3.0,Low Risk
522,France,Female,83,2,148592.29312766404,4,0,0,128720.22931287812,0,0,0.01,1.0,Low Risk
741,Spain,Female,62,0,83706.08464137078,3,0,0,176656.0263655875,1,7,1.0,100.0,High Risk
624,Spain,Male,90,2,33852.13937455622,2,1,1,28972.82392573406,0,0,0.0,0.0,Low Risk
815,Germany,Female,39,1,199909.28183264748,2,0,0,168684.89406305685,0,0,0.02,2.0,Low Risk
315,Spain,Male,27,6,115481.10302933048,4,1,1,122150.10648295956,0,1,0.0,0.0,Low Risk
635,Spain,Female,38,9,181318.22286948815,1,1,1,171133.90281910324,0,0,0.0,0.0,Low Risk
557,France,Male,34,3,4121.450513333874,4,1,0,106540.19750549212,0,1,0.05,5.0,Low Risk
796,Germany,Male,84,6,18625.7910692558,1,1,0,65599.2276386772,0,0,0.03,3.0,Low Risk
459,Germany,Female,24,2,43961.92113190497,1,1,1,179439.75936054962,0,0,0.0,0.0,Low Risk
774,France,Male,53,5,28459.520972078128,1,1,0,175481.94457969174,0,0,0.0,0.0,Low Risk
679,France,Female,84,6,47926.69274043443,4,0,0,53542.85462255106,1,3,0.94,94.0,High Risk
844,Germany,Female,47,6,171622.01706403765,3,1,0,148824.20311677165,1,6,0.98,98.0,High Risk
726,France,Male,88,4,11749.26812804697,2,1,0,18268.02886879808,0,0,0.0,0.0,Low Risk
567,France,Male,46,5,9466.403026762604,4,1,0,17204.727084370355,1,4,0.94,94.0,High Risk
716,France,Male,89,2,7913.025620888664,3,0,0,102285.77695167308,0,0,0.0,0.0,Low Risk
467,Germany,Female,91,3,174412.2811518828,2,1,1,7161.960586101398,0,1,0.04,4.0,Low Risk
342,France,Female,50,10,134033.8680987973,4,0,0,86756.27961487071,0,2,0.09,9.0,Low Risk
584,Spain,Male,76,5,92560.60291722202,4,1,1,158151.61628793637,0,2,0.11,11.0,Low Risk
696,Spain,Male,37,2,168901.9770273828,3,1,1,177895.84000282217,0,0,0.0,0.0,Low Risk
311,Germany,Male,46,6,138401.06806203755,4,0,1,50963.73864332468,0,0,0.01,1.0,Low Risk
601,France,Male,70,2,1833.710144015732,2,0,0,15405.283532073096,0,1,0.02,2.0,Low Risk
552,Spain,Male,18,8,209637.43624051215,3,1,1,126134.57178540347,0,3,0.06,6.0,Low Risk
798,Germany,Male,51,3,87546.09579785136,4,1,1,52973.9198884231,1,6,0.95,95.0,High Risk
334,Spain,Male,61,1,99890.31580724624,2,1,1,4699.401360740509,0,1,0.02,2.0,Low Risk
389,France,Female,31,5,195572.48874003033,4,0,0,26248.2838553154,0,0,0.01,1.0,Low Risk
717,Germany,Female,54,8,46772.70393240069,3,1,1,187671.76611603983,0,0,0.03,3.0,Low Risk
414,Spain,Male,52,9,2517.963861139366,4,1,1,175016.51155699848,1,6,0.98,98.0,High Risk
495,Germany,Male,76,9,227209.5861824763,2,1,0,165925.1846823489,1,1,0.05,5.0,Low Risk
800,Spain,Female,41,1,126369.5638854682,1,1,0,67901.3133952738,1,5,1.0,100.0,High Risk
792,Spain,Male,82,3,87381.78252492845,4,1,1,142907.401695331,0,1,0.01,1.0,Low Risk
374,France,Female,23,4,204761.39490488515,4,0,1,191403.3860708597,0,0,0.0,0.0,Low Risk
712,France,Female,85,8,6573.728298807674,2,0,0,113520.54363064366,0,1,0.01,1.0,Low Risk
675,Spain,Male,55,6,50572.70528467056,2,1,0,66625.91084156856,1,8,1.0,100.0,High Risk
719,Germany,Female,18,4,38822.01561872153,3,1,0,159867.89353558343,0,0,0.01,1.0,Low Risk
576,Germany,Female,58,5,184457.67106401752,1,0,1,86073.19224142838,0,0,0.02,2.0,Low Risk
693,France,Male,48,8,78021.68767074158,3,0,0,115472.96492280644,0,0,0.01,1.0,Low Risk
756,Spain,Male,53,3,193226.6863848804,2,1,1,108246.85598934683,0,0,0.0,0.0,Low Risk
491,France,Female,90,1,10369.110984398772,2,0,1,43491.39676689808,1,10,0.97,97.0,High Risk
398,Spain,Male,71,4,152028.8944500396,2,1,0,143.47617131228506,0,0,0.01,1.0,Low Risk
847,Spain,Female,48,6,79555.18109338955,2,1,1,199767.22192567747,0,1,0.05,5.0,Low Risk
395,France,Female,46,3,46729.983814576495,3,1,1,83372.18629085028,1,9,0.93,93.0,High Risk
489,Germany,Female,20,0,204191.2481044397,1,0,1,56770.45615692505,1,3,0.87,87.0,High Risk
336,France,Female,75,7,103062.53089914174,2,1,0,153178.66254298537,1,7,0.99,99.0,High Risk
668,Spain,Female,78,4,142907.3993025274,3,0,0,118509.01729879476,0,1,0.02,2.0,Low Risk
824,France,Female,23,9,8270.960944885524,3,0,1,176093.17107999846,0,1,0.0,0.0,Low Risk
578,Germany,Male,37,1,197906.1293196075,3,0,0,156222.3908853533,0,0,0.01,1.0,Low Risk
516,Germany,Male,78,2,71720.63638468165,3,0,0,56361.03506224209,0,0,0.03,3.0,Low Risk
572,Spain,Male,63,9,173351.5344428838,3,0,0,118452.93001148742,1,6,1.0,100.0,High Risk
361,France,Male,30,9,190118.6461965236,2,0,0,100545.36390077442,0,1,0.0,0.0,Low Risk
641,Germany,Female,40,4,29279.064368210817,2,0,0,191017.18261933856,0,1,0.03,3.0,Low Risk
696,France,Female,48,10,73975.14099364102,1,0,0,47921.63204661391,1,7,0.99,99.0,High Risk
318,Germany,Female,21,3,180860.02049741143,1,0,0,56774.05920966952,0,1,0.0,0.0,Low Risk
476,Spain,Female,83,8,58044.38686111857,1,0,1,184086.4370923557,0,0,0.02,2.0,Low Risk
695,Spain,Female,33,8,212043.4880136368,1,0,0,91567.5932239948,0,1,0.02,2.0,Low Risk
744,France,Male,48,7,77993.38272078746,4,0,0,91456.3290550818,0,0,0.02,2.0,Low Risk
532,Spain,Male,65,1,100582.55189164476,3,1,0,173643.0377213926,1,6,0.97,97.0,High Risk
375,Germany,Male,60,4,24935.83680720221,3,0,0,59217.14691577426,0,0,0.01,1.0,Low Risk
564,Spain,Female,21,7,36918.77965234438,3,1,1,139382.55895076922,0,0,0.0,0.0,Low Risk
754,Germany,Female,79,7,68855.40706039117,4,0,0,144307.39944414792,1,5,0.99,99.0,High Risk
683,Germany,Male,65,6,12227.207062362717,3,1,1,88485.24535644993,0,1,0.01,1.0,Low Risk
805,Spain,Female,45,3,48258.069936541135,3,0,0,66798.76382722077,0,0,0.0,0.0,Low Risk
666,Germany,Female,33,2,102235.75666653362,3,0,0,149333.661057723,1,1,0.58,58.0,Medium Risk
443,Germany,Male,86,7,94990.56171681226,3,1,0,51192.19309875255,0,0,0.01,1.0,Low Risk
368,France,Female,47,7,49673.59495674786,3,0,0,163863.78774142533,0,0,0.01,1.0,Low Risk
398,France,Male,82,9,20112.670963362776,1,1,1,83288.1307095684,0,0,0.04,4.0,Low Risk
695,France,Male,86,4,79536.95870851437,4,0,0,3685.2800411914104,1,7,0.97,97.0,High Risk
324,Spain,Male,31,2,186336.65189982924,2,0,0,113858.53804215872,0,0,0.0,0.0,Low Risk
768,France,Male,51,4,127524.89304405512,1,0,1,38891.61086185547,0,0,0.0,0.0,Low Risk
783,Germany,Female,73,3,236700.99355498195,4,1,1,93318.37944431524,0,0,0.02,2.0,Low Risk
450,Spain,Female,46,7,34971.58193592731,3,1,1,161669.01089778962,0,2,0.04,4.0,Low Risk
443,Spain,Female,42,1,51829.486163429225,4,1,1,38010.709956713945,0,0,0.0,0.0,Low Risk
338,Spain,Male,83,10,70074.8834097492,3,0,1,41630.483672069866,0,0,0.05,5.0,Low Risk
408,Spain,Female,57,7,3250.4749532603073,3,1,1,94774.45864060947,1,8,0.98,98.0,High Risk
341,Germany,Male,32,9,235845.1196142203,4,0,0,95305.46193315696,0,0,0.02,2.0,Low Risk
485,Germany,Female,49,5,111340.957860742,2,0,0,90739.44893193066,1,6,0.99,99.0,High Risk
697,France,Female,37,3,120412.36930778903,3,1,0,138901.65062822655,0,0,0.0,0.0,Low Risk
522,Spain,Male,70,10,39464.35662464709,3,1,1,53826.89761916686,0,0,0.0,0.0,Low Risk
432,France,Female,84,2,218174.4225268916,1,0,0,52112.955015791864,0,1,0.02,2.0,Low Risk
462,Germany,Male,66,9,173158.05916076718,4,0,1,4481.994955823214,0,0,0.03,3.0,Low Risk
514,Spain,Male,84,4,107840.24688097756,4,0,0,76353.11955788074,0,0,0.0,0.0,Low Risk
534,Germany,Female,18,5,219492.87416152356,4,1,0,39162.68386272408,0,0,0.0,0.0,Low Risk
308,France,Female,56,0,226364.43456607897,1,1,0,118323.74722779868,1,3,0.88,88.0,High Risk
373,Germany,Female,78,0,12370.135259514664,4,1,0,36242.326240171846,0,0,0.0,0.0,Low Risk
791,Spain,Female,72,10,29831.14742821949,4,1,0,178907.26510310298,1,3,0.85,85.0,High Risk
552,Spain,Male,86,9,6907.074839075378,3,1,1,169804.37433406228,0,2,0.08,8.0,Low Risk
529,France,Male,19,2,145432.561774566,2,1,1,153036.3330726838,0,0,0.0,0.0,Low Risk
818,Spain,Female,34,1,54485.965044059005,2,0,0,161706.75193058338,0,0,0.01,1.0,Low Risk
473,Germany,Female,46,0,211232.02088324807,1,1,1,191917.0577831416,1,2,0.8,80.0,High Risk
467,Germany,Female,21,10,116478.46512939713,4,1,0,63968.589995959366,1,4,0.96,96.0,High Risk
469,Germany,Male,90,7,209427.4365985318,1,0,0,195972.04162247348,0,0,0.02,2.0,Low Risk
692,Germany,Female,81,0,138901.30586554902,2,0,0,178105.62790173633,1,3,0.92,92.0,High Risk
493,France,Male,60,9,199041.94929542,1,0,1,72384.79900437446,1,4,1.0,100.0,High Risk
816,Germany,Female,29,7,92963.75204930938,3,1,0,172816.13945231674,0,1,0.04,4.0,Low Risk
328,France,Female,67,4,236348.46013660985,3,0,1,179461.9861871404,0,0,0.03,3.0,Low Risk
464,Germany,Male,85,3,166789.6806156278,3,1,1,7227.301646015165,0,2,0.11,11.0,Low Risk
721,France,Male,78,7,148872.6360994848,4,1,0,175193.71423833133,0,0,0.0,0.0,Low Risk
638,Germany,Female,90,7,88089.17095604788,3,0,1,86654.5890906395,0,0,0.12,12.0,Low Risk
795,Germany,Male,68,10,234295.99472611916,1,1,0,162270.6797063405,0,2,0.1,10.0,Low Risk
664,France,Male,22,7,84433.6000569193,3,0,0,22241.686652029715,0,0,0.0,0.0,Low Risk
641,Spain,Female,45,2,208964.85880652652,4,1,1,34445.68028507785,0,0,0.0,0.0,Low Risk
799,Spain,Male,27,7,101077.05398208476,3,0,1,195755.43712207803,0,0,0.02,2.0,Low Risk
810,Spain,Male,69,0,191796.00037539873,3,1,0,83241.9410882798,0,0,0.0,0.0,Low Risk
626,France,Female,34,3,227969.4788951833,4,1,1,159693.08270274306,0,0,0.0,0.0,Low Risk
516,Spain,Female,82,4,116401.77924018708,4,0,0,150051.319495785,0,0,0.0,0.0,Low Risk
600,Spain,Male,38,5,131533.80306002463,3,0,0,157211.99363671686,0,0,0.0,0.0,Low Risk
431,France,Female,71,4,82585.72648319637,2,1,1,152926.82993282386,0,2,0.08,8.0,Low Risk
369,Spain,Male,66,4,13673.918193793794,3,1,0,182792.77627660573,1,1,0.55,55.0,Medium Risk
551,Spain,Male,39,4,163120.29949543002,1,1,1,118521.44925496266,0,1,0.0,0.0,Low Risk
714,Spain,Male,86,8,29910.631134763917,4,0,0,85096.7058652451,0,0,0.04,4.0,Low Risk
744,France,Female,81,9,88514.73217391095,3,0,0,185046.72151137545,0,0,0.01,1.0,Low Risk
481,France,Male,53,9,87373.4774641024,2,0,0,71396.99313332382,1,5,1.0,100.0,High Risk
466,Spain,Male,38,2,37750.95486864363,3,0,0,126143.45073776056,0,0,0.01,1.0,Low Risk
390,Spain,Male,73,1,166677.5789785512,1,1,1,171045.06219600482,0,1,0.01,1.0,Low Risk
830,France,Female,90,9,43649.83270467304,4,1,0,183204.32157182248,1,1,0.15,15.0,Low Risk
338,Spain,Female,65,1,194584.08729493615,1,1,0,189886.5299312573,0,1,0.03,3.0,Low Risk
425,France,Female,35,7,62319.767875137906,2,1,1,131989.94831341947,0,0,0.0,0.0,Low Risk
750,Spain,Male,32,4,71821.87150727864,1,0,0,144042.8711809794,0,0,0.0,0.0,Low Risk
472,France,Male,61,4,85932.07551333273,1,0,1,99509.16410155584,1,4,0.99,99.0,High Risk
519,Germany,Female,62,5,38188.14022131392,4,0,0,56985.6491783288,0,0,0.01,1.0,Low Risk
357,Germany,Male,53,8,108566.12165592944,1,0,1,3245.743309201015,1,7,0.98,98.0,High Risk
775,France,Male,57,6,20081.28105580745,2,1,0,44415.92667457941,1,6,0.99,99.0,High Risk
755,Germany,Male,68,4,106779.0211745449,2,1,1,195992.06915292237,0,0,0.02,2.0,Low Risk
660,Spain,Male,47,4,84978.03310851488,4,0,0,161278.302155466,0,1,0.01,1.0,Low Risk
300,France,Female,43,9,84566.36180252436,2,1,1,95812.40666060503,0,0,0.0,0.0,Low Risk
686,France,Female,48,8,165168.5629613309,2,1,1,68724.78545701338,0,1,0.0,0.0,Low Risk
647,Spain,Female,73,8,192255.71861956283,2,1,0,12878.230937890805,1,2,0.73,73.0,Medium Risk
489,Spain,Male,78,1,88999.6305638151,2,0,1,2037.271712601938,0,2,0.05,5.0,Low Risk
804,France,Male,34,6,65503.673014995824,2,1,0,151014.56440655445,0,1,0.0,0.0,Low Risk
490,Spain,Female,41,9,123587.3586807526,2,0,0,197114.81758764817,0,0,0.01,1.0,Low Risk
807,France,Female,21,0,196929.76886866664,2,0,1,50773.244163628326,0,0,0.0,0.0,Low Risk
668,Spain,Female,26,3,161143.23783001467,3,1,0,54914.60793313078,0,1,0.0,0.0,Low Risk
708,France,Male,19,1,9500.33694390612,2,0,0,186935.6276462566,0,0,0.01,1.0,Low Risk
416,Spain,Female,52,9,119982.38093630256,4,0,1,120416.34238183574,0,1,0.0,0.0,Low Risk
433,Spain,Male,55,8,247741.26591063576,3,0,0,34770.48779522621,0,0,0.01,1.0,Low Risk
357,Germany,Female,62,5,88281.8819202206,2,0,1,9146.845613107434,0,1,0.0,0.0,Low Risk
472,Germany,Male,32,3,110179.20034863192,2,0,1,112719.52640449176,0,0,0.0,0.0,Low Risk
448,Germany,Male,59,2,71851.68285468446,4,0,1,90516.92982961865,1,4,0.98,98.0,High Risk
379,Spain,Female,20,3,124423.6723979568,2,0,1,86424.55742912434,0,0,0.02,2.0,Low Risk
512,France,Male,48,1,40230.330642260866,3,0,0,193853.16801590697,0,1,0.0,0.0,Low Risk
502,Spain,Male,69,4,61753.40998894019,3,0,0,52582.87435949385,0,0,0.0,0.0,Low Risk
528,Germany,Female,58,8,177934.07709969368,4,0,1,97603.23893296496,0,1,0.03,3.0,Low Risk
526,Spain,Female,74,5,34571.69842160085,2,1,1,42676.66927269014,0,2,0.03,3.0,Low Risk
831,Germany,Female,59,1,231535.9409102402,4,1,1,64364.61220933557,0,1,0.13,13.0,Low Risk
740,Germany,Male,70,5,76990.10212448845,2,0,1,153181.01597033857,0,0,0.0,0.0,Low Risk
701,France,Male,73,8,143756.27422966,3,0,1,39468.12562297392,1,1,0.63,63.0,Medium Risk
346,France,Female,89,3,80457.66939162702,2,1,0,135300.1315422871,0,1,0.02,2.0,Low Risk
532,Germany,Female,70,0,119507.69394370206,2,0,0,25937.591567658434,1,6,0.98,98.0,High Risk
604,Germany,Male,49,1,225950.33201200067,3,0,1,38122.643466026195,0,1,0.01,1.0,Low Risk
825,Spain,Female,71,4,17144.320461781077,3,1,1,4628.430996807471,0,0,0.0,0.0,Low Risk
442,Germany,Female,54,9,214085.65667685197,3,1,0,126096.61280147724,0,0,0.01,1.0,Low Risk
714,Spain,Male,25,6,139393.421688772,2,1,1,198064.19433460064,0,4,0.33,33.0,Low Risk
812,Germany,Male,28,7,166267.8146718429,4,0,1,131298.50358475064,0,0,0.0,0.0,Low Risk
672,France,Female,71,2,13971.766698416292,3,1,1,184665.01200070855,0,1,0.0,0.0,Low Risk
558,France,Male,77,8,190349.7793296099,2,1,1,105286.31716417316,0,0,0.01,1.0,Low Risk
770,Germany,Male,27,1,31944.603677621668,4,1,0,136060.4813050851,0,1,0.0,0.0,Low Risk
311,Spain,Female,87,3,241205.29494751524,1,0,0,185107.3377213525,1,6,0.91,91.0,High Risk
629,Spain,Female,59,3,199821.8190616614,1,1,0,17252.94069286498,0,0,0.0,0.0,Low Risk
657,Spain,Female,54,5,123216.9947096038,2,1,1,119491.4451173217,0,1,0.04,4.0,Low Risk
707,Germany,Male,75,9,231041.73930752155,2,0,1,115110.03979575206,0,2,0.12,12.0,Low Risk
672,Germany,Female,76,5,42268.32054118035,3,0,1,6639.966190629611,0,3,0.85,85.0,High Risk
307,France,Male,41,2,247915.99096959425,2,0,1,31248.30221562729,0,0,0.0,0.0,Low Risk
421,France,Female,45,8,179204.7612526866,4,0,0,110474.37139010224,0,1,0.0,0.0,Low Risk
647,Germany,Male,54,10,24594.47840481066,2,0,1,99540.04761910216,0,0,0.0,0.0,Low Risk
389,France,Male,38,4,134147.87603454213,4,0,0,68772.22772492736,0,1,0.01,1.0,Low Risk
615,Spain,Female,50,1,177719.0921155996,4,0,1,139546.5477054796,1,5,0.96,96.0,High Risk
477,Spain,Male,19,5,153255.56541956327,3,1,0,72052.78183425816,0,0,0.0,0.0,Low Risk
839,Germany,Female,45,2,105987.34973562004,4,1,1,153776.06356073046,0,0,0.01,1.0,Low Risk
340,Spain,Female,32,7,62035.71399063867,2,0,0,161849.36704819114,0,0,0.0,0.0,Low Risk
801,Germany,Male,18,2,59557.37334439792,4,1,0,128919.17816623756,0,1,0.05,5.0,Low Risk
444,Spain,Male,45,4,231737.5928655626,1,1,1,55803.403185207535,0,0,0.0,0.0,Low Risk
500,Germany,Male,67,3,58685.18767075137,4,0,1,160533.59365568604,0,0,0.01,1.0,Low Risk
760,Spain,Female,52,3,240601.2585133067,2,1,1,50364.921061183835,0,2,0.05,5.0,Low Risk
846,Spain,Female,45,1,52556.471160634945,3,1,0,60608.87376435898,0,2,0.04,4.0,Low Risk
552,France,Female,26,7,96070.94468074047,2,1,1,121765.00744869203,0,0,0.0,0.0,Low Risk
689,France,Female,41,2,3080.856604173038,2,1,0,137812.23617252105,0,0,0.0,0.0,Low Risk
555,France,Female,80,3,225785.98484921103,2,1,0,74264.35638777856,0,0,0.0,0.0,Low Risk
749,France,Female,21,5,26087.91883300349,1,1,0,118281.61923739476,0,1,0.01,1.0,Low Risk
309,France,Male,73,8,89332.31485551767,3,1,1,49605.24292265618,0,0,0.0,0.0,Low Risk
541,France,Female,58,3,210629.5535813157,1,0,1,158965.09040758258,1,6,0.98,98.0,High Risk
550,Germany,Female,84,2,197974.48468698797,4,0,1,198425.7096054402,0,1,0.03,3.0,Low Risk
304,Germany,Female,65,4,210375.25501781475,4,1,1,139676.61086510267,0,0,0.0,0.0,Low Risk
418,France,Female,75,8,228526.89769373825,1,1,0,63879.847563108546,0,0,0.0,0.0,Low Risk
673,Germany,Male,56,0,227767.69716242485,3,0,1,69757.99376462189,0,0,0.0,0.0,Low Risk
364,France,Male,42,4,192624.7911134773,4,1,0,6114.786710160686,0,1,0.0,0.0,Low Risk
445,Germany,Male,77,10,145605.91610753,3,0,1,129394.1743550845,0,1,0.02,2.0,Low Risk
523,Spain,Female,64,3,140387.31665952786,1,1,1,120008.23205248252,0,2,0.05,5.0,Low Risk
538,Germany,Female,78,4,3229.8836583232182,4,1,0,190918.1788932284,0,0,0.02,2.0,Low Risk
476,Germany,Female,44,6,180642.56701492405,1,0,1,80432.88570896671,0,1,0.0,0.0,Low Risk
581,Germany,Male,59,6,56669.17880983382,4,0,0,186585.49048603547,0,0,0.02,2.0,Low Risk
362,Spain,Female,69,6,207174.35472334895,2,1,0,152051.9700831491,0,0,0.0,0.0,Low Risk
516,France,Female,65,0,138451.02128980536,3,1,1,57607.74366909189,0,1,0.01,1.0,Low Risk
760,Germany,Male,49,8,246811.96997469553,1,0,1,3296.4102748872506,1,6,0.98,98.0,High Risk
404,Germany,Male,41,6,52568.371026088134,2,1,0,145334.96522402938,0,1,0.0,0.0,Low Risk
398,Spain,Female,20,3,180866.34030671723,1,1,1,99274.58418535323,1,7,0.97,97.0,High Risk
810,France,Male,44,3,136883.4421273302,1,1,1,192371.58100052545,0,0,0.01,1.0,Low Risk
684,Germany,Female,90,1,232951.71114834672,3,0,0,4430.808646011551,1,2,0.71,71.0,Medium Risk
704,Spain,Female,57,5,66498.42705297782,1,1,0,104385.74448851708,0,0,0.01,1.0,Low Risk
817,France,Male,40,9,14859.399395113329,3,0,0,157766.73704850746,0,1,0.01,1.0,Low Risk
775,France,Female,24,2,135966.4083256774,1,1,1,157956.64181320704,0,0,0.0,0.0,Low Risk
736,Germany,Male,54,0,130403.25526022288,4,1,1,134415.17426635124,0,0,0.0,0.0,Low Risk
322,Germany,Male,24,4,77926.80499848994,2,1,1,78880.55166425131,0,0,0.01,1.0,Low Risk
757,Germany,Female,39,5,246634.44942092703,4,1,0,13457.867225999713,0,0,0.03,3.0,Low Risk
382,Germany,Male,34,10,17427.856038531365,3,0,1,60358.79705747493,0,0,0.0,0.0,Low Risk
444,Spain,Female,36,4,142380.02448751274,3,0,1,130233.9656095023,0,1,0.0,0.0,Low Risk
384,Spain,Female,56,4,65054.22796768576,2,1,0,154214.0718423754,1,4,0.99,99.0,High Risk
377,Germany,Male,53,9,478.0029142391895,3,1,1,163477.86477279814,0,1,0.03,3.0,Low Risk
756,France,Male,32,10,246962.2843712427,4,1,1,154818.50727243783,0,0,0.0,0.0,Low Risk
300,Germany,Male,80,7,120403.20917725866,2,0,0,64765.11384475508,0,1,0.01,1.0,Low Risk
350,France,Female,46,9,214297.62337404527,3,1,1,138820.86407035193,1,4,0.97,97.0,High Risk
745,France,Female,77,0,210016.8099127838,3,0,0,193816.06029692243,1,4,0.96,96.0,High Risk
748,France,Female,73,7,203069.5916660423,3,0,1,27308.957413027536,1,3,0.89,89.0,High Risk
787,Spain,Female,57,10,114754.31318703188,3,1,1,146274.96288617232,0,1,0.01,1.0,Low Risk
333,France,Female,33,6,223981.5794637556,1,0,0,82002.10470399492,0,0,0.01,1.0,Low Risk
647,France,Female,50,0,91818.05726287758,1,1,1,45006.47991133876,0,0,0.0,0.0,Low Risk
394,Spain,Female,33,8,102096.72956692587,1,0,1,64015.30671774116,0,2,0.1,10.0,Low Risk
371,France,Male,47,3,63926.298962691864,3,1,0,33302.73866468339,0,0,0.01,1.0,Low Risk
453,France,Female,83,6,112021.26897564525,1,0,1,163070.32118386225,0,1,0.01,1.0,Low Risk
549,Germany,Female,61,2,246625.05070285252,3,1,0,77498.41440740343,1,4,1.0,100.0,High Risk
737,France,Male,55,7,143310.16556339842,4,0,0,187524.49368724664,0,0,0.0,0.0,Low Risk
417,France,Female,68,3,207774.43737989137,3,0,1,193277.5472290654,1,2,0.82,82.0,High Risk
605,France,Female,77,1,65835.72938631139,2,1,1,193148.81344689275,0,0,0.0,0.0,Low Risk
567,France,Male,35,1,238980.1729648807,2,1,1,31150.72382262534,0,0,0.0,0.0,Low Risk
353,France,Female,22,7,3293.304679298947,2,0,0,69283.74773359943,0,0,0.01,1.0,Low Risk
535,Spain,Male,57,7,232561.30472874793,3,0,0,62083.86802541251,0,0,0.01,1.0,Low Risk
688,France,Female,23,0,224500.9725763877,2,0,0,184536.50278394765,0,1,0.01,1.0,Low Risk
700,France,Female,29,5,16839.054110056208,2,0,0,17304.17878524066,0,2,0.05,5.0,Low Risk
602,Spain,Male,29,8,151211.68182741644,3,0,1,117727.19729296444,0,0,0.01,1.0,Low Risk
506,Spain,Male,90,8,196311.0131164048,3,1,1,97079.64304977808,0,0,0.02,2.0,Low Risk
528,France,Female,39,1,100951.97023579331,1,0,0,195254.14541486284,0,2,0.06,6.0,Low Risk
374,France,Female,66,7,22964.32850051336,3,0,0,192660.29204300095,0,0,0.01,1.0,Low Risk
734,France,Male,67,7,207349.98188125785,1,0,0,84805.48014232997,1,4,1.0,100.0,High Risk
402,Germany,Female,21,3,116624.5793856733,3,0,1,88280.39294934532,1,8,0.98,98.0,High Risk
721,Germany,Male,67,3,65812.52535422561,4,1,1,76913.13434390766,0,1,0.01,1.0,Low Risk
605,France,Male,20,4,17713.8601072889,2,1,1,157836.53661455488,0,0,0.0,0.0,Low Risk
397,Spain,Male,33,10,160042.96115507168,4,0,0,20045.217749706742,0,0,0.01,1.0,Low Risk
634,France,Female,31,9,10575.465268143153,3,0,0,23238.218720474408,1,5,0.98,98.0,High Risk
734,Spain,Female,81,6,197773.46604600752,4,0,0,140941.5111687564,0,0,0.03,3.0,Low Risk
746,Spain,Female,58,0,192688.00107784048,1,0,1,3347.185559983354,1,8,0.93,93.0,High Risk
607,Spain,Male,85,10,80735.67523387421,3,1,1,134209.24292882756,0,0,0.01,1.0,Low Risk
548,France,Female,76,8,118071.83546871484,3,1,0,25747.91910962496,1,4,1.0,100.0,High Risk
465,France,Male,19,2,167304.90145383682,4,1,0,157239.25395236356,0,1,0.09,9.0,Low Risk
780,Spain,Male,27,10,239780.96401597996,2,0,1,147930.29329926052,0,2,0.08,8.0,Low Risk
634,Germany,Female,43,3,130037.75624923974,3,0,0,36460.23717506343,0,0,0.0,0.0,Low Risk
841,Germany,Female,21,6,249169.9347884441,2,0,1,151388.97224295585,0,1,0.01,1.0,Low Risk
405,Germany,Male,45,4,81276.44720544225,4,0,0,158048.21404598752,1,7,0.99,99.0,High Risk
380,Spain,Female,19,4,131622.98665344008,4,1,0,185113.16741129672,0,0,0.0,0.0,Low Risk
432,France,Male,83,0,28903.88950417616,4,0,0,144891.68776061668,1,1,0.69,69.0,Medium Risk
437,Spain,Female,33,1,139109.89351809298,1,0,1,173521.55800087756,0,1,0.01,1.0,Low Risk
483,Germany,Male,74,4,134078.32739035864,3,1,1,127499.57283235111,0,0,0.01,1.0,Low Risk
700,France,Female,40,1,212203.47861451007,4,0,0,125107.01861848967,0,0,0.01,1.0,Low Risk
629,Spain,Male,40,0,249137.89606303495,4,0,0,135072.04089572068,0,1,0.03,3.0,Low Risk
807,Spain,Female,38,9,246544.52810506168,1,0,1,81276.2179504856,0,1,0.0,0.0,Low Risk
368,Germany,Male,42,2,59075.29892128227,3,0,1,45722.46785339169,0,0,0.0,0.0,Low Risk
845,Spain,Male,75,10,84611.38841561311,2,1,0,82668.80584174649,0,2,0.12,12.0,Low Risk
352,France,Male,54,0,68664.25008198788,3,1,1,118682.10981232954,0,1,0.01,1.0,Low Risk
749,Germany,Male,66,9,49919.887834343615,4,0,0,138004.16800779413,0,0,0.01,1.0,Low Risk
504,Germany,Male,32,7,37534.00330410414,2,1,0,91346.15738382944,0,0,0.02,2.0,Low Risk
425,France,Male,45,7,127936.00314196612,1,0,1,66028.78541885408,0,1,0.0,0.0,Low Risk
342,Germany,Female,84,7,218124.6955992258,1,1,1,49385.74349355086,0,0,0.01,1.0,Low Risk
410,Spain,Male,21,6,147466.89206519898,4,1,1,36647.96934655558,0,2,0.03,3.0,Low Risk
482,Spain,Male,64,6,218165.91257171615,2,1,0,95279.22114203272,0,0,0.0,0.0,Low Risk
394,Germany,Female,67,1,239873.6569792476,3,0,1,141281.1067986629,0,0,0.0,0.0,Low Risk
673,France,Female,77,8,95785.35523877536,4,0,0,165971.33661435987,0,0,0.01,1.0,Low Risk
819,Spain,Male,79,6,208916.9516792807,2,0,1,69068.94369224545,0,2,0.15,15.0,Low Risk
659,France,Female,84,4,13083.80473493606,2,0,1,122236.74197041668,0,0,0.01,1.0,Low Risk
580,Spain,Female,89,3,120268.28817205416,2,1,0,95546.8273914449,1,2,0.72,72.0,Medium Risk
494,Spain,Male,60,7,92074.1301834678,2,1,0,193252.77266453177,1,1,0.04,4.0,Low Risk
494,Germany,Male,75,4,51212.97154105816,1,0,0,176479.7509845122,1,1,0.1,10.0,Low Risk
392,Germany,Female,69,5,109598.20241083553,2,1,0,176455.8672745167,0,0,0.01,1.0,Low Risk
360,France,Female,86,3,110925.63385308598,2,1,0,115844.42605213128,0,0,0.04,4.0,Low Risk
350,Germany,Female,63,1,202134.8982316956,4,1,0,87372.14959984952,0,0,0.01,1.0,Low Risk
702,Spain,Female,42,6,217229.6529176779,1,0,1,130374.90486643925,0,0,0.0,0.0,Low Risk
304,Spain,Female,42,1,164237.60608075542,1,0,1,31938.891623659,0,0,0.0,0.0,Low Risk
765,France,Female,52,10,158347.03936164014,1,1,0,176595.71810026842,0,3,0.3,30.0,Low Risk
833,France,Male,78,6,27545.595953184176,3,0,0,54253.84036004999,0,3,0.33,33.0,Low Risk
704,Spain,Female,32,6,143815.45302516755,3,0,1,165381.548949297,0,0,0.0,0.0,Low Risk
812,Germany,Male,91,0,68611.19201648993,1,1,1,59707.222700975384,0,0,0.02,2.0,Low Risk
532,Germany,Male,52,9,73690.68202735379,4,0,0,104408.68929825794,1,6,1.0,100.0,High Risk
823,France,Female,46,9,23693.66306602286,2,1,0,154457.54304508815,1,5,0.99,99.0,High Risk
645,France,Male,55,2,158967.03822176985,2,0,1,78753.84418357744,0,0,0.01,1.0,Low Risk
345,Spain,Female,86,2,145952.10237936696,1,0,0,71607.17504310784,0,3,0.21,21.0,Low Risk
845,Spain,Male,41,10,55068.14179121519,1,1,1,177575.56199094595,0,1,0.01,1.0,Low Risk
377,France,Female,36,5,65759.2308884921,3,0,0,13791.109470389854,0,1,0.01,1.0,Low Risk
372,Spain,Male,63,10,193250.29651536405,1,0,0,168308.4412560568,0,1,0.0,0.0,Low Risk
548,France,Female,66,2,198233.34090772207,3,1,1,185640.40839686623,0,0,0.02,2.0,Low Risk
346,France,Male,61,8,123271.16201345342,1,0,0,112636.5596804532,0,0,0.0,0.0,Low Risk
420,Germany,Female,90,4,37250.67390644113,2,0,1,139197.1585161411,0,0,0.01,1.0,Low Risk
513,France,Male,43,5,13898.095270436172,1,1,1,172290.94443094093,0,0,0.0,0.0,Low Risk
538,Spain,Male,42,5,67867.21577461061,2,1,0,87111.2198551254,0,0,0.0,0.0,Low Risk
355,Germany,Male,52,7,182796.44572347743,1,1,0,175758.79621069398,0,0,0.0,0.0,Low Risk
649,Germany,Female,53,9,150204.158084696,3,1,1,74458.54616196104,0,0,0.0,0.0,Low Risk
406,Spain,Female,31,10,179526.6921888542,1,1,1,61301.21865659668,0,0,0.0,0.0,Low Risk
347,Spain,Female,73,2,117936.99519956743,4,1,1,196640.27625631695,0,0,0.0,0.0,Low Risk
636,Spain,Female,23,8,188676.4705067736,2,1,1,6239.287849882941,0,1,0.0,0.0,Low Risk
325,France,Female,49,6,120201.44856715844,2,1,0,63918.96376703308,0,0,0.01,1.0,Low Risk
556,Germany,Male,43,10,21003.68817064424,2,0,0,91715.42707240376,0,1,0.01,1.0,Low Risk
307,France,Female,32,5,19964.573848316097,1,0,1,62183.74590763404,0,0,0.0,0.0,Low Risk
552,France,Female,66,10,207875.6798106741,4,1,1,56439.75660932025,0,0,0.02,2.0,Low Risk
602,France,Male,73,0,157406.08355146064,4,0,1,74142.43863814163,0,0,0.0,0.0,Low Risk
355,France,Female,54,3,69781.76477760267,3,1,1,79618.21917906035,0,2,0.19,19.0,Low Risk
825,Germany,Female,70,4,189293.85951046177,3,1,1,14330.098118550648,1,8,1.0,100.0,High Risk
773,Germany,Female,75,1,33933.826895817,3,0,1,155050.6414984252,0,2,0.44,44.0,Low Risk
327,France,Female,53,0,161310.8648022645,4,1,1,33657.68620488762,0,1,0.02,2.0,Low Risk
377,Spain,Female,28,1,247371.487440292,2,0,1,8213.899263606576,0,3,0.26,26.0,Low Risk
515,Germany,Female,44,7,37504.88658734927,2,1,0,118079.92806745332,0,1,0.0,0.0,Low Risk
685,France,Male,19,9,35486.218813063824,3,1,0,133722.04144011778,0,1,0.01,1.0,Low Risk
664,Spain,Female,39,5,116958.60279383844,3,0,1,152058.23004874805,0,0,0.0,0.0,Low Risk
825,Spain,Female,83,9,160665.3521000943,1,1,1,17565.986008366144,1,5,1.0,100.0,High Risk
611,France,Female,34,1,6636.584074985741,1,1,0,34353.28026546964,0,0,0.0,0.0,Low Risk
306,Germany,Male,21,8,124917.72799037102,4,0,1,36471.658839644166,0,0,0.0,0.0,Low Risk
302,Spain,Male,31,7,20792.58793882191,1,1,1,118732.1187492128,0,0,0.0,0.0,Low Risk
662,Germany,Male,24,3,60330.9442007027,3,1,1,177945.38550895915,0,0,0.01,1.0,Low Risk
807,Germany,Male,33,10,178099.40494778418,3,0,1,141288.3456535552,0,1,0.01,1.0,Low Risk
573,Spain,Female,83,9,184716.23689419,3,1,0,62948.33816126377,0,1,0.0,0.0,Low Risk
805,France,Male,36,6,182433.1126424728,2,1,1,170633.50549642884,0,0,0.0,0.0,Low Risk
314,Spain,Female,18,2,16286.58351219317,3,0,0,133962.02388601322,1,3,0.76,76.0,High Risk
491,Spain,Female,48,5,196690.77718509393,1,1,0,137692.52449448552,0,0,0.0,0.0,Low Risk
784,Germany,Female,21,2,108051.75121929232,4,1,0,191472.4544737076,0,0,0.02,2.0,Low Risk
327,France,Male,75,9,118827.39501278628,1,1,0,190073.42461175215,0,0,0.0,0.0,Low Risk
338,Germany,Female,73,2,104922.61822637408,2,1,0,77140.68128573998,1,8,0.98,98.0,High Risk
572,Spain,Male,70,10,214255.59375230357,1,1,0,127170.6409761634,0,1,0.01,1.0,Low Risk
530,France,Female,60,8,169992.59076983322,1,0,0,40412.03909219859,0,1,0.0,0.0,Low Risk
385,France,Male,91,5,125006.460422613,2,0,1,82388.33166849829,0,1,0.02,2.0,Low Risk
773,France,Male,66,7,208571.75548155315,1,1,0,54689.86204439164,0,0,0.0,0.0,Low Risk
425,France,Female,77,3,201340.87410071812,2,1,0,73479.31643150428,0,0,0.0,0.0,Low Risk
836,France,Female,33,3,1261.0409598990957,1,1,0,135084.51867383922,0,0,0.01,1.0,Low Risk
444,Spain,Female,90,7,119719.99115627357,2,1,1,42056.93301232372,1,5,0.98,98.0,High Risk
824,Spain,Male,77,6,10561.52739695332,4,0,1,36073.99255187694,0,0,0.0,0.0,Low Risk
511,Spain,Male,64,4,76796.62040434557,4,1,1,75873.887351042,0,2,0.07,7.0,Low Risk
324,Germany,Male,32,1,200959.33586562777,2,0,1,19636.605666857173,0,0,0.01,1.0,Low Risk
693,France,Female,80,5,236013.0880269826,3,1,0,162780.6100442537,0,0,0.0,0.0,Low Risk
366,France,Male,45,0,60516.66517113086,2,1,0,191700.13345484363,1,5,1.0,100.0,High Risk
532,Spain,Female,37,6,5356.287208715199,1,1,1,160269.3365826035,0,0,0.0,0.0,Low Risk
408,France,Male,80,8,100584.08594355371,3,1,1,106286.29818890426,0,0,0.0,0.0,Low Risk
445,Germany,Male,50,4,83779.70966995963,3,1,1,134830.58638714743,0,0,0.01,1.0,Low Risk
410,France,Male,53,4,169241.54568221024,3,1,1,161117.6208686689,1,6,1.0,100.0,High Risk
527,France,Female,30,6,123764.41811210064,2,0,1,13654.9973665376,0,0,0.0,0.0,Low Risk
410,Germany,Female,79,4,99711.81586788452,2,0,0,83630.618530138,0,0,0.0,0.0,Low Risk
769,Spain,Female,85,9,57388.899426708245,3,0,1,28764.64887043265,0,1,0.01,1.0,Low Risk
333,Spain,Male,40,3,207120.099645924,2,1,0,18157.68924345357,0,1,0.0,0.0,Low Risk
668,France,Male,89,0,62097.32170155749,4,1,0,151797.02212661237,0,1,0.08,8.0,Low Risk
724,Germany,Male,30,5,13683.744760884658,1,0,0,171615.58984366266,0,0,0.0,0.0,Low Risk
817,Spain,Male,57,8,141152.62711600272,1,0,1,16768.32871997352,0,0,0.01,1.0,Low Risk
581,Spain,Female,47,3,79337.18655245783,1,0,1,35768.57451764847,0,1,0.01,1.0,Low Risk
619,Spain,Male,42,9,178108.78435995284,2,1,0,44172.02132758783,0,0,0.0,0.0,Low Risk
742,France,Male,90,10,20217.917106458845,1,1,1,171392.04999546474,1,4,0.98,98.0,High Risk
614,Germany,Female,43,3,241576.8911063076,4,1,1,182714.6572743268,0,2,0.05,5.0,Low Risk
676,France,Female,41,4,46714.50390085394,1,0,1,152997.36541096977,0,0,0.0,0.0,Low Risk
588,Spain,Female,56,5,89264.22432662234,4,1,1,159277.38735936568,0,0,0.0,0.0,Low Risk
736,Germany,Male,78,2,120238.7400129432,2,1,1,68544.40378494194,1,5,1.0,100.0,High Risk
576,France,Female,66,8,222529.3772061102,2,0,1,81668.86154459785,1,4,1.0,100.0,High Risk
802,Spain,Male,58,0,180635.22166644307,1,0,0,56105.048678218634,0,1,0.06,6.0,Low Risk
815,Spain,Female,87,10,36207.1161735826,3,0,1,191676.4413708819,0,2,0.1,10.0,Low Risk
649,France,Male,37,5,109653.40623670295,4,1,1,145534.00718965734,0,0,0.0,0.0,Low Risk
745,Spain,Male,61,5,135727.96624812056,3,0,0,68275.7360301793,1,3,0.85,85.0,High Risk
649,Spain,Male,33,7,175531.4310700084,4,1,0,27143.70535558249,0,1,0.02,2.0,Low Risk
436,Germany,Male,38,4,142953.58289933502,2,1,0,38969.99328851836,0,0,0.02,2.0,Low Risk
542,Spain,Male,32,8,114333.72166966926,2,1,1,40824.682972230985,0,0,0.0,0.0,Low Risk
842,France,Male,56,8,191386.9124069925,4,1,1,122966.07261474538,1,6,0.98,98.0,High Risk
339,Germany,Female,59,1,94514.40711916346,4,1,1,180592.2387190417,0,0,0.01,1.0,Low Risk
528,France,Male,78,4,246793.17698535908,2,0,1,173736.8632708814,1,5,1.0,100.0,High Risk
847,Spain,Male,21,6,236945.62705521553,4,0,0,13952.808294664292,0,0,0.08,8.0,Low Risk
522,Germany,Male,41,1,176845.10114957002,4,0,1,141814.26421397965,0,0,0.0,0.0,Low Risk
305,Germany,Male,20,6,220652.98105044663,3,0,0,33545.55287533479,0,0,0.02,2.0,Low Risk
621,Germany,Female,18,8,98293.87901759143,1,1,1,62078.59984960499,0,0,0.0,0.0,Low Risk
767,Germany,Male,30,7,145367.55529949456,3,0,0,108765.9001813909,0,0,0.0,0.0,Low Risk
374,France,Male,71,9,68163.79100773153,2,1,1,168185.2303572638,1,6,0.99,99.0,High Risk
303,Spain,Female,57,8,221409.8258453919,3,0,1,47356.73482155399,1,8,0.98,98.0,High Risk
417,Spain,Male,28,3,117756.25954874276,2,1,1,174767.31716853366,0,0,0.0,0.0,Low Risk
803,Germany,Female,59,7,134035.90296991743,4,1,1,146950.87448995182,0,0,0.0,0.0,Low Risk
740,Spain,Male,21,8,216141.8661517339,1,1,1,134855.88968860204,0,1,0.01,1.0,Low Risk
493,France,Male,42,9,199319.62697983332,2,0,1,26589.62526613641,0,0,0.0,0.0,Low Risk
691,Spain,Female,53,1,80435.79958796788,1,1,0,94850.43900553386,0,0,0.0,0.0,Low Risk
325,France,Female,81,9,21856.900889495904,1,0,0,55033.03132249964,1,0,0.66,66.0,Medium Risk
734,France,Female,61,2,40523.30050326533,3,1,0,117632.70421837314,1,4,0.98,98.0,High Risk
472,Spain,Male,57,0,84773.9633099141,2,1,0,134723.1423768588,0,0,0.03,3.0,Low Risk
599,France,Female,62,0,76322.70745789094,3,1,1,13082.83217057605,1,2,0.17,17.0,Low Risk
625,France,Female,25,9,9577.63731448258,4,0,0,128840.9537518434,0,0,0.0,0.0,Low Risk
709,France,Male,52,5,108016.28497621574,4,1,1,99628.07391587389,1,4,0.98,98.0,High Risk
417,France,Male,61,0,26462.584217494616,2,0,1,167739.94154633215,0,0,0.03,3.0,Low Risk
524,Germany,Male,35,4,55222.42986892467,2,0,0,158654.76457651754,0,0,0.0,0.0,Low Risk
831,Spain,Female,64,5,196870.79435547072,4,0,1,82600.30116501795,0,2,0.21,21.0,Low Risk
412,Germany,Male,42,8,123719.88679309606,2,1,0,195241.1731402037,1,3,0.89,89.0,High Risk
439,France,Female,58,5,93238.26395669112,3,1,0,117385.7902685518,0,1,0.0,0.0,Low Risk
300,Spain,Female,22,3,46358.833565966925,3,0,1,192729.3902692643,0,0,0.01,1.0,Low Risk
389,France,Female,81,0,216570.02660185905,2,0,0,143855.6044190222,0,1,0.0,0.0,Low Risk
619,Spain,Female,79,5,225922.44558997155,3,1,0,81516.1141523466,1,5,1.0,100.0,High Risk
849,Germany,Male,89,6,129669.50429871568,2,1,1,46763.34437769248,0,1,0.06,6.0,Low Risk
438,Spain,Male,20,4,230318.67931225945,3,1,0,93087.103556154,0,3,0.55,55.0,Medium Risk
810,France,Female,54,5,116197.24063206768,3,1,1,187210.2790579332,0,0,0.02,2.0,Low Risk
558,Spain,Female,58,9,26810.61840012969,1,1,1,26054.066678904062,0,0,0.01,1.0,Low Risk
309,Spain,Male,37,7,4259.894013242976,3,0,0,92068.78271505157,0,0,0.03,3.0,Low Risk
560,Germany,Male,84,0,32094.45153337492,2,1,1,69382.7550493177,0,0,0.0,0.0,Low Risk
471,France,Female,57,7,155664.08325495143,3,0,1,173456.0230385741,0,1,0.04,4.0,Low Risk
312,Spain,Female,25,10,80226.29924256452,3,1,0,160813.58053380402,0,0,0.01,1.0,Low Risk
467,Germany,Female,22,1,162077.25081746836,4,1,1,110432.13802191587,0,1,0.01,1.0,Low Risk
620,Spain,Female,42,1,126994.03081103422,2,1,0,83019.48087606595,0,1,0.0,0.0,Low Risk
618,France,Female,56,7,83253.14369275155,3,0,1,136839.19580327763,0,1,0.0,0.0,Low Risk
628,Spain,Male,54,1,54669.949874589955,1,0,0,190616.94123670197,0,0,0.01,1.0,Low Risk
849,Spain,Female,22,7,20260.935952362943,4,0,0,20241.30980823083,0,1,0.02,2.0,Low Risk
718,Spain,Male,25,4,195597.7653449668,1,0,1,179766.49996702356,0,0,0.01,1.0,Low Risk
394,Spain,Female,21,8,204751.04529136425,1,1,1,58853.15637682674,0,0,0.0,0.0,Low Risk
617,France,Male,58,8,135362.7032940028,4,1,0,853.3202692467981,0,1,0.03,3.0,Low Risk
535,Germany,Female,77,7,39273.66820369726,1,1,0,148202.96634284762,1,3,0.95,95.0,High Risk
633,Germany,Male,71,8,65882.26152656387,2,1,0,157687.12025635,0,0,0.02,2.0,Low Risk
675,Spain,Male,39,6,238786.31087289975,2,1,0,60958.71223193738,0,1,0.01,1.0,Low Risk
758,France,Female,36,7,56485.198448137126,1,0,1,155691.6580339397,0,0,0.0,0.0,Low Risk
436,France,Female,85,5,14201.20012696871,2,1,1,159605.6990763618,0,0,0.02,2.0,Low Risk
846,France,Male,50,8,137512.36797812738,3,0,0,135064.028279546,0,0,0.02,2.0,Low Risk
812,France,Male,39,1,65478.48938814315,3,0,1,7737.709781052739,0,0,0.01,1.0,Low Risk
595,France,Male,82,2,239358.7257013646,3,0,1,133487.0434969154,0,1,0.03,3.0,Low Risk
619,France,Female,28,1,143691.9736055134,1,0,0,186481.84139026477,0,0,0.0,0.0,Low Risk
648,Spain,Male,33,5,241453.6836760752,1,0,0,124066.83885043045,0,0,0.07,7.0,Low Risk
528,Germany,Female,85,2,196394.1574447404,2,0,0,73391.0232850562,0,0,0.01,1.0,Low Risk
569,Germany,Female,61,10,180771.2014040566,2,1,1,112700.66354732082,1,10,0.98,98.0,High Risk
590,Spain,Female,26,0,207591.1458466827,2,1,1,198629.24697922872,0,1,0.0,0.0,Low Risk
464,Germany,Female,89,3,151221.3835196377,1,1,1,94521.70131909146,0,0,0.03,3.0,Low Risk
304,France,Female,79,4,2780.323296915799,2,1,0,168311.72413155873,0,0,0.05,5.0,Low Risk
678,France,Female,32,10,98116.19572820504,3,0,1,27715.4612388329,0,0,0.0,0.0,Low Risk
377,Germany,Male,23,3,54754.521947081914,3,1,1,11305.615970332745,0,0,0.02,2.0,Low Risk
709,France,Male,18,5,108578.16834880144,4,0,0,78035.66531806847,0,1,0.02,2.0,Low Risk
431,France,Female,37,2,117637.3810414886,4,0,0,27563.1385206149,1,7,0.96,96.0,High Risk
341,Germany,Male,53,9,31957.76671215367,4,1,1,66112.20045979304,0,1,0.03,3.0,Low Risk
388,Spain,Male,19,5,5857.88722225733,3,0,1,143088.40998205458,0,0,0.0,0.0,Low Risk
701,Germany,Female,87,9,34550.07333700244,1,1,1,89103.13618248663,1,2,0.68,68.0,Medium Risk
595,Germany,Male,19,0,214356.78299579868,2,1,1,64249.63854570122,1,3,0.88,88.0,High Risk
594,Germany,Female,20,5,188963.54871306484,2,1,0,178301.86916820068,0,0,0.0,0.0,Low Risk
825,Germany,Female,24,7,199723.22621448335,1,1,1,1895.670788655717,0,2,0.08,8.0,Low Risk
721,Spain,Female,81,9,69076.65483351293,4,1,0,162807.52910069536,0,1,0.04,4.0,Low Risk
322,Spain,Female,58,7,59024.79750223294,1,1,0,124257.54558859392,0,0,0.02,2.0,Low Risk
442,France,Male,71,0,9343.10233932814,3,1,0,9300.677528888831,0,0,0.01,1.0,Low Risk
444,France,Male,58,6,118067.11528584236,1,1,1,6840.480923238357,0,0,0.01,1.0,Low Risk
524,Germany,Female,22,9,95602.21462169455,3,0,0,34388.401921413904,0,0,0.0,0.0,Low Risk
802,France,Male,80,9,208971.52507876817,3,1,1,195481.40050190903,0,1,0.02,2.0,Low Risk
403,Spain,Female,18,3,170466.88963160905,4,0,1,17150.926337492925,0,1,0.0,0.0,Low Risk
338,France,Female,42,5,36071.48371402041,2,0,1,147773.76294075022,0,2,0.07,7.0,Low Risk
497,France,Male,63,5,246788.78510681717,4,1,1,80324.41546988829,0,0,0.0,0.0,Low Risk
690,France,Male,32,4,192660.1832504389,3,1,1,47336.7642132047,0,0,0.0,0.0,Low Risk
478,Germany,Female,86,9,180059.37892092162,4,1,0,115005.14894842592,0,0,0.01,1.0,Low Risk
747,France,Male,34,8,54153.89565178519,2,1,1,73643.88021302961,0,0,0.0,0.0,Low Risk
799,Spain,Female,38,10,226289.150154058,4,1,1,62043.354773455416,0,0,0.03,3.0,Low Risk
314,Spain,Female,70,9,118480.19437194135,3,0,1,47932.05820132072,0,0,0.03,3.0,Low Risk
588,Spain,Male,72,7,74413.98821662157,2,1,1,91568.89082343612,0,1,0.0,0.0,Low Risk
777,Spain,Female,27,5,163708.39702626702,4,1,0,33929.301062861596,0,0,0.0,0.0,Low Risk
530,France,Male,74,3,52937.990246601505,1,0,1,170391.01704428834,0,0,0.0,0.0,Low Risk
719,Germany,Female,82,3,226891.4076845287,2,0,0,118352.63283068042,1,3,0.95,95.0,High Risk
456,Spain,Female,54,8,213585.91276674197,4,0,1,12585.669228855895,0,2,0.08,8.0,Low Risk
849,Spain,Female,24,3,116227.8423572892,1,0,0,91414.14358478112,1,3,0.91,91.0,High Risk
740,Germany,Female,57,6,47664.3554081625,2,0,0,125921.77447538706,1,3,0.94,94.0,High Risk
396,Germany,Female,67,5,124126.03089116528,1,1,0,172323.48691344252,1,6,0.98,98.0,High Risk
710,Spain,Male,18,1,37284.55438936787,4,1,1,4705.695933013602,0,0,0.0,0.0,Low Risk
588,Spain,Female,37,4,67462.22117209413,1,0,0,91260.52277354398,0,1,0.0,0.0,Low Risk
553,Germany,Male,48,2,120683.09764772755,1,0,1,141171.11930110332,0,1,0.02,2.0,Low Risk
495,Spain,Male,85,8,5284.935262201501,3,1,0,39233.60478281283,0,1,0.04,4.0,Low Risk
821,Spain,Male,29,9,191430.65088671705,1,0,1,44276.96275827949,0,0,0.0,0.0,Low Risk
816,France,Female,39,0,49228.71929641609,2,0,0,97939.85583930936,0,1,0.0,0.0,Low Risk
417,Germany,Male,18,9,216652.81432139257,1,0,1,176900.08131012518,0,0,0.01,1.0,Low Risk
458,France,Male,18,3,5564.956854965248,1,0,0,79660.27413086806,0,0,0.0,0.0,Low Risk
527,France,Male,20,3,133032.9226754452,2,1,0,96902.4402653203,0,2,0.04,4.0,Low Risk
515,Germany,Female,38,8,194162.73873598612,4,0,0,127155.2942545142,0,0,0.02,2.0,Low Risk
314,France,Female,30,0,59487.108328168586,4,0,1,62163.797538482526,0,0,0.0,0.0,Low Risk
456,Spain,Female,78,1,176888.2650528325,1,0,0,173418.52564629877,1,6,0.99,99.0,High Risk
560,France,Female,30,0,180216.95616335305,2,0,0,192372.29267027252,0,1,0.01,1.0,Low Risk
456,Germany,Male,50,0,159460.91647853647,1,0,1,130064.97176141811,1,3,0.89,89.0,High Risk
346,Spain,Female,23,0,91063.18284925114,2,1,1,127698.85266966264,0,0,0.0,0.0,Low Risk
623,Spain,Male,42,2,196266.1995373058,2,1,1,134713.42075723337,1,6,0.97,97.0,High Risk
429,Spain,Female,40,10,157108.42941884274,4,1,0,38787.47107597861,0,0,0.0,0.0,Low Risk
710,Spain,Male,43,3,147597.0522856356,1,1,0,146477.16200432414,0,0,0.0,0.0,Low Risk
394,France,Female,21,9,204790.31729171585,1,1,1,69401.99658182726,0,0,0.0,0.0,Low Risk
591,France,Female,52,1,61159.51077362758,1,0,0,198670.5996666824,1,8,0.96,96.0,High Risk
582,Spain,Female,42,0,58121.98838901822,1,0,1,150436.0103646138,0,1,0.0,0.0,Low Risk
368,Germany,Female,37,4,96611.72178723362,1,1,0,116757.47099382592,0,1,0.03,3.0,Low Risk
310,Spain,Male,18,5,18283.267167136823,1,1,1,182448.00271664123,0,1,0.0,0.0,Low Risk
553,France,Female,85,1,84348.36733796586,3,0,1,194008.3432335938,0,0,0.0,0.0,Low Risk
849,Spain,Female,40,2,101568.01963346692,1,1,0,163616.71861784364,1,7,0.94,94.0,High Risk
433,France,Female,39,9,123764.54571512982,3,1,1,151321.88510635795,0,0,0.0,0.0,Low Risk
322,Spain,Male,79,2,63503.36602523052,3,1,1,12140.746111701594,0,0,0.02,2.0,Low Risk
645,Germany,Female,18,1,226710.61192620997,3,1,1,141206.14255250106,0,1,0.02,2.0,Low Risk
601,Spain,Female,76,3,71269.59194419291,1,0,1,67157.5866109353,0,0,0.01,1.0,Low Risk
662,Germany,Male,85,4,212887.69437819897,2,1,1,185983.27973185593,1,3,0.73,73.0,Medium Risk
695,Germany,Male,36,7,111238.10906103862,4,1,1,122356.51583202629,0,2,0.03,3.0,Low Risk
517,Spain,Male,47,5,179539.1739809326,2,1,0,74136.98543073375,1,7,1.0,100.0,High Risk
440,Germany,Female,18,8,27725.596995975127,2,1,0,67802.2377695029,0,1,0.0,0.0,Low Risk
509,Germany,Male,65,2,136159.30506040234,1,0,0,110970.72865473817,0,0,0.02,2.0,Low Risk
759,France,Female,36,9,240206.47373570025,2,0,0,98304.6732999851,0,1,0.01,1.0,Low Risk
655,France,Male,69,8,166562.80234119383,2,0,0,78181.09878161123,0,1,0.01,1.0,Low Risk
623,Germany,Female,39,10,205072.31510924431,1,0,1,41698.65509108808,1,4,0.98,98.0,High Risk
432,Spain,Male,67,10,65267.61554438071,1,1,1,159296.5028467035,0,0,0.01,1.0,Low Risk
426,Germany,Male,83,3,200042.23022212,4,0,1,86687.85067240076,0,1,0.0,0.0,Low Risk
405,Spain,Male,23,7,87813.34530071041,4,1,1,19788.166525491357,0,1,0.0,0.0,Low Risk
677,France,Female,81,9,121269.52501157852,3,0,1,17089.87261585995,0,0,0.0,0.0,Low Risk
350,Spain,Male,38,6,46989.429426647075,4,0,0,47630.89060282862,1,3,0.88,88.0,High Risk
328,Germany,Female,36,6,121424.59700121764,1,1,0,110450.37551703716,0,0,0.0,0.0,Low Risk
761,Germany,Male,54,8,128925.46082641512,2,1,0,29604.177681056673,0,0,0.02,2.0,Low Risk
595,Germany,Male,80,9,155581.79457296073,1,0,1,43011.257357979615,1,6,0.99,99.0,High Risk
596,Germany,Male,46,1,217158.4485692593,1,0,1,100345.62646909185,1,4,0.97,97.0,High Risk
706,Germany,Female,77,4,76212.78868305765,2,1,1,43559.90098182663,1,5,0.98,98.0,High Risk
704,Spain,Female,51,2,246034.19393962185,4,1,0,171614.28878411604,0,1,0.06,6.0,Low Risk
645,Germany,Female,18,6,211922.48843888336,2,1,0,118005.81168354872,0,0,0.0,0.0,Low Risk
719,France,Male,65,2,100730.654881244,1,1,0,17174.444846001625,0,1,0.02,2.0,Low Risk
481,Germany,Female,38,4,56665.91048305064,4,1,0,27985.758762990095,0,0,0.0,0.0,Low Risk
300,Spain,Female,51,4,17873.644367255303,1,1,0,39042.85662100423,0,0,0.03,3.0,Low Risk
670,Germany,Male,43,1,58591.046983906046,1,1,0,125982.56865508723,1,6,0.94,94.0,High Risk
730,Germany,Male,53,10,221130.7304112606,4,1,0,21139.023868295815,1,4,0.99,99.0,High Risk
608,Spain,Female,40,0,73007.85285557449,2,0,1,8667.510413560887,0,0,0.01,1.0,Low Risk
436,Germany,Female,64,5,34494.95407301939,3,1,0,145694.7920250338,0,1,0.0,0.0,Low Risk
501,Spain,Male,61,0,5668.647356586815,4,1,0,95630.55357035802,0,0,0.0,0.0,Low Risk
735,Germany,Female,37,8,74420.0859194562,1,0,0,169760.13489310845,0,1,0.0,0.0,Low Risk
612,France,Male,44,9,54038.17753390058,1,1,1,158573.63420012122,0,0,0.0,0.0,Low Risk
416,Germany,Male,78,4,25550.58638632715,4,1,1,54708.805978707875,0,1,0.03,3.0,Low Risk
543,Spain,Female,54,0,237771.450303795,1,1,1,38459.931842839585,0,1,0.01,1.0,Low Risk
836,France,Female,69,7,66905.4688641614,3,0,0,103266.74139573865,0,0,0.01,1.0,Low Risk
374,Spain,Male,79,0,1544.2073744079687,4,1,0,16030.024638877156,1,6,0.91,91.0,High Risk
685,Germany,Female,83,3,236068.89588430105,1,0,1,126576.02231103412,1,4,0.99,99.0,High Risk
509,France,Male,41,6,144628.29657122787,3,1,0,2445.7606397379,1,4,0.95,95.0,High Risk
774,Spain,Female,29,3,20703.240898769847,1,0,0,160623.01286821545,0,1,0.02,2.0,Low Risk
717,France,Male,33,4,7855.494347236397,4,0,1,178140.53712828332,0,1,0.01,1.0,Low Risk
646,France,Female,53,6,26962.26589597736,2,1,0,199240.11691972503,1,4,0.93,93.0,High Risk
828,Spain,Female,19,3,147872.71332386223,3,0,1,68828.0212669114,0,0,0.01,1.0,Low Risk
478,France,Male,79,4,15467.901226115357,4,0,0,112389.63493598094,0,0,0.02,2.0,Low Risk
481,Spain,Female,81,6,142035.14920801035,4,0,0,172593.63484745525,0,0,0.01,1.0,Low Risk
324,France,Male,46,0,163135.25496617524,4,0,0,92433.17949252074,1,8,0.97,97.0,High Risk
479,France,Female,91,2,36894.195376251744,2,0,0,65858.44886838307,0,1,0.0,0.0,Low Risk
800,France,Female,48,0,122108.18568743096,1,1,0,9774.538387135332,0,0,0.01,1.0,Low Risk
460,Germany,Female,32,2,240969.98240836576,2,1,1,78820.74224698001,0,1,0.0,0.0,Low Risk
476,Germany,Female,72,10,209122.1116250812,4,1,1,15787.47712574602,1,4,0.97,97.0,High Risk
584,Spain,Male,50,1,180841.08686934633,3,0,0,72605.58040180813,0,0,0.0,0.0,Low Risk
362,France,Male,69,4,129433.78111483436,1,1,0,68612.97095418606,1,14,0.99,99.0,High Risk
455,Spain,Female,37,9,98568.68898324772,2,0,1,129439.67850147016,0,0,0.0,0.0,Low Risk
768,Germany,Male,90,4,112858.6840303058,3,0,0,73221.67345008613,0,0,0.05,5.0,Low Risk
348,Germany,Male,55,9,191152.5019631273,4,0,0,76840.29080313265,1,5,0.99,99.0,High Risk
383,Germany,Female,20,8,138574.49043960116,3,0,1,57277.26933490351,0,0,0.01,1.0,Low Risk
660,Germany,Male,71,7,191163.4963231573,3,0,0,121600.20776045116,0,0,0.02,2.0,Low Risk
447,Spain,Male,83,2,242468.24260825067,4,0,0,77876.13321490593,0,1,0.02,2.0,Low Risk
641,France,Female,35,0,160128.53769282767,2,1,1,189718.11952707256,0,0,0.0,0.0,Low Risk
775,Spain,Female,24,4,150775.8893525516,4,0,0,178395.36642535412,0,1,0.02,2.0,Low Risk
362,France,Female,52,10,101540.4871274585,3,1,0,47391.023172158624,1,4,0.98,98.0,High Risk
659,Germany,Female,77,2,49188.48829718456,4,1,0,80800.41293821749,0,0,0.0,0.0,Low Risk
626,France,Male,41,4,93550.1855617862,1,0,1,126920.16676848388,0,0,0.0,0.0,Low Risk
440,Germany,Female,56,8,130024.2976288412,1,0,1,3272.1629660365106,0,0,0.02,2.0,Low Risk
514,Spain,Male,29,10,8713.914330486266,3,0,0,45490.10406677002,1,6,0.96,96.0,High Risk
734,France,Male,70,0,118951.25620557308,4,1,1,57013.10913642814,1,3,0.95,95.0,High Risk
617,Spain,Female,81,0,215537.33185374463,3,0,0,80485.36915446575,0,0,0.0,0.0,Low Risk
331,Germany,Male,21,8,244156.0906334061,4,0,1,177863.56073098606,0,0,0.01,1.0,Low Risk
584,Spain,Male,22,2,213887.16807771253,1,1,0,19274.443579317787,0,2,0.05,5.0,Low Risk
604,Germany,Male,33,9,42995.43650413437,1,1,0,13175.95474530346,0,1,0.01,1.0,Low Risk
728,Germany,Female,44,4,38753.2979413259,3,0,1,132887.00628153834,0,1,0.0,0.0,Low Risk
776,Germany,Male,21,8,98328.05030988772,1,0,0,72905.19165184241,0,0,0.02,2.0,Low Risk
585,Spain,Female,89,10,56357.61764791272,3,1,0,35552.33939097979,0,1,0.03,3.0,Low Risk
443,Spain,Female,65,4,168998.62603015313,2,0,0,140364.14627123455,0,1,0.01,1.0,Low Risk
723,France,Male,25,2,21139.526118909984,3,1,1,48595.67823262215,0,0,0.0,0.0,Low Risk
318,France,Male,63,8,110929.81238416977,4,0,1,113132.29889498976,0,0,0.01,1.0,Low Risk
317,Spain,Female,61,6,70089.06155485245,4,1,0,81757.20860163761,0,0,0.02,2.0,Low Risk
670,Spain,Female,84,6,148850.7217499552,4,0,1,72249.6143762585,1,5,1.0,100.0,High Risk
474,Spain,Female,69,7,199266.25494849143,3,1,0,144231.1231705126,0,0,0.01,1.0,Low Risk
493,Spain,Female,51,10,230890.7854203675,2,0,0,122685.65837852909,0,0,0.0,0.0,Low Risk
801,Germany,Female,79,4,240963.18355552145,3,1,0,102773.25048955056,0,0,0.0,0.0,Low Risk
412,Germany,Male,38,1,87798.63349349856,3,1,0,25625.671624005136,0,1,0.02,2.0,Low Risk
413,Germany,Female,41,10,213961.9454576174,2,0,0,117132.2605823532,0,2,0.04,4.0,Low Risk
521,Spain,Male,61,8,147990.76717805254,1,1,0,138553.46488257474,0,2,0.1,10.0,Low Risk
563,Germany,Female,58,2,173063.85363603075,1,0,1,162961.73439719624,0,0,0.05,5.0,Low Risk
354,Germany,Male,46,10,212782.64166508743,1,1,1,59888.02095284974,0,2,0.15,15.0,Low Risk
757,France,Female,23,1,32528.30247377056,1,1,0,52869.590486319365,1,4,0.99,99.0,High Risk
461,France,Male,73,9,236851.817008061,1,0,1,149757.0231531555,0,1,0.01,1.0,Low Risk
679,Germany,Male,31,9,136849.27260455643,2,1,1,93496.0624087818,0,1,0.0,0.0,Low Risk
386,Germany,Female,67,4,84000.82938539944,2,0,0,81177.0140779696,0,1,0.0,0.0,Low Risk
354,Germany,Male,69,7,84682.81510237246,3,0,0,32132.56329026033,0,0,0.01,1.0,Low Risk
775,Spain,Female,18,2,187750.084169567,1,0,0,86836.5294117858,0,0,0.01,1.0,Low Risk
477,France,Female,29,5,169664.9657824957,4,0,0,145228.1746485835,0,0,0.01,1.0,Low Risk
690,France,Male,41,8,182370.02281712525,2,1,0,90116.01103959426,0,1,0.0,0.0,Low Risk
648,France,Male,54,1,63248.87610605881,2,0,0,174547.34862958782,0,0,0.0,0.0,Low Risk
307,Germany,Female,87,7,42549.054035820016,1,1,1,851.7843268231466,0,0,0.04,4.0,Low Risk
612,Spain,Female,20,9,180464.91325655257,4,1,1,36001.49285132114,0,0,0.0,0.0,Low Risk
742,France,Female,44,6,74620.18229037337,4,1,1,122927.16875513832,0,1,0.01,1.0,Low Risk
627,France,Male,70,2,55609.03839668135,2,1,1,134399.62608428672,0,0,0.0,0.0,Low Risk
353,Spain,Male,34,0,53652.125869945776,3,0,0,55147.555792806714,1,7,0.97,97.0,High Risk
538,Germany,Female,32,5,37100.23314020194,4,0,0,188378.863038848,0,0,0.01,1.0,Low Risk
528,Germany,Male,56,1,106703.91391879448,3,0,1,66135.32267583942,1,6,1.0,100.0,High Risk
350,France,Male,21,2,65237.1437562369,1,0,0,82243.92808343431,1,7,0.93,93.0,High Risk
563,France,Male,34,4,223466.36880427093,1,1,0,195275.91337157923,1,5,0.96,96.0,High Risk
717,Spain,Female,28,10,172284.9092127745,1,1,0,95843.2838997478,0,0,0.01,1.0,Low Risk
395,France,Female,29,7,185965.51117950276,3,0,0,122577.2612142472,0,1,0.01,1.0,Low Risk
387,Spain,Male,49,1,100902.62302545874,2,1,0,108040.28304626964,0,0,0.01,1.0,Low Risk
377,France,Male,44,5,150052.3795326927,3,0,0,35509.2435668076,0,1,0.01,1.0,Low Risk
587,France,Female,61,0,125199.46017601184,1,1,1,198300.3225163897,0,0,0.0,0.0,Low Risk
419,France,Male,60,6,41862.86513062887,4,0,1,11824.031997871434,0,1,0.01,1.0,Low Risk
790,Germany,Female,66,3,11963.42376269613,2,1,1,196699.28796947657,0,1,0.06,6.0,Low Risk
751,Spain,Female,90,0,170879.61368520994,3,0,0,93604.46098467322,1,5,0.99,99.0,High Risk
799,Spain,Female,60,8,30293.11480689842,4,0,1,37929.38554475373,0,3,0.32,32.0,Low Risk
464,Germany,Female,20,8,14337.288301808638,4,1,0,33394.48957296306,1,5,0.99,99.0,High Risk
481,Germany,Female,46,10,110466.83316790292,1,1,1,131119.4755400059,1,5,0.97,97.0,High Risk
768,Germany,Female,52,2,184506.59250214207,1,1,1,142164.4687501297,0,0,0.03,3.0,Low Risk
306,Spain,Female,65,5,192217.10980809332,4,1,1,179739.91398491006,0,0,0.0,0.0,Low Risk
629,France,Male,91,6,218367.40167901333,2,1,1,47311.45741670573,0,0,0.0,0.0,Low Risk
450,Germany,Female,56,3,49803.505624691046,3,0,1,86647.95360734298,1,3,0.91,91.0,High Risk
384,Germany,Male,41,5,246406.09845366311,2,1,1,194238.6618886655,0,0,0.02,2.0,Low Risk
446,Germany,Male,37,8,190802.26799102343,2,0,1,85606.24622923098,0,0,0.03,3.0,Low Risk
680,France,Male,32,9,39303.33648754322,3,1,0,91921.67686565836,0,2,0.06,6.0,Low Risk
847,France,Female,35,5,210180.32149885272,3,0,0,57713.25615335898,0,0,0.06,6.0,Low Risk
584,Germany,Male,77,6,124739.8181212139,3,1,0,174191.51613270582,1,8,1.0,100.0,High Risk
381,France,Female,58,5,16636.592009955682,2,1,0,73130.72051320864,0,1,0.01,1.0,Low Risk
813,Germany,Female,86,6,33010.4429573152,2,0,0,127111.80657369984,1,6,0.99,99.0,High Risk
822,France,Male,28,0,108473.32047732014,3,1,1,36528.04065433104,0,1,0.0,0.0,Low Risk
685,Spain,Male,73,5,132626.70290102018,4,1,1,123152.38034575086,0,0,0.0,0.0,Low Risk
770,Spain,Male,35,8,236873.10425331545,4,0,0,186793.67934326516,0,0,0.09,9.0,Low Risk
418,France,Male,29,10,53928.11812454054,3,0,1,155368.53341618626,0,1,0.0,0.0,Low Risk
695,Spain,Female,33,2,118526.12756070224,2,0,0,13547.798858601882,0,0,0.01,1.0,Low Risk
831,Spain,Male,44,5,56472.36731934688,3,0,0,126796.40487705234,0,0,0.0,0.0,Low Risk
560,Spain,Male,34,3,139600.1722316169,1,0,0,111739.05432977056,1,10,1.0,100.0,High Risk
555,Germany,Male,48,6,227329.5182429454,4,0,1,67721.52627233777,1,9,0.99,99.0,High Risk
525,France,Male,52,6,141937.6427907185,4,0,0,168542.0789278797,0,1,0.01,1.0,Low Risk
352,France,Male,44,8,127517.63474123825,4,0,1,158343.62485781146,0,2,0.1,10.0,Low Risk
799,France,Female,49,3,187532.3517295461,3,1,0,129724.73368533138,1,3,0.9,90.0,High Risk
805,Spain,Female,34,7,36903.38625774744,1,0,0,148838.91146532737,0,0,0.0,0.0,Low Risk
663,Germany,Female,28,7,226403.7476087455,4,1,1,38640.55615514152,0,0,0.01,1.0,Low Risk
579,France,Male,18,7,144408.49324145864,1,1,1,184073.88396715067,0,1,0.01,1.0,Low Risk
457,Spain,Male,66,7,171577.3537869779,2,0,1,133609.76580283683,0,0,0.0,0.0,Low Risk
358,Germany,Female,58,5,204740.19017109985,2,1,0,93568.78905967124,0,0,0.03,3.0,Low Risk
427,Germany,Female,37,7,158759.46247328803,4,1,0,38629.72239360966,0,1,0.0,0.0,Low Risk
414,France,Female,88,5,160301.2963151453,2,1,1,136555.84440175255,0,1,0.0,0.0,Low Risk
508,France,Female,54,9,182405.36024147572,3,1,1,19352.43431579075,0,2,0.13,13.0,Low Risk
825,Spain,Male,33,1,13059.139111027627,2,1,1,63956.34287563602,0,0,0.0,0.0,Low Risk
820,France,Male,56,2,95552.6270433122,3,1,0,114760.5804714322,1,4,1.0,100.0,High Risk
536,Spain,Male,62,5,240734.18621992183,2,0,1,129222.57013521476,0,2,0.1,10.0,Low Risk
580,Germany,Female,81,6,64483.963782535626,1,1,1,3475.862600271363,1,7,0.99,99.0,High Risk
658,Germany,Female,64,3,135563.86206844126,2,1,0,1771.9092952265494,0,0,0.01,1.0,Low Risk
500,Germany,Female,40,0,43856.865551041235,1,1,1,22301.19878683158,0,0,0.0,0.0,Low Risk
577,Germany,Male,49,3,80818.57881964627,3,0,0,153668.12162946197,1,2,0.76,76.0,High Risk
534,France,Male,66,5,179270.0106853748,2,1,1,113424.83192467644,0,0,0.0,0.0,Low Risk
793,France,Female,36,7,160773.5060167646,2,0,0,121686.68942375584,0,1,0.0,0.0,Low Risk
303,Spain,Male,84,3,103579.0904594748,1,0,0,120689.79124623252,1,7,0.98,98.0,High Risk
741,Spain,Female,56,9,234519.04785680183,2,1,0,7373.0862562241455,0,0,0.0,0.0,Low Risk
328,Spain,Female,77,0,193761.70387080015,3,1,0,34464.17308760627,0,2,0.09,9.0,Low Risk
408,Spain,Female,28,4,66980.95725720993,1,0,0,145575.98692820553,0,1,0.01,1.0,Low Risk
374,Spain,Male,66,6,116361.5783925405,3,0,1,129147.15771938705,0,0,0.0,0.0,Low Risk
445,Germany,Female,32,5,219508.6264506893,4,1,1,89063.57546834844,0,1,0.0,0.0,Low Risk
427,Germany,Female,78,2,5616.028364723219,3,0,1,4089.704214516067,0,0,0.04,4.0,Low Risk
341,Germany,Male,60,6,145366.57121717776,1,0,0,83374.71903877651,0,0,0.0,0.0,Low Risk
655,Spain,Female,32,3,57990.10278909919,3,0,1,49598.35500583333,0,0,0.0,0.0,Low Risk
340,Germany,Female,90,4,15955.029463307736,2,1,1,139456.8757700153,0,0,0.05,5.0,Low Risk
333,Germany,Male,22,10,228215.27050552703,3,1,0,164937.1371587598,1,3,0.58,58.0,Medium Risk
316,Germany,Female,46,6,204070.75577093256,2,1,1,100766.27738789136,0,0,0.02,2.0,Low Risk
452,Germany,Female,79,1,46323.38970116001,1,1,1,80711.08344709357,1,6,0.99,99.0,High Risk
677,France,Female,77,3,209236.62241523017,2,1,0,54615.74567689496,0,0,0.0,0.0,Low Risk
641,Spain,Male,86,3,36606.851652019854,3,0,1,18531.22521444173,0,1,0.01,1.0,Low Risk
326,Spain,Female,39,5,119040.3399647097,4,1,0,74355.94605967824,0,0,0.0,0.0,Low Risk
586,France,Female,30,10,181443.32511955948,2,0,0,135609.62341561314,0,1,0.0,0.0,Low Risk
467,Germany,Female,67,6,133451.39915996793,4,1,0,133218.8650652037,0,1,0.01,1.0,Low Risk
567,Germany,Male,64,3,212695.1787857319,4,0,0,82561.37551014539,0,0,0.03,3.0,Low Risk
754,Germany,Male,46,9,154219.46543822892,4,0,0,193196.0164298596,1,3,0.95,95.0,High Risk
700,Spain,Male,34,0,107987.9117967992,4,1,1,188015.5526455826,0,1,0.0,0.0,Low Risk
775,Spain,Female,37,0,231290.52255728765,3,1,0,175131.3979514757,0,0,0.0,0.0,Low Risk
429,Spain,Male,23,4,9073.664243224866,2,0,1,87165.28271156625,0,0,0.0,0.0,Low Risk
662,Spain,Female,39,0,122099.71467892796,1,1,0,149308.95884958925,0,1,0.03,3.0,Low Risk
591,Spain,Male,26,2,165195.3850478276,1,0,1,185800.67327943945,1,9,0.95,95.0,High Risk
670,France,Male,49,8,209014.5976045087,2,0,0,147530.01875458157,0,0,0.0,0.0,Low Risk
328,Spain,Male,50,2,135289.13123345634,1,0,0,63158.96708259483,0,1,0.01,1.0,Low Risk
448,Germany,Male,87,2,221379.42996600564,2,1,0,13610.918362324908,0,2,0.18,18.0,Low Risk
595,Spain,Female,66,8,106569.20892438947,3,0,0,191602.90750226332,1,4,0.96,96.0,High Risk
310,France,Male,47,4,79282.14627296623,2,0,0,198485.3108712299,0,0,0.04,4.0,Low Risk
811,Germany,Female,33,7,243453.0118636203,3,1,0,138731.27678517377,0,0,0.04,4.0,Low Risk
412,France,Female,82,9,166795.23970856055,2,0,1,63077.44429841643,0,0,0.0,0.0,Low Risk
486,Germany,Female,31,8,106444.54625276403,4,0,0,173007.0936792166,1,7,0.97,97.0,High Risk
526,Spain,Male,73,5,219547.43424781595,4,0,0,190691.35483995583,0,1,0.01,1.0,Low Risk
609,France,Male,54,6,170770.10351165954,3,1,1,101293.51820872116,0,1,0.04,4.0,Low Risk
397,Germany,Female,66,6,159483.67643048064,1,1,0,62336.73815542614,1,4,1.0,100.0,High Risk
354,Spain,Male,67,6,182134.4824548666,4,1,1,81277.8852078193,0,0,0.01,1.0,Low Risk
705,Germany,Female,53,3,184573.277406779,2,0,0,14778.876141328132,0,0,0.0,0.0,Low Risk
368,France,Male,69,1,123245.84670977632,1,1,0,113137.95199936032,1,5,0.98,98.0,High Risk
611,France,Male,40,1,104826.89034946194,1,1,0,75776.90957069233,0,3,0.24,24.0,Low Risk
588,France,Female,83,6,227320.6702909088,3,1,1,176909.28271457268,0,0,0.0,0.0,Low Risk
847,France,Male,88,9,124311.93489060056,1,1,1,55117.71255672485,0,0,0.0,0.0,Low Risk
447,Spain,Female,62,6,53955.40947488442,3,0,0,1683.9830012072823,0,1,0.03,3.0,Low Risk
766,Germany,Female,45,9,130400.69645626462,4,1,0,147435.14309004648,0,1,0.01,1.0,Low Risk
543,Spain,Male,37,6,8605.524978410329,4,0,0,1491.5961543478072,0,1,0.04,4.0,Low Risk
790,France,Male,66,7,180829.58799019305,1,0,0,109198.76122709247,1,7,0.99,99.0,High Risk
806,Germany,Male,74,2,31746.014764702264,1,1,1,36259.97861163804,0,0,0.01,1.0,Low Risk
664,France,Female,76,10,27931.066335642852,2,1,0,122099.728401481,0,0,0.0,0.0,Low Risk
781,Spain,Male,43,4,236589.03579466208,2,1,0,39584.87556749499,0,0,0.0,0.0,Low Risk
500,Spain,Male,36,5,193139.1703646822,3,0,0,100380.40436071643,0,1,0.01,1.0,Low Risk
453,Spain,Male,30,7,103557.19408532674,1,0,1,67020.4233032703,0,0,0.01,1.0,Low Risk
749,Germany,Male,91,7,59894.03560140291,1,0,1,36519.15411154489,0,0,0.03,3.0,Low Risk
800,Germany,Female,79,9,210872.62013173808,2,1,1,121300.44197598482,1,5,0.99,99.0,High Risk
372,France,Male,31,2,242145.9609026881,3,1,0,16452.9059087142,0,0,0.02,2.0,Low Risk
595,Germany,Female,90,3,127088.52615177124,2,0,0,188227.83640433825,0,0,0.04,4.0,Low Risk
316,Germany,Male,28,5,145019.01806166358,1,0,1,155628.1312582231,0,0,0.0,0.0,Low Risk
516,Spain,Male,84,3,60763.372873080785,3,1,0,183174.36624636865,0,1,0.02,2.0,Low Risk
360,France,Male,29,9,147312.56601547415,4,1,1,8503.026596413267,0,1,0.0,0.0,Low Risk
341,Spain,Female,52,3,100149.40875910327,1,0,1,437.91978916993,1,6,0.95,95.0,High Risk
324,France,Female,56,4,211394.6248627167,2,0,1,71592.08954396313,0,1,0.01,1.0,Low Risk
338,France,Male,49,9,94278.25495586068,3,0,0,123339.94087265548,0,0,0.0,0.0,Low Risk
430,Germany,Female,31,6,162194.78711669135,2,1,1,48886.666964515294,0,0,0.0,0.0,Low Risk
797,Spain,Female,82,1,50866.503359908806,4,1,0,109869.66240268026,0,1,0.06,6.0,Low Risk
528,Germany,Male,44,1,22668.20896532587,1,0,0,121204.2657312329,1,4,0.94,94.0,High Risk
407,Germany,Male,77,9,10088.804981412846,1,1,0,30333.882683256925,0,0,0.01,1.0,Low Risk
471,Germany,Male,60,8,103911.35933264343,2,0,1,153776.79441177324,1,4,0.99,99.0,High Risk
734,France,Male,82,3,40882.180347850874,1,0,0,187272.46545869092,1,5,0.98,98.0,High Risk
777,Spain,Male,72,4,248370.0475666233,2,0,0,128029.14537765025,0,1,0.06,6.0,Low Risk
401,Spain,Male,52,2,199595.84710657032,2,0,1,189570.27769015235,1,4,0.99,99.0,High Risk
823,Germany,Female,49,1,173343.28792730218,3,0,0,49234.29730297331,0,0,0.0,0.0,Low Risk
574,France,Male,36,9,200829.61684453496,4,0,1,7312.543035841482,0,0,0.0,0.0,Low Risk
343,Spain,Male,56,7,65686.81465126322,1,0,1,49494.64367854624,0,0,0.0,0.0,Low Risk
316,Spain,Male,37,3,219815.99572131017,1,1,0,129625.76793915596,0,0,0.0,0.0,Low Risk
629,Germany,Male,45,0,248909.09875086896,2,0,0,119531.00782887833,0,2,0.2,20.0,Low Risk
796,France,Female,20,5,72463.61726787227,4,1,0,53488.46126993613,0,1,0.0,0.0,Low Risk
311,Germany,Female,49,5,246162.1718083885,3,0,0,81615.37844992476,0,1,0.04,4.0,Low Risk
617,Spain,Female,75,1,80099.13658522877,2,0,1,73533.36885146114,0,1,0.01,1.0,Low Risk
515,France,Male,71,1,2930.779424173163,4,0,1,190085.64533261833,0,0,0.0,0.0,Low Risk
638,Germany,Male,59,7,91803.5144318273,1,0,1,62874.46885643233,0,0,0.05,5.0,Low Risk
380,Spain,Female,32,10,249378.75022924232,3,0,1,38630.64184240123,0,1,0.0,0.0,Low Risk
784,Germany,Female,79,6,158787.81368436728,3,0,0,113126.87328338718,1,4,0.98,98.0,High Risk
673,Germany,Male,48,1,173868.13372901868,2,1,1,24973.522084500655,1,4,0.94,94.0,High Risk
499,Germany,Male,78,9,59586.788021762535,2,0,1,101578.89879036207,0,1,0.03,3.0,Low Risk
836,France,Male,43,0,36480.0238240289,3,0,0,137392.06521000067,1,3,0.85,85.0,High Risk
765,Spain,Male,86,10,221377.6093941404,1,1,0,188653.18506354792,0,0,0.02,2.0,Low Risk
388,Spain,Male,74,7,103348.05116953308,1,1,1,178452.61671241446,0,0,0.0,0.0,Low Risk
567,Spain,Female,37,9,1026.8962290059246,3,1,1,168244.7695186413,0,0,0.0,0.0,Low Risk
788,Spain,Male,83,1,73561.48852025354,2,0,1,78780.6165216068,0,1,0.03,3.0,Low Risk
837,France,Female,38,4,48933.02707855851,2,0,1,178795.9268723736,0,0,0.01,1.0,Low Risk
346,Germany,Male,77,5,150943.06437707093,1,1,0,143330.61296986896,0,0,0.0,0.0,Low Risk
587,Spain,Female,80,9,189030.79248684068,4,1,0,88310.99414272173,1,8,1.0,100.0,High Risk
315,France,Female,68,0,124374.62487094442,4,0,1,112820.04149949383,0,0,0.0,0.0,Low Risk
700,Germany,Female,56,1,46474.75655896463,4,1,1,87227.81170528806,0,0,0.02,2.0,Low Risk
385,France,Male,28,9,14491.11589570079,1,0,0,39365.56895800887,0,1,0.01,1.0,Low Risk
549,France,Male,74,3,78383.50114445927,3,1,0,90342.96694583292,1,5,0.98,98.0,High Risk
690,Spain,Male,20,1,201490.84162369577,4,0,0,161483.8617486598,0,0,0.0,0.0,Low Risk
634,Spain,Female,54,10,104878.38378399088,1,0,0,53324.94548712852,1,4,0.98,98.0,High Risk
818,Germany,Female,42,5,63062.77562339005,1,1,1,128071.6954044042,0,0,0.0,0.0,Low Risk
436,Germany,Male,38,3,5181.194360734776,2,0,1,110659.10903067536,0,0,0.0,0.0,Low Risk
797,Spain,Female,59,10,124015.513060985,2,1,1,184022.5780338564,1,3,0.93,93.0,High Risk
776,France,Female,18,2,171205.52704687894,1,0,1,149236.46124956434,0,0,0.01,1.0,Low Risk
522,Spain,Female,40,5,47582.36584372546,2,1,0,72284.66971417854,0,1,0.0,0.0,Low Risk
671,Germany,Female,41,8,134297.20989149666,2,1,1,112349.66282692688,1,5,1.0,100.0,High Risk
701,France,Male,64,7,105184.68167157512,2,1,0,182243.28806019944,0,1,0.09,9.0,Low Risk
742,France,Female,24,1,175986.9191556908,1,1,1,45303.852571816715,0,0,0.0,0.0,Low Risk
789,France,Male,55,2,215151.22567768855,4,1,0,94901.91878706426,0,1,0.0,0.0,Low Risk
572,Spain,Female,64,1,76762.2210892081,2,0,1,44343.907726193065,0,1,0.01,1.0,Low Risk
825,Spain,Female,52,9,226192.76931119832,1,1,1,83690.7018585303,0,0,0.0,0.0,Low Risk
458,Germany,Male,79,6,176737.9495680615,1,0,1,11654.064225638918,1,3,0.93,93.0,High Risk
451,France,Female,90,8,9291.52821107132,3,0,0,175195.32935487363,0,0,0.04,4.0,Low Risk
487,France,Male,20,0,197810.72438940793,3,1,1,195649.36784014525,0,0,0.03,3.0,Low Risk
397,Spain,Male,37,10,123656.765880958,4,0,1,113566.0095809828,0,2,0.22,22.0,Low Risk
430,Germany,Male,61,2,236365.22295303183,3,0,1,110819.24793127034,0,0,0.01,1.0,Low Risk
470,Germany,Male,49,5,80907.87431022403,1,0,0,191165.1198364316,0,2,0.23,23.0,Low Risk
482,France,Male,43,3,147803.41478409318,3,1,0,78654.40483554357,0,0,0.0,0.0,Low Risk
663,Spain,Male,65,9,239036.54578277297,2,0,1,124221.94970852933,1,2,0.63,63.0,Medium Risk
338,France,Male,22,9,67789.93325690036,3,0,0,167453.85009920047,0,0,0.0,0.0,Low Risk
826,Spain,Female,76,0,117988.38609992778,1,0,1,101153.76964415883,0,0,0.0,0.0,Low Risk
796,Germany,Male,78,8,188123.87113292151,4,1,0,44307.40574525576,0,0,0.02,2.0,Low Risk
815,France,Female,66,6,172774.67127839604,4,1,0,162542.1767939008,1,7,0.98,98.0,High Risk
648,France,Female,47,10,209675.81664687913,4,1,0,54234.37788201323,1,5,0.99,99.0,High Risk
696,France,Female,34,6,129949.1698571208,4,1,1,168756.74610412467,0,0,0.0,0.0,Low Risk
460,Germany,Male,87,0,79730.29797061913,2,1,1,188923.16530545268,0,0,0.02,2.0,Low Risk
315,France,Male,75,8,133771.15246995108,2,1,1,109214.47568785895,0,0,0.01,1.0,Low Risk
792,Germany,Female,80,7,87490.00791001682,2,1,1,9869.026146828926,0,0,0.03,3.0,Low Risk
725,Spain,Male,78,10,44107.63423477906,3,1,1,191124.00663006428,0,0,0.05,5.0,Low Risk
407,Germany,Female,80,9,138742.4256560878,3,1,0,166266.5482594847,1,4,1.0,100.0,High Risk
749,Spain,Female,32,4,12095.138446649027,3,1,0,23480.68672650642,0,1,0.05,5.0,Low Risk
610,Germany,Female,18,3,9143.825748429064,4,0,0,125881.23261179538,1,4,0.93,93.0,High Risk
469,Germany,Male,30,0,16143.384860157124,4,1,1,63129.28398798969,0,1,0.0,0.0,Low Risk
845,France,Female,65,8,168152.79321098287,3,0,1,66072.69974803332,0,1,0.02,2.0,Low Risk
713,Germany,Male,51,7,101746.71263528576,2,0,1,116065.70360396316,0,1,0.02,2.0,Low Risk
550,France,Female,47,1,123528.79558843964,1,0,1,142378.88284314476,0,1,0.02,2.0,Low Risk
440,Spain,Male,36,3,85849.71568979061,3,0,0,2256.653118189429,1,4,0.92,92.0,High Risk
573,Spain,Female,81,3,63409.05613778614,1,0,1,30543.029877340246,0,0,0.01,1.0,Low Risk
715,France,Male,83,6,89576.29060189637,2,0,0,180561.2695238514,0,0,0.0,0.0,Low Risk
338,Spain,Female,74,2,48344.542384152366,1,1,1,99003.45083319988,0,0,0.0,0.0,Low Risk
328,Germany,Male,61,7,169689.47703973914,4,0,1,98380.46210150598,1,2,0.24,24.0,Low Risk
776,France,Male,29,10,25433.87363236549,1,0,0,168064.56928874715,0,0,0.0,0.0,Low Risk
617,France,Male,57,6,129225.17885260728,3,1,1,25883.695673898463,1,7,0.99,99.0,High Risk
544,France,Female,41,9,119206.74852401412,3,0,0,142735.72541167232,1,6,0.99,99.0,High Risk
571,Spain,Female,28,3,75480.9044362659,2,0,0,101250.06392006014,0,1,0.0,0.0,Low Risk
739,Spain,Female,83,8,25572.347362189717,3,1,0,148320.360228093,0,1,0.01,1.0,Low Risk
538,Germany,Male,18,5,175839.427618215,1,0,0,135856.67203515524,1,4,0.92,92.0,High Risk
676,Germany,Male,75,2,142385.09039996803,4,1,0,133300.21786520045,1,4,1.0,100.0,High Risk
565,France,Female,45,6,202369.08779768492,1,1,0,171209.01496182883,0,1,0.0,0.0,Low Risk
658,Germany,Female,85,5,58880.926403542646,1,0,1,110160.481325171,1,4,0.97,97.0,High Risk
639,Spain,Male,76,7,197891.02888147972,1,0,1,81575.85010427829,0,0,0.0,0.0,Low Risk
688,Germany,Female,88,4,72986.43100057509,3,0,1,39707.08773219057,1,6,0.99,99.0,High Risk
302,Spain,Male,39,5,28147.682757166753,2,0,1,68801.9303891195,0,1,0.02,2.0,Low Risk
728,Germany,Male,46,0,33729.072153408255,3,1,1,173987.0247450422,0,1,0.01,1.0,Low Risk
441,Spain,Male,91,7,55264.62009356978,1,1,0,67501.22861012026,0,0,0.02,2.0,Low Risk
675,Spain,Female,86,0,170607.22402852293,2,1,1,197084.89413866756,0,0,0.01,1.0,Low Risk
623,Germany,Male,62,2,60990.43376788821,2,0,1,121601.55737588926,1,2,0.67,67.0,Medium Risk
445,Germany,Female,87,1,150967.73865542826,1,0,1,162995.40744084184,0,0,0.02,2.0,Low Risk
592,Spain,Male,34,5,64130.69493104623,1,0,1,98657.3284980714,0,0,0.0,0.0,Low Risk
731,France,Female,56,7,91305.86633106392,3,0,1,130914.3416627397,0,2,0.06,6.0,Low Risk
698,Germany,Female,57,7,222430.31488433763,2,0,0,197906.1399045188,1,6,0.99,99.0,High Risk
643,Spain,Male,45,6,125090.50984376336,4,1,1,100058.97935553727,0,0,0.0,0.0,Low Risk
439,Germany,Male,19,6,150062.95516539202,2,1,0,52679.20471857326,0,0,0.0,0.0,Low Risk
486,Germany,Male,44,7,47319.20735265041,3,1,0,129978.95339536392,0,0,0.02,2.0,Low Risk
360,Germany,Male,38,4,32876.51745398648,1,1,1,183922.2566315149,0,1,0.02,2.0,Low Risk
679,Germany,Female,24,2,103295.06451201196,2,1,1,3449.551133357951,1,5,0.95,95.0,High Risk
739,Germany,Female,78,1,213846.37478323103,4,0,1,198511.19527525824,0,0,0.03,3.0,Low Risk
618,France,Female,69,2,60230.915236885034,3,1,1,108914.23142691316,0,1,0.0,0.0,Low Risk
601,France,Female,65,10,155423.11379830615,2,1,1,159890.88303570382,0,1,0.03,3.0,Low Risk
643,France,Female,36,10,218024.05440657,3,1,0,23653.18204270611,0,0,0.0,0.0,Low Risk
310,Spain,Male,90,2,233602.605976602,2,0,0,58307.53549283105,1,5,0.97,97.0,High Risk
361,France,Male,29,6,248447.566810922,1,0,0,195432.06908690932,0,1,0.02,2.0,Low Risk
525,France,Female,88,0,190739.29000315652,4,1,1,57588.05159013499,0,0,0.02,2.0,Low Risk
452,Spain,Male,19,6,18752.529445109412,1,0,1,82448.89512636694,0,0,0.0,0.0,Low Risk
609,France,Male,34,5,217865.49832569828,2,0,1,56147.42272713856,0,1,0.0,0.0,Low Risk
542,Germany,Male,20,10,221409.21880089617,4,1,1,93698.83203145044,1,7,0.86,86.0,High Risk
792,France,Male,38,9,139320.70980043142,2,0,1,31819.115784775306,0,0,0.0,0.0,Low Risk
665,France,Male,68,1,16857.91522143895,2,0,1,101774.45793185892,0,2,0.07,7.0,Low Risk
629,France,Male,27,9,119166.3278164572,4,0,1,59694.95312330237,0,0,0.0,0.0,Low Risk
406,Germany,Female,72,0,52675.00896952942,4,1,0,163026.95949186635,0,2,0.16,16.0,Low Risk
525,Germany,Male,53,8,110526.76688222488,3,1,0,77958.85028993059,0,0,0.0,0.0,Low Risk
517,Germany,Male,68,1,181031.61941263796,4,1,1,158546.13057995608,1,1,0.06,6.0,Low Risk
805,Germany,Female,91,3,166887.6616392847,1,0,0,128354.50701446668,1,3,0.96,96.0,High Risk
558,Spain,Female,34,8,194997.95990084083,4,1,0,183019.69681290057,0,1,0.01,1.0,Low Risk
816,Germany,Female,78,8,119130.6851586272,4,0,0,162126.69602572598,0,0,0.01,1.0,Low Risk
353,Germany,Male,30,10,127698.02083055768,3,0,1,180224.70563926623,1,3,0.92,92.0,High Risk
346,Germany,Female,82,0,233922.30947758365,1,1,1,105133.161411266,0,1,0.04,4.0,Low Risk
820,Germany,Male,91,1,157795.92094121096,1,1,0,182689.87177405975,0,0,0.03,3.0,Low Risk
398,Spain,Female,65,1,186885.15765777335,4,0,0,30956.361591816196,1,2,0.77,77.0,High Risk
319,France,Male,87,1,166129.30913296738,4,0,0,16897.059481597247,0,2,0.11,11.0,Low Risk
789,France,Male,64,7,160121.35339245212,3,1,0,105209.10770766078,0,1,0.01,1.0,Low Risk
718,Germany,Female,27,7,228385.53735870417,1,1,0,165211.3711555822,0,1,0.02,2.0,Low Risk
361,Germany,Male,74,9,89121.44859479778,1,0,0,42442.93629202773,0,2,0.13,13.0,Low Risk
444,Germany,Male,30,7,106922.58293052718,2,0,1,193723.3034817909,0,0,0.0,0.0,Low Risk
515,France,Male,78,3,94937.60077196744,3,1,0,37056.490338491065,0,0,0.04,4.0,Low Risk
302,France,Male,75,7,191299.2264313717,3,0,0,141742.84585311444,0,0,0.01,1.0,Low Risk
459,Germany,Female,85,6,217104.90383862055,4,0,1,183024.84728429717,0,0,0.01,1.0,Low Risk
419,France,Female,46,7,89375.6000411145,1,0,1,193072.3187360839,1,4,0.95,95.0,High Risk
388,Spain,Female,33,0,35586.76724058099,4,0,0,132285.77635661434,0,0,0.02,2.0,Low Risk
628,Germany,Male,80,2,123526.65498983672,3,1,0,114845.86094753943,0,0,0.01,1.0,Low Risk
656,Germany,Female,64,9,246082.13666860407,1,1,0,18181.304575583603,0,0,0.02,2.0,Low Risk
566,Spain,Female,60,5,50920.44125434361,1,1,0,3971.3593223042894,0,0,0.0,0.0,Low Risk
622,Spain,Male,40,0,113000.23451344138,3,0,0,197151.97959312575,0,1,0.0,0.0,Low Risk
840,France,Female,47,3,67846.70082362532,1,0,0,54880.69089810815,0,1,0.02,2.0,Low Risk
494,Spain,Female,74,8,230669.7209087946,2,1,0,14457.300624874024,0,1,0.01,1.0,Low Risk
631,Germany,Female,47,6,137729.32689163365,3,0,1,107700.46686810808,1,4,0.99,99.0,High Risk
469,France,Male,84,0,144686.11476659356,3,0,0,62526.37956161496,1,6,1.0,100.0,High Risk
820,Spain,Female,73,5,2065.311657525104,1,0,1,71525.17558165085,0,1,0.05,5.0,Low Risk
762,France,Female,41,5,163194.9388630482,3,1,0,70759.14536877564,0,1,0.0,0.0,Low Risk
339,France,Female,25,1,76588.10535201235,4,0,0,49745.38743313024,0,1,0.0,0.0,Low Risk
836,France,Male,61,5,128354.0859547993,3,0,0,193536.28346696345,1,2,0.65,65.0,Medium Risk
560,France,Male,51,9,132766.8457166494,4,1,1,53051.5065020118,1,4,1.0,100.0,High Risk
694,Spain,Female,52,1,148056.1316928382,2,1,1,111414.37031266412,0,2,0.03,3.0,Low Risk
525,Germany,Female,67,7,205884.84763886052,2,1,1,47732.5022569444,0,1,0.05,5.0,Low Risk
423,Germany,Female,34,6,74733.65964483326,4,0,1,152374.4145061013,0,0,0.05,5.0,Low Risk
337,Spain,Male,19,5,64040.34605095235,3,1,0,45811.34032061852,0,2,0.07,7.0,Low Risk
627,Germany,Male,71,9,198952.2119606553,4,0,0,122934.85951377374,0,0,0.01,1.0,Low Risk
550,France,Female,61,5,179679.64266527377,1,1,1,166793.6280400256,0,0,0.01,1.0,Low Risk
475,France,Female,66,8,56403.73446057095,4,1,0,54333.71542399895,0,1,0.03,3.0,Low Risk
753,France,Male,19,8,209.08909389127928,2,1,0,160650.37873375026,0,0,0.04,4.0,Low Risk
336,Spain,Male,89,9,166484.07943917054,2,1,1,18506.56433857988,0,0,0.0,0.0,Low Risk
615,France,Female,87,9,39294.50672643431,4,0,1,23289.88146597896,1,4,0.99,99.0,High Risk
413,France,Male,26,1,239249.0704523487,2,0,0,80122.75258618455,0,0,0.0,0.0,Low Risk
339,Spain,Female,18,2,151101.8208488489,1,0,0,81391.1988230666,0,0,0.0,0.0,Low Risk
600,France,Female,86,9,212412.9553809594,3,1,1,103300.93701433192,0,0,0.0,0.0,Low Risk
523,France,Male,26,6,201405.3795630228,3,0,0,4747.385879476282,0,2,0.09,9.0,Low Risk
617,Germany,Female,31,10,139449.43116924897,4,1,0,23436.875622484255,1,2,0.71,71.0,Medium Risk
648,Spain,Female,44,9,109587.67840439496,2,1,1,2064.892643880889,0,1,0.01,1.0,Low Risk
414,France,Female,26,8,124199.60202396472,3,0,0,190904.89485236089,0,0,0.0,0.0,Low Risk
622,France,Female,53,5,200747.1851142197,2,1,1,62676.77248367331,0,0,0.01,1.0,Low Risk
339,France,Female,20,10,160112.67638625044,4,1,0,137617.1283292913,0,1,0.0,0.0,Low Risk
339,France,Female,40,0,51429.29525206366,2,1,0,121692.04141996494,0,0,0.01,1.0,Low Risk
588,Germany,Female,90,10,152338.7799163971,1,1,0,144944.4975915742,0,0,0.03,3.0,Low Risk
561,Germany,Male,47,6,101166.64473402896,1,1,0,176571.6153465756,0,1,0.0,0.0,Low Risk
515,Germany,Male,36,10,15324.376821061467,2,0,0,46637.258675642646,0,3,0.21,21.0,Low Risk
446,Germany,Female,84,0,95317.29844239424,1,0,0,85156.14601741316,0,0,0.0,0.0,Low Risk
635,Spain,Male,67,4,56900.382807181406,4,1,0,65695.58358269406,1,8,0.98,98.0,High Risk
467,France,Female,65,8,209646.13344604205,1,1,0,16502.172344054645,0,1,0.01,1.0,Low Risk
391,Germany,Female,20,9,26249.865480660632,1,0,0,6394.789423927716,0,0,0.03,3.0,Low Risk
652,France,Male,83,10,90155.8623258564,3,1,0,152960.208984524,0,1,0.07,7.0,Low Risk
662,Spain,Female,44,9,173872.9953269363,3,0,0,25854.203689949973,0,1,0.0,0.0,Low Risk
644,France,Female,57,8,224347.9794350756,4,0,1,3082.648278750881,1,5,0.94,94.0,High Risk
469,France,Male,35,0,83829.17751457913,1,1,1,87687.5903452605,0,0,0.0,0.0,Low Risk
655,Germany,Male,44,5,151609.63144982874,3,1,0,64460.20341471064,1,6,0.99,99.0,High Risk
490,Germany,Male,28,2,93412.39751745548,2,1,1,13230.813620032422,0,1,0.01,1.0,Low Risk
721,Spain,Male,56,8,50720.28384547272,2,0,0,10327.79804871794,0,1,0.0,0.0,Low Risk
306,France,Male,36,2,81429.45024533884,1,0,0,182632.09838508375,0,2,0.03,3.0,Low Risk
432,Germany,Male,24,1,158975.54080782665,4,1,0,187935.29861506625,0,1,0.01,1.0,Low Risk
330,Germany,Female,74,7,179084.83465307087,1,1,0,96463.28675363552,1,3,0.96,96.0,High Risk
834,Germany,Male,19,2,92651.40136717969,3,0,1,169658.4658204197,0,1,0.04,4.0,Low Risk
725,Spain,Male,55,4,38133.01229624655,1,0,0,160020.5734489973,1,2,0.79,79.0,High Risk
693,France,Female,22,5,34889.37808896803,1,0,1,115874.825966072,0,1,0.01,1.0,Low Risk
662,Germany,Female,53,9,203153.52489081596,2,0,0,150163.0989137702,0,1,0.04,4.0,Low Risk
736,France,Male,85,9,163318.38023973038,2,1,0,186108.9714535883,0,0,0.0,0.0,Low Risk
381,Spain,Female,74,0,182007.70165761255,3,0,0,113265.40697068506,0,2,0.11,11.0,Low Risk
655,France,Female,37,6,122063.5544080548,4,1,0,102338.7247260146,0,0,0.0,0.0,Low Risk
557,Germany,Female,22,10,114329.94523838264,4,0,0,718.6876292020312,0,1,0.03,3.0,Low Risk
823,France,Female,41,6,52787.53281429027,3,0,1,108433.0286797586,0,0,0.0,0.0,Low Risk
594,France,Female,47,4,42084.92580392351,3,0,1,163502.01221675743,1,2,0.71,71.0,Medium Risk
523,Spain,Female,45,8,38478.33613853158,1,0,1,152423.0699352574,0,0,0.0,0.0,Low Risk
824,Spain,Female,70,10,247947.1618603328,1,1,1,129162.8339348894,0,2,0.1,10.0,Low Risk
345,France,Male,68,1,205222.9337603324,4,1,1,4926.702236844283,0,2,0.18,18.0,Low Risk
412,France,Female,24,4,156532.4017673706,1,1,1,185073.6406321117,0,0,0.0,0.0,Low Risk
532,France,Male,59,1,53600.97915765647,1,0,0,85826.90467841079,0,1,0.01,1.0,Low Risk
316,Spain,Female,52,1,84414.70189420397,2,1,1,114311.2708277738,0,4,0.97,97.0,High Risk
659,Spain,Female,51,10,87696.42906164759,3,1,0,79551.75655997985,0,1,0.01,1.0,Low Risk
522,France,Male,90,8,119418.35150361009,3,1,1,69782.40422289433,1,0,0.0,0.0,Low Risk
747,Spain,Female,71,6,105499.19857262525,2,1,1,102123.66512616415,0,0,0.0,0.0,Low Risk
664,Germany,Female,46,3,233538.29603914564,2,0,0,98944.8122526837,1,3,0.95,95.0,High Risk
625,Spain,Male,27,10,180202.4156435709,1,0,1,71289.35019517971,0,1,0.0,0.0,Low Risk
766,Spain,Female,44,7,20351.31099744161,3,0,0,160772.79462548345,0,1,0.01,1.0,Low Risk
713,Spain,Female,30,10,89989.20001686126,4,0,0,10132.557158763784,0,2,0.07,7.0,Low Risk
754,Germany,Male,59,10,33240.6573738038,3,1,0,23413.347099825623,0,0,0.06,6.0,Low Risk
532,Germany,Male,54,3,69838.6387334935,4,0,1,16517.108482711,1,4,0.92,92.0,High Risk
523,Germany,Female,78,0,239723.25083851945,2,0,1,113002.92586214808,0,0,0.0,0.0,Low Risk
711,France,Male,38,9,176315.8862937477,3,0,0,82509.18390459642,0,0,0.01,1.0,Low Risk
634,France,Female,20,2,1963.049012345619,2,1,0,90414.29728127913,0,1,0.01,1.0,Low Risk
521,Germany,Female,25,9,82215.32311063117,3,0,1,115353.75651805784,0,0,0.0,0.0,Low Risk
336,France,Male,87,0,109675.4342586041,4,0,0,64800.38804607934,0,0,0.0,0.0,Low Risk
577,France,Male,34,1,150625.35725819183,2,0,0,36633.449029445546,0,0,0.0,0.0,Low Risk
495,France,Male,27,1,124931.75449616258,1,0,1,61373.35976265612,0,1,0.0,0.0,Low Risk
783,Germany,Male,30,6,17443.1876507333,3,1,1,198797.69786075063,0,0,0.01,1.0,Low Risk
541,Spain,Female,29,3,128886.86717087042,4,1,1,190538.22844098875,0,0,0.04,4.0,Low Risk
623,Germany,Male,83,9,32564.81901326874,1,1,0,191327.46996556615,0,0,0.01,1.0,Low Risk
491,Germany,Male,91,8,129799.94218291008,2,0,1,5535.826458214046,0,0,0.01,1.0,Low Risk
316,France,Female,40,1,61517.15249302633,3,0,0,17899.327814148717,0,1,0.0,0.0,Low Risk
823,France,Female,82,8,36048.07476892505,3,1,1,9151.43970474608,0,1,0.01,1.0,Low Risk
700,Spain,Female,69,5,71980.73477637373,1,0,0,163096.14046858822,1,11,1.0,100.0,High Risk
321,Spain,Female,78,9,24905.519632832107,1,1,1,198273.7653278712,0,0,0.06,6.0,Low Risk
773,Spain,Female,43,7,70995.93082995348,2,1,0,108602.21977425576,0,0,0.0,0.0,Low Risk
419,Spain,Female,32,6,216733.17614238057,1,0,1,140169.30372067643,0,1,0.0,0.0,Low Risk
509,Germany,Female,39,10,76792.67429087569,3,1,0,70451.0855433344,1,6,0.99,99.0,High Risk
605,Spain,Female,82,7,117555.50853637216,3,1,0,153082.62281107437,1,8,0.98,98.0,High Risk
569,Germany,Female,43,8,129952.08955490204,3,0,1,131220.08846340494,0,2,0.08,8.0,Low Risk
584,France,Male,38,7,44572.68983361451,3,0,1,160194.12788470936,0,0,0.01,1.0,Low Risk
526,Spain,Male,41,5,110446.11474807568,1,0,0,100009.79364267016,0,2,0.01,1.0,Low Risk
680,France,Female,33,7,213245.280395654,1,1,1,38811.60285262315,0,0,0.0,0.0,Low Risk
759,France,Male,49,7,20131.76844300779,4,0,0,95149.90338723084,0,2,0.16,16.0,Low Risk
306,Germany,Female,33,1,230704.9054438951,2,0,0,62425.423216620045,1,9,0.95,95.0,High Risk
328,Spain,Female,59,1,217778.39222917653,1,0,0,138824.44526850336,0,0,0.0,0.0,Low Risk
332,Germany,Female,49,10,213957.3796728875,2,0,0,27378.575497341673,1,6,0.98,98.0,High Risk
378,France,Female,67,0,49635.69391761641,1,0,1,66388.88356713888,0,1,0.0,0.0,Low Risk
758,Spain,Male,58,9,121078.39962912133,4,0,0,1325.3641113531542,1,2,0.82,82.0,High Risk
837,France,Male,41,1,154038.86762647534,1,0,1,163106.92585531552,0,1,0.0,0.0,Low Risk
781,France,Female,30,6,24987.481002936656,3,0,0,81331.1958792674,0,0,0.0,0.0,Low Risk
729,Spain,Male,27,10,139211.37813389936,1,0,0,155239.67937176983,1,3,0.87,87.0,High Risk
584,Spain,Male,59,2,210010.80338195592,2,0,0,19528.81439101195,1,8,0.98,98.0,High Risk
815,Spain,Female,58,3,234138.48477974423,3,1,1,38767.23488723444,0,0,0.02,2.0,Low Risk
398,Germany,Female,20,3,69582.13163615095,1,1,1,170095.15076498242,1,5,0.97,97.0,High Risk
696,Germany,Male,72,3,72184.83061641367,3,1,0,119096.06114587058,1,5,1.0,100.0,High Risk
788,France,Male,33,1,67682.6543424778,3,1,0,1189.996315386199,0,0,0.03,3.0,Low Risk
338,Spain,Female,61,10,38362.51827847759,3,0,0,181026.63083517912,0,0,0.0,0.0,Low Risk
570,France,Female,47,5,107678.43845389294,4,0,0,196699.74557587423,1,8,0.98,98.0,High Risk
456,France,Male,54,0,196117.21206150163,2,1,0,132240.39638673418,1,1,0.68,68.0,Medium Risk
374,France,Female,77,4,178022.16015454975,2,0,1,145567.70919936057,1,6,1.0,100.0,High Risk
429,France,Female,41,1,225079.83782949,1,0,0,26728.832662121986,0,0,0.0,0.0,Low Risk
383,France,Female,43,8,88935.37067748408,3,0,1,153252.1970100619,0,0,0.0,0.0,Low Risk
321,Spain,Male,75,1,143054.81293880206,1,0,1,19807.90941841096,0,0,0.0,0.0,Low Risk
758,Germany,Male,26,5,191633.87364556172,2,0,0,177950.79026500924,0,0,0.0,0.0,Low Risk
838,Spain,Female,78,3,224543.3260215727,3,1,1,100966.15404724255,0,1,0.03,3.0,Low Risk
681,Spain,Male,36,5,217938.57799749044,2,1,0,28244.299524874215,0,0,0.0,0.0,Low Risk
739,Spain,Female,45,1,116379.39860739338,3,1,0,17751.59535952853,0,1,0.0,0.0,Low Risk
320,Germany,Male,24,1,226714.45842119452,3,1,1,88028.531255988,0,1,0.0,0.0,Low Risk
602,Germany,Male,62,6,111013.93982322812,4,1,1,1077.6914190818966,0,0,0.03,3.0,Low Risk
383,Germany,Male,80,2,225708.05449720193,3,1,0,192245.73014587237,0,0,0.0,0.0,Low Risk
752,Spain,Female,54,2,194242.70172367652,1,1,0,34145.16111800916,0,2,0.13,13.0,Low Risk
686,Germany,Female,33,6,55411.980548157546,2,1,0,83909.45499176484,1,6,0.99,99.0,High Risk
806,France,Female,22,7,232416.91853827744,2,1,1,121338.14143511745,0,0,0.0,0.0,Low Risk
556,Germany,Male,46,6,60616.147733453945,2,0,1,134966.48865806987,0,0,0.0,0.0,Low Risk
826,Spain,Female,69,2,227104.9905452122,3,0,0,112966.2504043815,1,4,0.96,96.0,High Risk
461,Spain,Female,40,2,153777.2673622615,1,0,1,35726.25265342552,0,0,0.0,0.0,Low Risk
462,France,Female,23,6,166844.02680016425,4,1,1,94365.28156891986,0,2,0.02,2.0,Low Risk
823,Germany,Female,53,2,27333.370754434593,4,1,0,64526.0660258518,0,1,0.14,14.0,Low Risk
570,Germany,Male,74,1,16435.25710980506,1,1,0,17885.07724292535,1,4,0.96,96.0,High Risk
791,France,Female,50,6,242085.25608507651,1,1,0,77510.964431815,1,4,0.97,97.0,High Risk
507,Spain,Female,66,2,84231.93143143292,1,1,0,121770.54158946707,1,7,0.98,98.0,High Risk
838,Spain,Male,58,4,211092.780049274,3,1,0,20419.196590772433,0,0,0.0,0.0,Low Risk
359,Germany,Female,72,6,176118.86254752404,3,1,1,33003.833434356944,0,1,0.03,3.0,Low Risk
729,Germany,Male,43,1,151034.59528835778,4,0,0,17264.05502138483,0,1,0.02,2.0,Low Risk
608,Germany,Male,54,7,171302.48802825296,1,0,1,233.6351833758787,0,1,0.07,7.0,Low Risk
819,Germany,Male,34,1,22346.79255286409,1,1,0,187287.57184343127,0,1,0.02,2.0,Low Risk
326,Germany,Female,49,3,103098.81157844276,2,1,0,167658.07814591166,1,2,0.84,84.0,High Risk
498,Spain,Male,45,3,151769.09765025385,4,0,0,46316.730215003765,0,0,0.0,0.0,Low Risk
686,Spain,Male,42,7,216890.73872632813,3,1,0,115530.8339706256,0,1,0.01,1.0,Low Risk
648,Spain,Male,64,10,178671.8374003086,1,0,0,160322.43605209907,0,0,0.01,1.0,Low Risk
835,Spain,Female,39,0,63201.81666492864,3,1,1,73313.80583777493,0,2,0.01,1.0,Low Risk
677,France,Male,78,8,246231.57247272655,2,0,0,147812.74855584197,0,0,0.0,0.0,Low Risk
826,Spain,Male,61,5,160759.1477050386,1,0,1,173732.98476934357,1,3,0.91,91.0,High Risk
452,France,Male,37,3,125329.15452339214,3,1,0,99735.7832201313,0,0,0.0,0.0,Low Risk
505,Spain,Female,67,5,195344.70340247388,3,1,1,177609.67392042992,0,1,0.01,1.0,Low Risk
754,Germany,Male,64,5,150675.10111873754,4,1,0,42002.28784399645,0,0,0.0,0.0,Low Risk
572,Germany,Male,64,8,177497.13654214202,3,1,1,180289.7052264304,0,0,0.0,0.0,Low Risk
535,Germany,Female,89,10,154283.30981209976,3,0,0,161099.61836699277,1,5,1.0,100.0,High Risk
820,France,Female,68,3,44709.50605794657,3,0,0,168014.686120632,0,1,0.01,1.0,Low Risk
800,Spain,Female,72,7,135839.0152094073,3,0,0,909.594399749756,0,0,0.03,3.0,Low Risk
416,Spain,Male,56,0,70775.28837251343,2,1,1,132728.3049366005,0,1,0.0,0.0,Low Risk
685,France,Male,31,5,142572.1113023965,3,0,0,80136.42323874433,0,1,0.02,2.0,Low Risk
643,France,Male,86,4,31375.885940800348,4,0,0,120916.7877128617,1,9,0.95,95.0,High Risk
694,France,Male,64,2,57991.43966017303,2,1,0,16740.78682540031,0,0,0.02,2.0,Low Risk
363,France,Female,38,3,202180.6483623064,2,1,0,47302.68614045188,0,0,0.0,0.0,Low Risk
371,France,Male,32,7,101317.63591004114,3,0,1,70263.07177039023,0,0,0.0,0.0,Low Risk
573,Germany,Female,18,10,168446.2214112357,1,0,0,143688.68857309865,0,0,0.02,2.0,Low Risk
619,Spain,Male,27,10,124462.12276658636,3,0,0,110587.32091306108,0,0,0.0,0.0,Low Risk
637,France,Male,40,9,85174.31014424925,2,1,0,2935.590489632409,0,0,0.01,1.0,Low Risk
665,Germany,Male,35,10,123793.81260401744,3,0,1,66961.78331031505,0,1,0.01,1.0,Low Risk
794,France,Female,75,1,203425.0366389587,4,1,0,187992.72895234017,0,0,0.04,4.0,Low Risk
465,Germany,Female,90,7,70400.16594102919,4,1,1,35978.30890947116,0,1,0.15,15.0,Low Risk
843,France,Female,69,6,105360.90297955794,4,1,1,47363.07673016961,0,1,0.01,1.0,Low Risk
310,Spain,Female,63,0,50645.82111221602,3,0,1,61483.90933410819,0,0,0.0,0.0,Low Risk
600,France,Male,30,1,87797.2414632773,3,1,0,53604.91388292653,0,0,0.0,0.0,Low Risk
401,France,Male,34,6,221277.4272609586,2,0,1,24353.811164644027,0,1,0.0,0.0,Low Risk
724,Spain,Male,84,10,196430.62803289676,2,1,0,62538.91561145646,1,7,0.97,97.0,High Risk
691,Spain,Male,78,10,93403.82318580688,2,0,0,107890.82579358672,0,1,0.08,8.0,Low Risk
513,France,Male,82,2,33098.64601557766,1,0,1,135059.17663249958,0,1,0.01,1.0,Low Risk
387,Spain,Female,70,1,104992.50597493091,4,0,1,128574.80388101838,1,5,0.99,99.0,High Risk
700,Spain,Female,22,0,192930.60140452773,1,0,1,32543.545367070208,0,0,0.0,0.0,Low Risk
345,Germany,Male,49,6,10950.2492394703,1,1,0,122908.69058268463,0,0,0.02,2.0,Low Risk
762,Spain,Male,62,2,186335.1702591772,4,0,0,71671.35163523255,0,0,0.0,0.0,Low Risk
609,Spain,Male,73,5,169977.48270224198,1,1,1,164368.9607563454,1,4,0.97,97.0,High Risk
385,France,Male,22,9,16162.235621962202,3,1,1,72488.65144127938,0,2,0.07,7.0,Low Risk
391,France,Female,51,7,158910.0723269449,4,1,1,195313.98417021224,1,2,0.78,78.0,High Risk
541,Germany,Male,78,5,74663.96174226375,1,1,0,122968.15246958456,0,0,0.0,0.0,Low Risk
301,France,Male,79,6,44321.33008358641,1,1,1,85801.52250942525,0,2,0.15,15.0,Low Risk
524,Spain,Male,86,10,96220.48782324843,1,0,1,100627.4158214034,0,0,0.01,1.0,Low Risk
415,Spain,Male,80,5,51346.940169618574,3,1,0,35198.86245245185,0,0,0.0,0.0,Low Risk
402,Spain,Female,61,6,206138.96959317735,1,0,1,136030.77907707772,0,0,0.0,0.0,Low Risk
493,France,Male,45,4,185500.12645502744,1,0,0,192613.89981672057,0,0,0.02,2.0,Low Risk
465,Spain,Female,87,8,245188.23760107945,1,0,1,102996.51077070982,0,0,0.01,1.0,Low Risk
389,Spain,Female,30,2,133518.71160584973,2,0,0,198470.3762891868,0,1,0.01,1.0,Low Risk
421,Germany,Male,60,5,22301.45544386164,4,1,0,30100.969868553464,1,7,1.0,100.0,High Risk
442,Germany,Male,47,8,91942.1554113272,1,1,0,127540.38839285154,1,2,0.79,79.0,High Risk
405,Germany,Male,43,0,209659.2622304323,1,1,1,135586.11618896323,1,4,0.93,93.0,High Risk
727,France,Male,80,4,99215.80270768308,4,0,1,62351.39398691315,1,5,0.98,98.0,High Risk
604,Spain,Male,90,3,113918.78176622235,1,0,1,70319.47441149197,0,1,0.02,2.0,Low Risk
616,Spain,Female,74,8,102992.7156893787,3,1,0,189094.6003731198,1,8,0.97,97.0,High Risk
308,Spain,Female,81,10,58844.67251709616,1,1,0,122391.72436185816,1,1,0.77,77.0,High Risk
372,Germany,Female,66,10,18298.802829592507,1,0,1,156307.33447324234,1,5,0.98,98.0,High Risk
658,Spain,Female,69,0,45140.08097523537,2,1,0,145199.7432191074,0,1,0.01,1.0,Low Risk
522,Spain,Female,80,3,90985.76943030536,2,0,1,122200.32812405804,0,0,0.0,0.0,Low Risk
715,Spain,Male,30,0,61359.422298033845,3,0,0,9583.838470021548,0,1,0.0,0.0,Low Risk
669,Spain,Male,62,2,143183.79999762878,4,1,0,132541.58569426287,0,0,0.0,0.0,Low Risk
563,Spain,Female,63,3,153476.41522798254,3,1,1,68989.12932646314,0,0,0.0,0.0,Low Risk
617,France,Male,58,0,142516.518709277,4,0,0,93809.99769675494,0,0,0.0,0.0,Low Risk
383,Spain,Male,63,4,21229.75897591281,1,0,0,170292.2942596617,0,1,0.0,0.0,Low Risk
617,France,Female,18,5,166715.07999161552,2,1,0,193741.819045705,0,1,0.0,0.0,Low Risk
410,Spain,Female,90,0,96144.8711704116,3,1,1,138859.44859570486,0,0,0.02,2.0,Low Risk
550,France,Female,85,9,219539.69431452692,3,1,0,46403.77841197493,0,1,0.0,0.0,Low Risk
682,Spain,Male,29,10,131403.59224637333,2,1,1,63544.55144682685,0,0,0.0,0.0,Low Risk
306,Spain,Female,90,9,21128.667214457742,4,0,1,27630.73654650911,0,0,0.03,3.0,Low Risk
758,Spain,Female,52,3,2304.522375139312,1,0,0,116144.70333850416,0,2,0.15,15.0,Low Risk
383,Spain,Male,50,3,175628.0730994233,4,0,1,185983.98960272493,1,3,0.87,87.0,High Risk
507,Germany,Male,75,0,100127.68406942484,2,0,1,162188.9091658595,0,0,0.02,2.0,Low Risk
689,Spain,Female,52,1,71998.96841950607,1,0,1,108732.25533943054,0,0,0.01,1.0,Low Risk
613,France,Male,63,10,111794.76023161104,4,1,0,188280.43060721873,0,0,0.01,1.0,Low Risk
321,Germany,Female,83,9,18098.22355578436,1,0,1,179350.9601342109,0,2,0.1,10.0,Low Risk
709,Germany,Male,61,4,97996.08368566076,2,0,0,72221.51046310633,1,5,1.0,100.0,High Risk
814,Spain,Female,43,1,78674.93957557634,1,1,1,109960.40799075128,0,0,0.0,0.0,Low Risk
426,France,Male,59,2,200047.28485808696,3,0,0,59199.41574905115,0,0,0.0,0.0,Low Risk
313,France,Male,47,8,43713.50192135384,2,1,0,1764.2665883437776,1,2,0.77,77.0,High Risk
311,Germany,Male,49,4,189079.22588203408,3,1,1,90243.1705273716,0,0,0.01,1.0,Low Risk
386,France,Female,53,0,125100.6331394176,1,0,1,150024.5834775672,1,3,0.89,89.0,High Risk
823,Spain,Female,36,4,20471.987271356767,4,0,1,126837.65860442282,0,0,0.01,1.0,Low Risk
836,Spain,Female,39,2,242419.6370899452,1,0,1,185364.48982395948,0,0,0.01,1.0,Low Risk
600,Spain,Male,82,0,183552.41234206344,2,0,1,137157.98232179545,0,0,0.0,0.0,Low Risk
542,Spain,Male,74,2,65023.56682226124,2,1,0,28260.031557012233,1,6,0.99,99.0,High Risk
421,Spain,Male,28,10,145438.32215020785,1,1,1,53370.97480714537,0,1,0.0,0.0,Low Risk
446,Germany,Female,43,5,224983.88245349296,4,1,0,25077.02227696352,1,6,1.0,100.0,High Risk
655,Spain,Male,65,9,232701.7419619005,2,0,1,158949.14666683075,0,1,0.06,6.0,Low Risk
608,Spain,Female,36,4,182789.51004954535,1,1,1,190139.61534444237,0,0,0.0,0.0,Low Risk
587,Germany,Female,29,0,181917.53865068633,4,0,0,45260.75844364213,0,1,0.0,0.0,Low Risk
606,Germany,Female,84,10,69340.3117560249,3,1,0,153107.04714298464,1,4,1.0,100.0,High Risk
848,Germany,Female,73,1,247440.487798017,2,1,0,87406.13195777925,0,0,0.05,5.0,Low Risk
651,France,Female,35,4,60870.30120954043,3,0,0,71049.36044473677,0,0,0.01,1.0,Low Risk
611,France,Male,22,8,22351.607745865505,2,1,1,197377.0981128252,0,1,0.0,0.0,Low Risk
358,Spain,Male,41,10,244345.0434086151,3,0,1,69182.44102383661,0,0,0.0,0.0,Low Risk
334,Spain,Male,55,4,38211.36605047312,1,1,0,132209.3327599645,0,2,0.2,20.0,Low Risk
744,Spain,Male,84,4,130403.3695880574,4,1,0,142562.48972841958,1,3,0.97,97.0,High Risk
392,France,Male,87,0,117060.85095651324,1,0,0,154608.0938637906,1,3,0.74,74.0,Medium Risk
506,Spain,Male,69,4,212051.5058763787,1,1,0,172402.84625225424,0,1,0.02,2.0,Low Risk
652,Spain,Female,56,7,99164.8065738872,1,1,0,113241.67199959383,0,0,0.0,0.0,Low Risk
631,France,Male,76,8,125545.36498251087,2,1,1,120883.32365435168,0,0,0.0,0.0,Low Risk
458,Germany,Female,43,9,10934.424859480929,3,0,0,142230.36107406954,0,1,0.02,2.0,Low Risk
323,France,Female,82,2,51959.32728158972,2,0,0,29785.995793742808,0,1,0.03,3.0,Low Risk
703,Spain,Female,65,3,208248.91457640895,2,0,0,40018.0839985991,0,1,0.01,1.0,Low Risk
815,France,Female,70,6,119590.30059479528,4,0,1,152864.35806343774,0,0,0.02,2.0,Low Risk
663,Germany,Female,26,6,57732.9300028489,1,1,0,27001.718556281787,0,2,0.13,13.0,Low Risk
681,Germany,Male,22,0,92226.83590333557,2,1,1,137696.64634215488,0,0,0.01,1.0,Low Risk
831,Germany,Male,89,10,71273.9057683214,3,0,0,6492.490671243096,1,6,0.95,95.0,High Risk
451,Germany,Male,78,5,139055.20183122982,2,0,0,67516.15089919162,0,0,0.02,2.0,Low Risk
719,Germany,Female,38,8,12861.504555501724,4,1,0,132452.2571089739,0,0,0.02,2.0,Low Risk
549,Germany,Male,80,4,56242.46268651253,4,0,0,141345.72931433798,1,5,0.99,99.0,High Risk
416,Spain,Male,37,7,88741.24897740834,3,0,1,126027.07220019464,0,0,0.0,0.0,Low Risk
811,Spain,Female,75,10,232053.52591593133,4,0,0,88313.5222622143,1,5,0.99,99.0,High Risk
634,France,Female,62,9,155819.552377597,1,0,1,50941.76628780102,0,1,0.05,5.0,Low Risk
717,Spain,Male,39,10,126063.4139031325,1,1,1,122663.40677518184,0,1,0.01,1.0,Low Risk
594,Germany,Female,80,8,47705.86344486124,4,1,0,37002.70382722079,0,1,0.09,9.0,Low Risk
670,Spain,Female,47,9,139463.25504736116,2,0,0,12062.63044219492,1,7,0.99,99.0,High Risk
485,France,Female,80,9,232252.38763336005,4,0,1,3930.326496548252,0,0,0.03,3.0,Low Risk
545,Germany,Male,61,2,141577.32614140742,3,1,0,53553.85942463259,0,1,0.0,0.0,Low Risk
567,Spain,Female,84,0,41193.51423869533,1,1,0,6002.960953503597,1,5,0.99,99.0,High Risk
536,Spain,Female,75,1,249279.74929946015,1,0,1,49849.24234923299,1,3,0.61,61.0,Medium Risk
829,France,Female,82,4,124714.3962307185,2,1,0,57888.21315658144,0,0,0.03,3.0,Low Risk
320,Germany,Female,53,9,79888.81584638091,3,1,1,68993.21062599774,1,5,0.99,99.0,High Risk
819,France,Female,23,6,125844.03308405956,1,1,1,142698.90725735345,0,0,0.01,1.0,Low Risk
399,Germany,Male,54,10,65922.6988098753,1,1,0,88267.9935659305,0,0,0.01,1.0,Low Risk
777,Germany,Male,72,5,7593.291946405872,3,1,1,197060.33638201572,0,1,0.06,6.0,Low Risk
597,Spain,Female,76,3,222380.32207092864,2,1,0,189471.897945428,0,1,0.02,2.0,Low Risk
825,France,Female,55,8,107218.60770888808,4,0,1,196307.6419006096,0,0,0.01,1.0,Low Risk
633,France,Male,42,10,188223.17506137153,2,1,1,82451.7967371358,0,2,0.01,1.0,Low Risk
301,France,Male,50,3,242813.84497322337,1,1,0,8850.076021990193,0,1,0.02,2.0,Low Risk
674,Germany,Female,30,2,158146.8941197397,1,0,0,172060.92851322566,0,0,0.01,1.0,Low Risk
592,France,Female,55,10,172904.08464913137,2,0,1,86982.92432461698,0,0,0.02,2.0,Low Risk
617,Germany,Male,75,4,235810.23689946465,2,0,1,128235.8995182312,0,0,0.02,2.0,Low Risk
801,France,Female,37,3,129138.61150414312,1,0,0,168687.0388003254,0,0,0.01,1.0,Low Risk
680,France,Female,34,1,79974.96947481597,3,0,1,121465.21263115131,0,1,0.01,1.0,Low Risk
313,Spain,Male,41,2,230346.06416335655,3,0,1,147383.20899094554,0,1,0.0,0.0,Low Risk
803,France,Male,43,6,17248.527194484497,4,0,0,49757.17244868767,0,0,0.0,0.0,Low Risk
530,Spain,Male,57,1,53651.98843494828,1,0,0,39019.022461054534,0,2,0.53,53.0,Medium Risk
383,Spain,Male,49,0,85316.16182229442,1,0,1,111058.29751774648,1,4,0.98,98.0,High Risk
429,Germany,Female,54,1,195527.90528259764,4,1,0,127592.7850342784,0,0,0.02,2.0,Low Risk
444,France,Female,77,7,225975.36167963824,1,0,1,174357.60545280893,0,0,0.0,0.0,Low Risk
327,France,Female,74,7,112946.6374401997,1,0,1,164281.51464912217,0,2,0.07,7.0,Low Risk
365,France,Female,75,9,71531.92291872625,2,1,1,197810.70342154987,1,5,0.97,97.0,High Risk
462,Spain,Male,84,1,88302.68107946384,3,1,0,193271.0147156869,0,2,0.15,15.0,Low Risk
528,France,Male,39,5,164136.82855894807,3,0,0,124705.72041432896,0,0,0.0,0.0,Low Risk
560,Germany,Female,75,10,39501.77915089503,3,0,0,100699.19545047377,0,0,0.02,2.0,Low Risk
748,Germany,Female,90,10,136857.696467804,4,1,1,152130.93522388054,0,0,0.02,2.0,Low Risk
723,France,Female,91,10,147110.8245046449,2,0,1,52281.90296554136,0,0,0.02,2.0,Low Risk
759,Spain,Male,66,6,176963.93760219828,1,0,1,70481.69510241935,0,0,0.0,0.0,Low Risk
600,Germany,Male,66,0,150974.4770709688,3,0,0,153427.51175270908,1,5,0.99,99.0,High Risk
602,Germany,Male,59,6,24238.905366533116,3,0,1,189994.64275441517,0,1,0.02,2.0,Low Risk
586,Spain,Female,57,10,172199.72193023388,2,0,1,179072.48940909104,0,0,0.02,2.0,Low Risk
694,Germany,Female,88,7,5436.857659960936,1,0,1,14580.71121450683,0,0,0.0,0.0,Low Risk
309,Spain,Female,63,8,97577.20090301486,4,0,1,46390.982262984086,0,1,0.03,3.0,Low Risk
569,Germany,Male,39,7,104265.73442840912,1,0,1,54666.84609814103,1,6,0.98,98.0,High Risk
660,Spain,Female,38,2,29157.62049753426,4,1,1,76643.9603478457,0,2,0.0,0.0,Low Risk
556,Germany,Male,68,7,2464.28485884323,4,1,0,14154.446324584223,0,0,0.0,0.0,Low Risk
432,France,Female,31,2,17790.460336975346,1,0,0,46184.29435195197,0,1,0.0,0.0,Low Risk
575,Germany,Female,91,5,111574.9905961946,4,0,0,143231.4158386256,1,3,0.89,89.0,High Risk
812,Germany,Male,26,3,60088.56049193842,3,0,1,48897.8060278388,0,1,0.0,0.0,Low Risk
612,France,Male,35,6,17245.09945078101,2,0,0,188508.9353400349,1,7,0.96,96.0,High Risk
583,France,Female,30,7,64101.35273690046,3,0,1,84612.55325036513,0,0,0.0,0.0,Low Risk
420,France,Male,34,9,132205.5886097453,4,0,1,19946.154633545277,0,0,0.0,0.0,Low Risk
406,France,Male,42,5,185534.7097377401,4,1,0,168536.04520490058,0,1,0.0,0.0,Low Risk
503,Spain,Male,71,9,103000.33674955284,2,1,1,183101.03351594455,0,0,0.0,0.0,Low Risk
464,Spain,Male,33,3,153287.24009414983,2,1,1,185623.34062063711,0,0,0.0,0.0,Low Risk
604,Germany,Male,41,7,149191.16854251796,3,0,1,98790.898527251,0,1,0.02,2.0,Low Risk
796,Germany,Female,40,6,224078.62693275433,2,0,0,184102.98719989465,0,0,0.0,0.0,Low Risk
455,Germany,Female,58,9,44848.56827796563,2,0,1,141840.71228257686,1,3,0.93,93.0,High Risk
666,Spain,Female,50,7,119107.6108753882,4,1,1,39131.19272514321,1,5,0.99,99.0,High Risk
550,Germany,Female,59,9,157957.43287937946,2,1,0,106643.15202307164,1,6,1.0,100.0,High Risk
633,Germany,Male,65,6,129930.58126366684,4,1,1,86574.38508811603,0,1,0.0,0.0,Low Risk
810,Spain,Female,35,2,112585.3964654629,1,0,0,90216.1703969427,0,1,0.0,0.0,Low Risk
592,Germany,Male,80,2,243364.74567944047,1,1,1,82671.68152385866,1,10,0.94,94.0,High Risk
319,Spain,Female,28,8,235503.45861760876,1,1,0,35063.08551586285,0,1,0.0,0.0,Low Risk
581,Spain,Female,41,6,152863.8612632216,4,1,0,78012.65429869136,0,2,0.02,2.0,Low Risk
300,France,Male,78,0,109893.9273395672,1,1,0,102405.15192332832,0,0,0.05,5.0,Low Risk
418,France,Female,81,2,188845.5303266417,3,0,1,57142.004413547256,1,6,0.99,99.0,High Risk
334,Spain,Female,53,10,128233.68660419484,4,0,1,35378.363968415775,1,3,0.89,89.0,High Risk
497,Spain,Female,70,0,248892.40536108505,3,0,1,39655.09975778282,0,0,0.01,1.0,Low Risk
784,France,Female,64,5,171484.32380563812,4,1,1,38602.13199729656,0,0,0.0,0.0,Low Risk
358,Germany,Female,69,1,17040.01491172266,3,1,0,89355.60128302648,0,0,0.0,0.0,Low Risk
460,Germany,Female,74,6,100477.66360015595,1,1,0,41823.81125119821,1,3,0.97,97.0,High Risk
505,Germany,Female,40,7,182566.1744537836,3,0,0,143468.2322126663,1,5,0.98,98.0,High Risk
311,Spain,Male,76,5,210592.3110672563,1,0,1,67132.18932731649,0,0,0.0,0.0,Low Risk
789,France,Female,86,4,203342.37499323225,4,0,1,187877.46586122012,0,0,0.04,4.0,Low Risk
575,Germany,Female,73,9,244309.43108360912,1,0,0,12555.212756920138,0,0,0.0,0.0,Low Risk
541,France,Female,59,3,122280.12374812724,2,1,0,61997.43851881204,0,0,0.0,0.0,Low Risk
515,France,Female,35,8,35016.760552801534,2,1,0,147672.69786055296,0,0,0.01,1.0,Low Risk
550,Spain,Female,88,7,163060.79524963192,1,0,0,136959.82737142622,1,4,1.0,100.0,High Risk
425,Germany,Female,50,4,17687.226789657063,2,1,0,84132.23644053051,0,1,0.02,2.0,Low Risk
516,France,Male,20,0,243380.82607719232,2,0,0,174040.8401522074,0,0,0.01,1.0,Low Risk
605,Spain,Female,45,7,189633.26756074216,2,0,0,14283.694235718292,0,0,0.01,1.0,Low Risk
484,Spain,Female,18,7,245537.08660665463,2,0,0,101824.516528202,0,1,0.0,0.0,Low Risk
338,Spain,Male,80,6,94313.24775423542,3,0,1,40090.75654420697,1,1,0.67,67.0,Medium Risk
522,Germany,Male,64,6,3949.173750684904,2,0,0,74794.94518543874,0,2,0.46,46.0,Low Risk
483,Germany,Female,54,7,130322.42452606984,4,0,0,139815.43592283572,0,0,0.0,0.0,Low Risk
794,Spain,Female,65,0,30295.8178334608,1,1,1,19803.47635684811,0,0,0.0,0.0,Low Risk
726,Germany,Female,36,2,169906.92417299908,4,0,1,8763.895760493151,0,0,0.0,0.0,Low Risk
477,Germany,Male,31,3,124387.85623713738,2,1,1,84171.84310458187,0,0,0.01,1.0,Low Risk
727,France,Male,84,10,188361.74405879623,4,0,1,54291.61548406434,1,7,0.99,99.0,High Risk
593,Spain,Female,82,5,72767.19823099361,2,0,1,144106.795442386,0,0,0.0,0.0,Low Risk
450,Spain,Female,43,9,207291.39108386813,3,0,0,13119.463370741416,0,0,0.0,0.0,Low Risk
683,Germany,Male,27,9,162705.13636767908,3,0,0,193301.4225179037,1,4,0.95,95.0,High Risk
607,Spain,Male,87,8,246927.4307289958,3,1,1,124154.22965484064,0,0,0.01,1.0,Low Risk
635,Spain,Male,60,3,44639.258132897485,2,0,1,100258.128522846,0,0,0.01,1.0,Low Risk
674,Spain,Male,87,5,12793.188082989043,1,1,0,82515.80650385488,0,1,0.15,15.0,Low Risk
307,Germany,Female,89,8,212762.48458282667,3,0,1,149803.557840714,0,1,0.03,3.0,Low Risk
640,Germany,Male,76,8,84612.82155416464,2,0,0,71271.19391626316,1,6,1.0,100.0,High Risk
428,Germany,Male,20,5,107811.59100179707,2,1,1,155391.8130094663,0,1,0.0,0.0,Low Risk
651,France,Female,22,4,231417.06557905377,4,1,0,142141.39590423755,0,0,0.01,1.0,Low Risk
657,Spain,Male,54,2,110174.20296538025,2,1,1,110274.27863008527,0,0,0.0,0.0,Low Risk
816,France,Female,69,4,74504.7690819956,4,1,1,177735.6118488348,0,2,0.05,5.0,Low Risk
794,Germany,Male,83,2,14873.873644550144,3,0,1,69203.69820836232,0,0,0.01,1.0,Low Risk
385,France,Female,80,4,110733.8347172438,4,1,1,11579.454773489531,1,7,0.99,99.0,High Risk
474,Spain,Male,24,9,163737.88148611312,2,1,1,75246.46880985425,0,1,0.0,0.0,Low Risk
492,Spain,Female,70,9,67293.7644343049,4,1,0,175068.2296106694,0,1,0.0,0.0,Low Risk
610,Germany,Female,23,0,179444.8493258072,3,0,1,15472.356072793596,0,0,0.01,1.0,Low Risk
418,Germany,Male,24,5,119565.98700811356,2,1,1,152632.96333850126,0,1,0.0,0.0,Low Risk
517,France,Female,61,6,214526.82302902732,1,0,0,165053.53880158006,0,1,0.0,0.0,Low Risk
726,Germany,Female,35,1,40434.36806899756,1,1,1,85596.26167774481,0,1,0.0,0.0,Low Risk
713,France,Male,71,2,189269.91581626423,2,0,1,38911.926656136944,0,0,0.0,0.0,Low Risk
413,Spain,Female,46,9,233138.1441780009,3,1,0,71109.56846434997,0,1,0.01,1.0,Low Risk
444,Spain,Female,42,8,185349.48404041943,2,1,0,79700.34638747106,0,1,0.0,0.0,Low Risk
837,Spain,Male,80,7,101484.33226067388,1,0,1,186452.45219149103,0,0,0.01,1.0,Low Risk
602,Spain,Male,85,3,57613.94173607845,2,0,1,56931.64829690669,0,0,0.0,0.0,Low Risk
644,Spain,Female,30,10,24591.85417454743,4,0,1,194522.79775484523,0,0,0.03,3.0,Low Risk
300,France,Female,49,7,160592.42443790296,4,0,1,21772.999871789,0,1,0.02,2.0,Low Risk
446,Spain,Female,44,10,35713.578900385764,3,1,0,194806.1440660769,0,1,0.01,1.0,Low Risk
586,France,Female,68,7,209576.0039071809,3,1,0,44671.62220310581,1,0,0.0,0.0,Low Risk
352,Spain,Female,51,5,240184.335673861,3,1,0,33560.26800653226,0,2,0.14,14.0,Low Risk
603,France,Male,45,0,33947.29456072809,3,1,1,24028.886065094262,0,0,0.0,0.0,Low Risk
368,France,Female,90,1,94013.23780196666,4,1,0,63258.58892708034,1,7,1.0,100.0,High Risk
660,France,Male,89,3,234318.02636731733,1,1,1,123316.15674500244,0,0,0.0,0.0,Low Risk
519,Germany,Male,47,3,117676.14554497533,3,1,0,133269.34002871776,1,3,0.98,98.0,High Risk
460,France,Male,26,1,133854.01409153384,3,0,1,73997.32118674964,0,0,0.0,0.0,Low Risk
388,France,Male,30,8,186878.99974095708,1,0,0,46159.312532696,0,0,0.0,0.0,Low Risk
458,Spain,Female,81,1,52633.352727190744,3,1,0,199005.8182186228,0,0,0.05,5.0,Low Risk
788,France,Female,55,5,244787.26768715185,1,1,0,54124.72285577166,1,5,0.98,98.0,High Risk
623,France,Female,39,4,195220.88275192093,3,0,0,75664.32104149867,0,0,0.0,0.0,Low Risk
680,Germany,Male,48,3,40343.342452205776,3,1,0,96201.09602667316,0,0,0.0,0.0,Low Risk
401,Spain,Male,59,5,27767.394292192967,3,0,1,147920.21567037338,0,0,0.01,1.0,Low Risk
793,Germany,Female,79,3,233738.55674692136,4,1,0,30427.425556231097,1,6,0.97,97.0,High Risk
318,Germany,Male,81,8,171256.94996922062,4,0,0,53234.17096244258,0,0,0.01,1.0,Low Risk
753,Germany,Female,91,10,9641.826530779495,4,0,0,199381.16693341397,0,0,0.04,4.0,Low Risk
781,France,Male,26,9,35496.8051308602,3,0,1,165033.55846821226,0,1,0.0,0.0,Low Risk
696,Germany,Male,61,6,11957.311306463189,4,0,1,88780.22220686138,1,6,0.98,98.0,High Risk
578,Germany,Male,80,2,243520.42660473273,4,0,1,21746.740657322134,0,2,0.27,27.0,Low Risk
664,Spain,Male,57,9,124462.7248047524,4,0,0,173343.06617359928,0,1,0.02,2.0,Low Risk
630,Spain,Male,58,3,115537.10966547603,2,0,0,156603.0129887619,1,5,0.99,99.0,High Risk
643,Spain,Male,89,0,238944.691544714,4,0,0,116141.73427946187,1,4,0.99,99.0,High Risk
754,Spain,Male,67,5,126158.99886711976,2,1,0,80897.37687031979,0,1,0.02,2.0,Low Risk
364,Germany,Female,37,1,129438.71173993158,4,0,1,187123.59438032433,0,1,0.01,1.0,Low Risk
375,Spain,Female,87,3,246024.2908383334,3,0,1,59139.219900747485,0,0,0.02,2.0,Low Risk
442,France,Male,59,4,27858.05418682355,3,1,0,64189.616167407534,0,0,0.02,2.0,Low Risk
772,Germany,Male,50,7,246438.69919699745,3,1,0,175108.1411950388,1,4,0.99,99.0,High Risk
716,Spain,Female,80,2,41419.47495522646,2,1,0,125272.22737188076,0,0,0.01,1.0,Low Risk
604,Germany,Male,74,5,118227.86590376294,3,1,0,190180.5780924411,0,1,0.03,3.0,Low Risk
796,Spain,Female,82,0,84403.41990533377,1,1,0,129005.7914825235,0,0,0.01,1.0,Low Risk
590,Germany,Female,69,8,238855.3121496549,4,1,0,6607.8477489690185,0,1,0.04,4.0,Low Risk
401,Spain,Female,23,0,121375.82720530672,2,0,0,35367.45091646127,0,1,0.0,0.0,Low Risk
566,France,Female,24,1,5753.629197711357,2,1,1,56368.902219103664,0,1,0.0,0.0,Low Risk
302,Spain,Female,26,0,55422.7835734972,2,1,0,173453.48703109278,0,0,0.0,0.0,Low Risk
384,Germany,Male,78,7,107703.01152155027,3,1,0,166172.79022604166,0,1,0.01,1.0,Low Risk
627,Germany,Male,51,3,169097.60190724683,1,1,0,158067.50909708516,1,4,1.0,100.0,High Risk
749,France,Female,52,1,140475.74958873726,2,1,1,110711.98872173976,1,7,1.0,100.0,High Risk
753,Germany,Male,37,6,212477.32343415503,4,0,1,27800.60028322016,1,8,0.97,97.0,High Risk
520,France,Female,75,7,207108.397008229,4,1,0,26248.841224446172,0,2,0.09,9.0,Low Risk
453,Germany,Male,77,8,147627.3251306152,1,0,0,25227.129118595632,0,1,0.04,4.0,Low Risk
311,Germany,Male,71,4,142828.7341142478,4,0,1,170923.85183600456,1,7,0.99,99.0,High Risk
432,France,Male,52,2,69541.17900189088,1,0,1,28320.00205825213,0,0,0.01,1.0,Low Risk
603,Germany,Male,64,0,239476.46624862705,4,0,1,161707.39757482757,1,4,0.99,99.0,High Risk
592,Germany,Male,63,7,19212.8344346702,1,1,1,168951.46501041096,0,0,0.02,2.0,Low Risk
599,France,Male,21,5,99257.56461231069,3,0,1,21015.77851967412,0,3,0.14,14.0,Low Risk
342,Spain,Male,27,4,165208.97240650706,4,1,1,180401.6122349379,0,2,0.16,16.0,Low Risk
642,France,Male,57,6,236415.77502142833,4,0,0,179508.65673193245,1,3,0.96,96.0,High Risk
625,Germany,Female,72,4,125382.44259575226,4,1,1,127645.97178730438,0,0,0.0,0.0,Low Risk
797,Spain,Female,90,10,223979.83162665553,3,1,0,102606.7924461058,0,1,0.04,4.0,Low Risk
663,Spain,Male,57,3,26199.94449902155,3,1,0,129464.64571342112,0,0,0.0,0.0,Low Risk
726,Spain,Male,40,4,132896.0436826475,2,0,0,80969.18495771672,1,5,0.99,99.0,High Risk
320,France,Male,32,10,79012.63993525972,2,1,1,117736.16804902296,0,2,0.05,5.0,Low Risk
706,Spain,Female,22,6,198924.190476845,1,0,0,193905.3579521212,0,2,0.04,4.0,Low Risk
635,Spain,Male,57,10,111248.70297547968,2,0,1,22666.82151468821,1,5,0.99,99.0,High Risk
416,Spain,Male,35,5,118813.12153510672,4,1,0,46765.83278791372,0,0,0.0,0.0,Low Risk
423,Germany,Female,38,9,16195.523631171882,3,0,1,104822.80858069273,0,0,0.0,0.0,Low Risk
698,France,Female,20,9,109502.5153096977,3,1,1,51729.12399774552,0,0,0.02,2.0,Low Risk
350,France,Female,63,10,20207.174233111637,3,1,1,198553.95991110065,0,0,0.02,2.0,Low Risk
623,Germany,Male,70,8,74890.52952258485,3,1,1,144056.8722631439,0,0,0.0,0.0,Low Risk
440,Spain,Female,37,9,31720.367220897355,1,0,1,86800.94448154076,0,0,0.0,0.0,Low Risk
769,Germany,Male,76,1,83620.23110933971,2,1,1,180549.3279441303,1,6,0.97,97.0,High Risk
633,Germany,Female,38,6,56847.08620356274,3,1,0,28897.94223153134,0,0,0.0,0.0,Low Risk
672,Spain,Male,68,0,71294.98848344928,1,0,0,57588.1169864193,1,8,1.0,100.0,High Risk
793,Spain,Male,42,7,37096.46002524089,4,0,1,191187.09305459756,0,0,0.01,1.0,Low Risk
838,France,Male,85,3,109901.90325366567,2,0,0,111398.81841642916,0,2,0.09,9.0,Low Risk
455,Spain,Female,27,7,124394.11836801618,1,0,1,184133.40670554905,0,1,0.0,0.0,Low Risk
590,Germany,Male,84,7,209161.92329097848,3,1,0,196841.6488287427,1,9,0.96,96.0,High Risk
443,Germany,Male,26,3,134706.35066401257,3,0,1,72051.61496450892,0,0,0.02,2.0,Low Risk
405,Spain,Male,46,3,57189.3822509767,3,0,0,115301.23094007236,1,8,0.95,95.0,High Risk
719,France,Female,54,4,183973.92415799844,4,0,0,169340.46262378152,0,0,0.0,0.0,Low Risk
301,Germany,Male,88,6,74311.68668623631,2,0,1,54555.49040514966,0,0,0.01,1.0,Low Risk
389,Spain,Male,55,5,189099.1366364949,3,1,1,89356.38037917747,0,0,0.0,0.0,Low Risk
644,France,Male,89,0,96791.01455152544,2,0,1,30672.4045105918,0,2,0.06,6.0,Low Risk
649,France,Male,76,5,128418.76564654616,4,0,1,130510.87834575196,0,0,0.05,5.0,Low Risk
758,Germany,Female,74,2,125938.89202254891,1,1,0,848.8391408369187,1,5,0.98,98.0,High Risk
562,Germany,Male,77,8,238908.9598550907,2,0,1,89867.16411390796,0,2,0.2,20.0,Low Risk
650,France,Female,45,2,38416.32879153392,1,1,1,185829.70694718696,0,1,0.01,1.0,Low Risk
407,France,Female,45,8,234638.89963961943,2,0,0,179461.51930710443,0,1,0.02,2.0,Low Risk
338,France,Male,63,4,140497.14683471556,3,1,1,160755.91943751727,0,1,0.0,0.0,Low Risk
458,Spain,Female,88,9,248422.14534241488,3,1,1,28240.409708430732,0,0,0.0,0.0,Low Risk
611,Germany,Female,84,7,143284.56900467994,1,0,1,104056.80848514909,1,7,0.98,98.0,High Risk
540,France,Female,72,8,164094.02734996364,2,1,1,143830.6303266304,0,1,0.01,1.0,Low Risk
744,Germany,Male,55,8,187393.55077431267,4,1,1,20243.704410447783,0,1,0.04,4.0,Low Risk
597,Germany,Female,35,6,205447.29481821205,2,1,0,29409.320259243235,0,0,0.01,1.0,Low Risk
335,Germany,Female,80,9,119390.90243695104,1,1,1,8022.736169402005,0,0,0.0,0.0,Low Risk
383,France,Male,22,0,169648.47177106465,2,1,0,64621.493355777304,1,8,0.98,98.0,High Risk
751,Spain,Male,61,7,153720.74897551822,2,0,1,175465.6938142695,1,4,0.99,99.0,High Risk
684,France,Female,46,6,101771.74926812238,1,0,0,101500.08024906444,0,1,0.01,1.0,Low Risk
471,Germany,Female,31,3,205199.4041035072,1,0,0,170655.60937554738,0,0,0.01,1.0,Low Risk
675,France,Female,75,5,48112.13830442493,1,0,0,16739.197862056903,0,1,0.02,2.0,Low Risk
661,France,Male,61,9,41782.67784434436,2,1,0,11229.98517198728,0,1,0.01,1.0,Low Risk
440,Germany,Female,35,1,184109.5536241538,1,0,1,160782.17481642697,0,0,0.0,0.0,Low Risk
417,Germany,Male,24,3,159371.32842890828,1,0,1,99555.05422070454,0,0,0.01,1.0,Low Risk
576,France,Female,79,7,79415.11638409257,4,0,0,94191.09959130092,0,2,0.07,7.0,Low Risk
519,France,Female,62,3,158782.47612913258,4,0,0,95135.09884439896,1,8,1.0,100.0,High Risk
325,France,Male,33,9,192661.7971034047,4,1,1,76220.44053067814,0,0,0.0,0.0,Low Risk
820,France,Female,81,3,54241.54455133473,1,1,1,177282.15563133374,0,0,0.0,0.0,Low Risk
309,Spain,Male,54,3,145348.53295120993,1,0,0,104204.216033845,0,0,0.0,0.0,Low Risk
677,France,Female,42,9,206166.4751294035,4,0,1,194777.73525297403,0,0,0.0,0.0,Low Risk
451,Spain,Male,26,8,102809.6346066018,3,1,0,169306.7242989266,1,5,1.0,100.0,High Risk
348,Germany,Male,72,10,142934.176892992,3,0,1,147516.82762194448,0,0,0.01,1.0,Low Risk
453,Spain,Female,45,1,19633.926068117176,4,0,1,127245.23426252844,0,0,0.0,0.0,Low Risk
592,Germany,Male,26,6,207617.1819146645,4,0,0,167035.6926768045,1,7,1.0,100.0,High Risk
349,Spain,Female,29,2,199031.59222221668,3,0,1,176347.3243637384,0,0,0.0,0.0,Low Risk
830,Germany,Male,35,3,114063.61324915465,4,0,1,26656.840551630823,0,2,0.05,5.0,Low Risk
359,France,Male,73,0,29812.102547059403,1,0,1,71954.59887344776,0,0,0.0,0.0,Low Risk
466,Spain,Male,91,2,165099.6960222974,4,1,0,161091.73704688784,1,3,0.95,95.0,High Risk
501,Spain,Female,75,1,143245.0299531786,2,1,1,44268.91936261328,0,0,0.0,0.0,Low Risk
445,Germany,Male,68,9,229869.97436795093,3,1,1,117243.7509898737,0,1,0.04,4.0,Low Risk
738,Germany,Male,49,6,69952.13245102788,1,0,1,156092.29746066386,1,6,0.99,99.0,High Risk
541,Spain,Male,65,5,8081.616091943772,3,1,1,44795.33724380171,0,1,0.0,0.0,Low Risk
782,Germany,Female,25,0,63684.902511935536,4,0,1,80408.79663300615,0,0,0.01,1.0,Low Risk
407,France,Female,47,10,106976.74484576576,3,1,0,183023.9837474085,1,2,0.38,38.0,Low Risk
525,Spain,Male,43,7,38861.10990129815,4,1,1,71206.9118079106,0,1,0.0,0.0,Low Risk
731,France,Male,41,8,244933.7360036803,1,1,1,120947.93906026598,0,1,0.0,0.0,Low Risk
718,Spain,Female,44,0,55597.75649738841,1,1,0,86774.63392591583,0,1,0.0,0.0,Low Risk
754,France,Male,56,4,169465.2135819348,3,1,0,175408.03442701063,1,10,0.99,99.0,High Risk
459,Spain,Male,83,6,113528.17158902025,1,0,0,84835.28113390217,0,0,0.01,1.0,Low Risk
822,Germany,Male,68,1,138786.96370666858,3,1,1,71851.92826535323,1,4,0.97,97.0,High Risk
376,Spain,Male,90,5,233169.99809220195,3,0,1,34662.77478774686,1,11,0.99,99.0,High Risk
808,France,Male,67,7,132888.4604130362,3,0,0,69854.9508073969,0,0,0.01,1.0,Low Risk
740,Spain,Male,62,7,76306.62247039666,3,1,0,133914.18248228528,0,0,0.04,4.0,Low Risk
553,France,Female,50,9,55203.57687675312,2,0,1,35170.408213313545,0,0,0.0,0.0,Low Risk
619,France,Male,36,9,222998.21751612643,2,0,1,141077.78533691613,0,0,0.0,0.0,Low Risk
562,France,Male,30,7,246681.2664178869,4,1,1,2139.299658814658,0,1,0.01,1.0,Low Risk
673,Germany,Female,39,5,62958.03972373795,1,0,0,73396.93155047433,0,0,0.0,0.0,Low Risk
466,Spain,Female,37,5,180483.4345341368,2,1,1,93192.30677304516,0,0,0.0,0.0,Low Risk
758,France,Female,22,10,126438.1214580748,2,1,0,19233.10641362474,0,1,0.0,0.0,Low Risk
579,Germany,Female,49,2,174645.74948976762,1,1,0,136822.6390069719,1,5,1.0,100.0,High Risk
601,France,Male,47,1,241053.64319266105,3,1,0,20560.35430231762,1,1,0.66,66.0,Medium Risk
830,Spain,Female,43,4,69021.68210531176,2,1,1,18001.45854020145,0,0,0.0,0.0,Low Risk
517,Germany,Male,21,8,184986.49551491003,2,0,1,73592.9399819348,0,0,0.0,0.0,Low Risk
401,France,Female,84,3,109486.70265804567,2,1,0,147662.29799011466,0,2,0.07,7.0,Low Risk
587,France,Female,60,4,163133.52834178362,2,1,0,192735.35517906453,1,4,0.94,94.0,High Risk
466,France,Female,47,5,101662.9789711594,3,0,1,155205.80647388654,1,7,0.98,98.0,High Risk
335,Spain,Male,33,10,177083.99504149417,1,0,0,93206.27806691588,0,1,0.0,0.0,Low Risk
652,Germany,Female,88,5,84375.39458188337,2,0,0,54526.745207021355,1,5,0.98,98.0,High Risk
372,Germany,Female,56,3,122088.7743981846,2,1,1,60289.73242390552,0,1,0.02,2.0,Low Risk
652,Germany,Female,58,3,177198.41122538946,2,1,1,56746.888246774426,0,0,0.01,1.0,Low Risk
369,France,Male,48,7,10676.699473065182,2,1,1,55671.772790456795,1,6,1.0,100.0,High Risk
724,Germany,Male,66,4,82022.38281846915,1,0,0,13828.50658599779,1,6,0.99,99.0,High Risk
816,France,Female,30,10,136546.17565668735,3,1,0,44096.97715411689,0,2,0.16,16.0,Low Risk
727,Spain,Male,58,4,18533.794516664093,4,0,1,21594.417340891217,0,0,0.01,1.0,Low Risk
838,Germany,Female,45,8,175789.19275024434,1,0,1,1484.6815648948805,0,0,0.0,0.0,Low Risk
459,France,Male,81,3,203321.73912292425,2,1,0,57127.48314415491,0,0,0.01,1.0,Low Risk
448,Germany,Female,36,6,40831.82739046479,4,1,0,70444.7515643199,0,0,0.0,0.0,Low Risk
529,Germany,Male,89,4,183365.7502650702,2,0,1,185487.40913422572,0,0,0.02,2.0,Low Risk
366,Spain,Female,42,8,161550.0336901083,1,1,1,198964.39179238363,0,0,0.0,0.0,Low Risk
680,Germany,Male,55,7,102719.61971577632,3,1,1,115891.71639331112,0,0,0.01,1.0,Low Risk
357,Spain,Male,20,7,41247.03301120239,4,0,1,180197.6924603403,0,1,0.0,0.0,Low Risk
558,Germany,Female,19,9,238719.590571047,4,0,0,123649.02454887316,0,1,0.02,2.0,Low Risk
641,Germany,Female,22,9,116002.74436561143,3,1,1,99520.605934762,0,0,0.0,0.0,Low Risk
429,Germany,Male,78,2,45910.86307128958,3,1,0,8546.222744354935,0,2,0.39,39.0,Low Risk
471,Germany,Female,37,8,179541.0614420923,4,0,0,8928.778634129376,0,0,0.0,0.0,Low Risk
508,Germany,Female,55,7,151974.48888738666,4,1,1,6169.181887095106,1,6,1.0,100.0,High Risk
653,Germany,Female,53,2,204049.49747517848,4,0,1,30024.56297468351,1,3,0.93,93.0,High Risk
770,Spain,Female,63,9,249024.1779256118,4,0,0,15389.633068382564,1,4,0.97,97.0,High Risk
415,Spain,Male,54,0,11216.791569731156,3,1,0,38943.78190521478,0,0,0.02,2.0,Low Risk
563,France,Female,71,4,184828.93973188233,1,1,0,103846.778179351,1,2,0.64,64.0,Medium Risk
741,Germany,Male,38,3,247282.72227668023,1,0,0,100645.14079262312,1,4,0.98,98.0,High Risk
847,Spain,Male,38,7,134557.9097405245,3,1,1,68843.11618032583,0,0,0.01,1.0,Low Risk
752,Germany,Female,87,5,178925.51356060774,1,0,1,133198.35426166735,1,3,0.92,92.0,High Risk
776,Germany,Female,77,9,110277.62874808296,1,0,0,78390.79284110093,0,0,0.01,1.0,Low Risk
586,Spain,Male,53,4,89193.4285021285,2,0,0,44055.839780637245,0,2,0.33,33.0,Low Risk
602,Germany,Female,28,8,174114.52295922604,1,1,1,138433.69723737886,0,1,0.01,1.0,Low Risk
610,Spain,Female,48,5,247022.3510268893,4,0,0,196041.0074595466,1,9,0.99,99.0,High Risk
507,Spain,Male,54,10,22916.603921328493,1,1,0,162142.92683560547,0,1,0.0,0.0,Low Risk
745,France,Male,77,10,105530.37010548468,3,0,0,82816.17984430511,0,0,0.02,2.0,Low Risk
354,France,Male,78,10,235154.7007326121,1,0,0,75139.89806442785,0,0,0.01,1.0,Low Risk
311,France,Female,84,10,28199.57313695204,3,0,0,7739.356395307329,0,0,0.09,9.0,Low Risk
699,France,Female,46,2,162733.3278867212,4,1,0,131417.95949725222,0,0,0.0,0.0,Low Risk
814,Germany,Male,84,5,107541.20265746785,2,1,1,44532.56549735579,0,0,0.02,2.0,Low Risk
841,Germany,Male,88,10,94223.10436980304,2,1,0,136706.76847528902,0,0,0.02,2.0,Low Risk
536,France,Female,84,3,52359.94352195453,1,1,0,152036.2759228205,0,0,0.0,0.0,Low Risk
578,Spain,Female,33,4,44083.56817279224,1,1,0,175960.415054084,0,1,0.0,0.0,Low Risk
647,Spain,Female,62,5,129071.67491974772,3,1,0,109654.51919780394,0,0,0.0,0.0,Low Risk
403,Spain,Male,51,8,94359.30328969377,2,1,0,165997.22134997396,0,0,0.0,0.0,Low Risk
816,Spain,Female,61,2,122886.0959677518,4,1,1,144639.82888725906,0,1,0.01,1.0,Low Risk
547,Germany,Female,59,0,48984.36465816178,3,1,1,70602.70444430703,0,0,0.0,0.0,Low Risk
663,Spain,Male,52,1,87550.43801765866,1,1,1,21294.703993468327,0,0,0.01,1.0,Low Risk
620,Spain,Female,47,7,249104.41771330772,2,1,0,48441.56760738642,0,2,0.25,25.0,Low Risk
585,France,Male,70,3,92017.70702873934,1,0,1,168917.12474473275,0,0,0.0,0.0,Low Risk
448,Spain,Female,75,6,103177.29051504975,2,0,0,106889.0100248018,0,0,0.03,3.0,Low Risk
383,Germany,Male,45,1,4969.015561746809,3,1,0,133115.84986024053,0,2,0.07,7.0,Low Risk
705,Spain,Male,32,10,95206.4492126324,4,0,0,161216.774106759,0,1,0.02,2.0,Low Risk
755,Spain,Male,55,9,190847.8352781906,4,1,1,133411.89798081364,0,0,0.0,0.0,Low Risk
460,Germany,Female,67,7,128899.19901432768,4,0,1,171212.35993019424,0,0,0.0,0.0,Low Risk
759,France,Female,30,9,164261.3540885606,4,0,0,17281.052131406595,0,0,0.01,1.0,Low Risk
849,Germany,Female,52,8,139138.03461057774,4,1,1,180730.3390629613,0,2,0.07,7.0,Low Risk
799,France,Female,41,6,26372.76509356368,1,0,0,162526.2538270272,0,1,0.01,1.0,Low Risk
808,Spain,Male,82,9,83036.09785370245,1,0,1,180602.4764067784,1,7,0.98,98.0,High Risk
780,France,Female,35,10,173558.2705043408,4,1,0,146174.29462903395,0,0,0.03,3.0,Low Risk
413,France,Female,75,0,136984.72607497982,2,0,1,54885.96972097494,0,1,0.01,1.0,Low Risk
660,France,Male,43,1,168740.26724876487,3,1,1,22784.730602468033,0,2,0.0,0.0,Low Risk
640,Spain,Male,46,8,90045.12206327173,2,1,1,25936.331209141925,0,0,0.01,1.0,Low Risk
748,France,Male,89,9,48422.27108981284,2,0,1,99785.9624195878,1,4,0.95,95.0,High Risk
479,France,Male,61,6,207453.50921655836,4,1,0,78193.37257730194,1,7,1.0,100.0,High Risk
706,Spain,Female,22,10,94075.28984776408,2,1,1,130846.9432466105,0,1,0.0,0.0,Low Risk
495,Germany,Male,50,2,163752.74852081572,1,1,1,100660.49530736446,0,0,0.01,1.0,Low Risk
765,Germany,Female,22,4,95311.59073430183,3,0,1,25072.746278419258,0,0,0.0,0.0,Low Risk
610,Germany,Female,53,0,231813.3893191348,3,0,0,459.07981860910394,0,0,0.01,1.0,Low Risk
561,Spain,Male,30,9,247984.8286562045,3,0,1,25671.346080264433,0,1,0.0,0.0,Low Risk
718,Spain,Male,42,2,162232.20016309983,2,0,1,29356.32130739788,0,1,0.0,0.0,Low Risk
705,Germany,Male,75,10,150537.80226797215,3,0,0,143986.50575626007,1,8,0.99,99.0,High Risk
442,France,Male,19,3,210206.74489664257,3,1,0,57063.35548647533,0,1,0.0,0.0,Low Risk
641,Germany,Male,53,3,129057.9488128472,1,1,0,18736.451259707243,1,5,0.98,98.0,High Risk
615,Spain,Female,42,6,217376.47513072664,4,0,0,151078.2460971635,0,0,0.0,0.0,Low Risk
400,France,Male,51,4,103234.57201208128,4,0,1,188097.79713100975,0,3,0.31,31.0,Low Risk
543,France,Female,29,8,7974.272066319982,1,1,1,20105.451759547723,0,0,0.0,0.0,Low Risk
789,Spain,Male,36,6,231647.58442639012,1,0,0,192612.18410802135,0,2,0.06,6.0,Low Risk
311,France,Female,54,1,180382.1177721154,4,1,0,190053.44880815412,0,0,0.03,3.0,Low Risk
538,Germany,Female,18,10,127691.78023404884,2,0,0,104628.29502845828,0,0,0.03,3.0,Low Risk
341,Spain,Female,77,10,236223.43448316288,1,0,1,59160.13731047488,1,3,0.94,94.0,High Risk
728,Spain,Male,84,7,221692.0111467935,3,1,0,27627.0538879137,1,7,1.0,100.0,High Risk
457,Spain,Male,66,10,27106.494320791626,1,0,1,164772.4684470796,0,0,0.01,1.0,Low Risk
515,Spain,Male,63,1,156099.36121660518,2,1,0,120951.93970339198,0,0,0.01,1.0,Low Risk
761,France,Female,65,6,134526.03443400117,1,1,1,130263.21050188928,0,0,0.01,1.0,Low Risk
433,Spain,Female,85,4,194118.44293321707,3,1,1,172176.75619063372,0,0,0.0,0.0,Low Risk
366,Spain,Male,36,9,75191.98300851515,1,1,0,88794.39977761103,0,1,0.0,0.0,Low Risk
306,France,Male,57,5,2028.913108422625,1,1,0,73628.00061798953,0,0,0.0,0.0,Low Risk
825,Spain,Female,23,10,46349.900269115504,1,1,1,152463.31633676763,0,0,0.0,0.0,Low Risk
372,France,Female,80,3,52735.14599180135,4,0,0,59451.06672431631,0,0,0.01,1.0,Low Risk
698,France,Male,52,4,72854.0929365924,4,1,0,65591.88857107301,0,1,0.0,0.0,Low Risk
704,Spain,Male,89,4,92598.21207721838,2,1,1,76224.43627197703,0,0,0.01,1.0,Low Risk
429,Germany,Male,78,6,176638.69848247568,4,0,1,171273.03713255725,1,7,1.0,100.0,High Risk
765,Spain,Female,22,10,18561.21874273453,2,1,0,155825.29558971745,1,6,0.9,90.0,High Risk
505,Germany,Female,54,3,121636.81891523956,4,0,0,58290.661365997265,0,1,0.01,1.0,Low Risk
565,France,Male,28,4,124660.92034329704,2,1,1,28731.036163842866,0,0,0.0,0.0,Low Risk
836,Germany,Male,57,3,153967.4463900772,2,1,0,78564.70825646447,1,6,1.0,100.0,High Risk
552,Spain,Male,82,3,77636.86432315137,2,1,1,124914.1037028343,0,0,0.0,0.0,Low Risk
588,Spain,Male,25,7,64947.22387651264,1,1,1,135252.62987009005,0,1,0.0,0.0,Low Risk
463,Germany,Male,28,10,120971.22767426402,1,0,1,40094.01950711395,0,1,0.0,0.0,Low Risk
394,Spain,Female,88,4,164901.99723189473,2,0,1,49887.886401756965,0,0,0.0,0.0,Low Risk
409,Germany,Male,75,8,11148.017823988055,2,0,1,186020.94280287935,1,3,0.69,69.0,Medium Risk
635,France,Female,65,4,73395.46041276254,1,0,0,77018.11238211923,1,5,0.99,99.0,High Risk
537,Germany,Female,30,7,196827.57873330876,3,0,1,62835.385647029885,0,0,0.0,0.0,Low Risk
680,Germany,Female,77,2,121047.3855050443,1,0,1,139145.0912462662,1,6,0.99,99.0,High Risk
735,Germany,Female,66,6,237956.45085024775,2,0,1,93580.73897349884,1,3,0.99,99.0,High Risk
782,Germany,Female,84,0,216885.4323168506,1,0,0,49367.92073717108,0,0,0.0,0.0,Low Risk
324,France,Female,24,4,85986.24467549879,4,0,0,81865.33803379624,0,1,0.0,0.0,Low Risk
416,France,Female,42,1,181567.74887380697,2,1,1,28847.613361790733,0,1,0.0,0.0,Low Risk
781,France,Female,40,7,68577.12153894478,1,0,1,55919.94447319291,0,1,0.0,0.0,Low Risk
691,Germany,Male,68,5,43824.12246502171,4,1,0,83698.32506946578,0,1,0.01,1.0,Low Risk
836,France,Male,64,4,220255.0916116051,1,0,1,103603.59637454984,0,1,0.01,1.0,Low Risk
378,Spain,Male,22,2,87562.32000954164,1,1,1,148334.0542865143,0,1,0.01,1.0,Low Risk
472,France,Male,30,0,50854.51066715851,3,0,1,76994.86886293298,0,1,0.0,0.0,Low Risk
311,Germany,Male,59,9,241244.1249122067,1,1,0,109145.47435002122,0,0,0.01,1.0,Low Risk
427,Spain,Female,22,9,7757.201572625577,1,0,0,190201.7497052755,0,0,0.0,0.0,Low Risk
391,Germany,Female,40,9,91724.83742745066,3,0,0,163665.0751881276,0,1,0.0,0.0,Low Risk
842,Spain,Female,79,10,9604.473548946364,1,0,0,47409.39492301984,0,0,0.04,4.0,Low Risk
831,Germany,Female,18,9,126025.0742312769,3,1,0,42704.53154660473,1,8,0.96,96.0,High Risk
746,Germany,Female,91,7,100293.85528480468,4,0,1,132542.67270458498,1,3,0.93,93.0,High Risk
689,Spain,Male,71,10,180167.21802184323,3,1,0,119070.0336624642,0,3,0.3,30.0,Low Risk
342,France,Male,89,4,238508.6221728392,4,1,1,109379.12325085484,0,0,0.07,7.0,Low Risk
553,Spain,Female,20,8,129922.20978591246,3,1,0,30842.6144865377,0,2,0.03,3.0,Low Risk
429,Spain,Male,81,10,71349.89436146688,4,0,1,72529.9035647376,1,7,0.98,98.0,High Risk
359,Spain,Male,68,6,218043.90970156583,1,1,1,151876.51353113214,0,0,0.0,0.0,Low Risk
766,Spain,Male,19,0,151134.9451880675,4,1,0,144720.3788188185,1,2,0.19,19.0,Low Risk
586,Spain,Male,66,10,138371.13655366653,4,1,0,33043.110474701236,0,0,0.01,1.0,Low Risk
816,Germany,Male,48,0,47143.665397645695,2,1,1,85377.70800090005,1,6,0.99,99.0,High Risk
766,Germany,Female,91,6,10147.87836777742,4,1,1,88548.27479124197,1,4,0.97,97.0,High Risk
644,France,Male,20,10,115351.23620816534,1,1,0,101721.27994899664,0,0,0.0,0.0,Low Risk
681,France,Male,52,6,132011.7317368167,2,1,1,92237.08183608273,0,0,0.0,0.0,Low Risk
552,Spain,Female,53,8,31773.431231284092,2,1,1,100348.11329865704,0,2,0.05,5.0,Low Risk
355,France,Female,81,1,14849.157249405498,3,1,1,162630.7602098929,0,1,0.0,0.0,Low Risk
762,France,Female,49,6,54020.08744621364,4,0,1,77899.63830026255,0,1,0.0,0.0,Low Risk
756,Spain,Female,35,1,15774.578850424075,3,1,0,110409.53550534057,0,0,0.0,0.0,Low Risk
382,Germany,Female,51,9,14034.566711724705,3,1,1,121357.320264165,0,2,0.31,31.0,Low Risk
398,Germany,Female,73,9,111041.5573552751,4,1,0,188461.58636626913,0,0,0.02,2.0,Low Risk
448,France,Female,84,1,202561.0463410271,3,1,1,130950.7035503818,0,1,0.01,1.0,Low Risk
628,Germany,Female,70,4,165997.05691596298,1,0,1,26145.33553194372,1,8,1.0,100.0,High Risk
455,Germany,Male,84,8,169853.4143195557,1,0,0,116495.7077663512,1,3,0.94,94.0,High Risk
489,France,Female,83,8,65609.1409420769,4,0,1,132387.16676594067,0,0,0.01,1.0,Low Risk
793,Spain,Female,81,9,2776.0462349954996,4,1,0,1910.234668555163,0,1,0.07,7.0,Low Risk
562,France,Male,84,0,112661.64783680666,2,0,1,15070.427281021004,0,0,0.0,0.0,Low Risk
379,France,Female,56,10,94281.0379682918,4,0,0,3809.429038125685,0,1,0.08,8.0,Low Risk
699,France,Female,55,6,236808.74981625943,4,1,1,9660.107055106082,1,4,1.0,100.0,High Risk
559,Spain,Female,57,9,18004.878094836724,1,1,1,17942.11405568018,1,3,0.88,88.0,High Risk
400,Spain,Female,36,9,194104.83071197176,1,1,1,191563.52023235935,0,0,0.01,1.0,Low Risk
658,Spain,Male,22,2,96354.04439420188,4,1,1,41352.11058199063,0,0,0.01,1.0,Low Risk
679,Spain,Male,86,9,207404.95686736092,2,0,1,40919.50097781542,1,7,1.0,100.0,High Risk
520,France,Female,31,9,123726.97408177344,1,1,0,171485.32182161362,0,1,0.01,1.0,Low Risk
719,Germany,Male,66,0,205125.4521363225,1,1,1,150553.78186436257,1,2,0.75,75.0,Medium Risk
423,France,Male,81,1,116712.09203826124,3,0,1,135166.31545498228,0,0,0.0,0.0,Low Risk
721,Spain,Male,74,5,100464.8771306214,4,0,1,84352.85182496626,1,4,0.97,97.0,High Risk
530,Germany,Male,52,9,240927.12465746753,3,1,0,6245.087855929302,0,0,0.02,2.0,Low Risk
362,France,Male,22,1,92214.52354008328,4,0,0,165309.69349473002,1,11,0.96,96.0,High Risk
784,Germany,Male,56,1,201325.00687305423,2,1,0,172160.644315255,0,0,0.01,1.0,Low Risk
782,Spain,Female,41,3,16758.150576581284,3,1,1,96363.79650927684,0,0,0.0,0.0,Low Risk
818,Germany,Female,57,2,15662.154510448418,1,1,0,128980.3697149276,0,1,0.03,3.0,Low Risk
454,Germany,Male,67,7,109527.04842648428,4,1,1,95536.085710712,1,3,0.94,94.0,High Risk
391,Spain,Male,75,7,146392.54337031918,4,1,0,59238.798834075686,1,7,0.99,99.0,High Risk
825,Germany,Male,18,5,152133.2461952976,3,0,1,108063.69101620455,1,7,0.97,97.0,High Risk
754,France,Female,60,3,9096.52160545002,3,0,0,137722.8819439302,1,6,0.99,99.0,High Risk
809,Germany,Female,56,6,174184.9885011111,2,0,0,30919.753359639923,0,0,0.02,2.0,Low Risk
482,France,Female,27,8,32481.500026779104,1,0,1,106147.7916580278,0,0,0.0,0.0,Low Risk
685,Germany,Female,19,1,238836.24499493043,2,0,1,155194.1835323469,0,1,0.0,0.0,Low Risk
704,Germany,Female,80,5,83387.18866927666,1,1,0,95123.40151512792,1,4,1.0,100.0,High Risk
545,Spain,Female,33,6,65361.25787132355,1,1,0,31387.322850375564,0,1,0.0,0.0,Low Risk
770,Spain,Male,54,0,72816.50434234593,4,1,1,173946.30771735872,0,0,0.0,0.0,Low Risk
722,France,Female,33,5,234338.3600901759,1,0,0,134775.0318594304,1,1,0.76,76.0,High Risk
364,Spain,Female,44,7,120710.30262947774,3,0,0,126509.24522773876,0,0,0.0,0.0,Low Risk
312,Spain,Female,80,6,108669.93764797645,4,0,0,130337.74282725544,0,2,0.19,19.0,Low Risk
512,Spain,Male,81,1,141474.55452882047,2,0,0,49019.608296271464,0,1,0.03,3.0,Low Risk
541,Spain,Female,49,1,232690.47576024427,1,1,1,98467.79145670436,0,1,0.0,0.0,Low Risk
792,Spain,Male,26,3,77084.96573242694,4,1,0,65204.22794614884,0,0,0.01,1.0,Low Risk
512,France,Male,28,4,45205.00259780203,3,0,0,166707.1630567838,0,1,0.0,0.0,Low Risk
637,France,Female,87,4,148872.73319531238,2,0,0,117756.87340203678,0,3,0.3,30.0,Low Risk
472,Spain,Female,47,10,122918.69307198086,4,1,1,143461.588612004,0,0,0.01,1.0,Low Risk
463,Spain,Female,32,1,15492.066375415892,4,0,1,132063.6775488153,0,0,0.0,0.0,Low Risk
764,France,Male,76,6,130484.33121686029,3,1,1,96749.2450373618,0,0,0.0,0.0,Low Risk
796,Germany,Female,65,7,140604.46904589265,3,0,1,160973.00624083527,0,2,0.1,10.0,Low Risk
694,France,Male,77,1,173537.65254447062,1,0,1,123077.20962441093,0,1,0.04,4.0,Low Risk
607,Germany,Male,85,3,248885.5198980996,2,0,0,45364.82463831302,1,6,1.0,100.0,High Risk
482,Spain,Female,74,10,105395.2371252287,4,0,0,58156.673713514734,1,4,0.97,97.0,High Risk
809,Spain,Female,81,10,127550.81824684932,3,0,0,165395.21681527272,0,0,0.01,1.0,Low Risk
845,France,Female,71,2,18750.5780063362,3,0,0,188246.85962560048,0,1,0.01,1.0,Low Risk
526,Spain,Male,71,3,207897.01689252508,4,1,0,109605.24741310248,0,1,0.03,3.0,Low Risk
735,Germany,Female,76,4,24538.94931850864,3,1,0,77114.27668429249,0,1,0.01,1.0,Low Risk
721,Germany,Male,56,5,233457.5055733517,3,0,1,125006.12578355832,0,0,0.0,0.0,Low Risk
320,France,Female,32,1,87125.08549428094,1,0,1,96706.49900018243,0,1,0.0,0.0,Low Risk
696,Germany,Male,91,9,84395.61700403,4,1,1,168340.51469406928,0,0,0.04,4.0,Low Risk
404,France,Female,45,5,82152.24517373512,1,1,0,166600.59262063022,0,1,0.0,0.0,Low Risk
491,France,Female,53,8,237622.39895813537,2,1,1,91236.1609351722,1,2,0.67,67.0,Medium Risk
316,Germany,Male,71,10,245026.9516964394,3,0,1,160918.3981199743,1,6,1.0,100.0,High Risk
419,Germany,Male,34,7,243310.10418830137,1,0,1,38599.33823464782,0,1,0.0,0.0,Low Risk
692,Germany,Female,39,0,176196.7875010807,4,1,1,74789.06765508054,0,0,0.01,1.0,Low Risk
724,Germany,Male,53,8,27764.539939966333,2,0,0,15929.562737421098,0,1,0.03,3.0,Low Risk
428,Germany,Male,46,10,96590.55678178636,2,1,0,161560.77167917244,0,0,0.01,1.0,Low Risk
429,Germany,Male,72,9,72327.30348838348,1,0,1,195048.87403584537,0,0,0.02,2.0,Low Risk
328,Germany,Male,59,10,177097.3846091069,1,1,1,115357.09627890355,0,1,0.08,8.0,Low Risk
396,Spain,Female,49,1,123163.62137753297,3,0,1,153301.5940040394,0,2,0.07,7.0,Low Risk
309,France,Male,31,10,154125.337193036,1,1,1,80324.80383601754,0,0,0.0,0.0,Low Risk
541,France,Female,35,0,2182.76893309699,1,1,1,112314.98437231847,0,0,0.01,1.0,Low Risk
531,Germany,Female,55,5,195716.01552349963,1,0,0,69477.66893408846,0,0,0.01,1.0,Low Risk
583,France,Female,51,0,238012.9591711156,2,1,1,139372.5051038583,0,1,0.05,5.0,Low Risk
499,Germany,Male,62,5,167343.3223306736,4,1,1,49256.5226958134,1,11,0.97,97.0,High Risk
378,Spain,Female,49,1,212984.34918756087,1,1,0,30656.91777569757,0,1,0.0,0.0,Low Risk
472,France,Female,84,10,119562.59717291455,2,1,1,179712.83422664105,0,1,0.02,2.0,Low Risk
766,France,Female,80,6,5052.019822167825,2,0,0,172857.66086188363,0,0,0.01,1.0,Low Risk
715,Spain,Female,72,6,247617.30557930315,1,1,1,166993.66690264296,1,6,0.99,99.0,High Risk
748,Spain,Female,60,3,14708.037498160604,2,0,1,164310.30366609106,0,0,0.05,5.0,Low Risk
386,Spain,Male,39,1,48193.55094511088,3,1,1,145903.7006501382,0,2,0.02,2.0,Low Risk
400,France,Female,85,10,13110.037646235029,4,1,0,174953.19997529115,1,5,0.98,98.0,High Risk
307,France,Male,46,6,156239.60013224624,3,0,1,42050.76238652823,0,0,0.0,0.0,Low Risk
499,Spain,Female,57,0,145807.72567465997,4,1,1,174081.83748589555,0,2,0.12,12.0,Low Risk
804,Spain,Female,62,10,52417.41354364168,2,0,0,183559.15079240705,0,0,0.02,2.0,Low Risk
386,Spain,Male,27,10,239163.31032510803,1,1,1,143203.59851811154,0,0,0.01,1.0,Low Risk
342,Spain,Male,62,1,228371.5739324175,1,1,1,119874.29307152268,1,4,0.97,97.0,High Risk
684,Spain,Female,34,1,69952.51464783706,2,1,1,47221.70075038656,0,0,0.0,0.0,Low Risk
734,Germany,Female,19,0,164716.19101820322,1,1,1,173233.4779526864,0,1,0.01,1.0,Low Risk
707,Spain,Female,34,8,213808.33429373076,2,0,0,115369.7133918472,0,0,0.04,4.0,Low Risk
782,Germany,Female,55,5,89949.52664920874,3,1,1,122137.7523408534,0,0,0.0,0.0,Low Risk
316,France,Female,54,2,63395.62266928941,2,1,1,121316.19947635618,0,1,0.03,3.0,Low Risk
447,France,Male,80,5,64047.485600353866,2,1,0,173357.22776796264,1,12,1.0,100.0,High Risk
576,Germany,Female,22,6,205114.12188223467,3,1,1,27404.064084582416,0,3,0.26,26.0,Low Risk
531,Spain,Female,42,2,115767.55435993244,3,0,0,12343.849724779428,0,0,0.0,0.0,Low Risk
665,France,Male,90,3,178834.5079436201,2,1,1,44804.51131859227,0,0,0.0,0.0,Low Risk
527,Spain,Male,39,9,162575.19710908944,3,0,0,98357.03379911486,0,2,0.04,4.0,Low Risk
735,Spain,Female,80,0,76556.42586364502,4,1,0,93888.47775954138,1,4,0.99,99.0,High Risk
698,Germany,Male,52,5,52019.175764642794,3,0,0,102411.07886685204,0,0,0.0,0.0,Low Risk
510,France,Male,72,5,31446.37754451199,1,1,0,22875.90639730765,0,0,0.0,0.0,Low Risk
690,France,Male,37,8,5971.404607312603,3,0,0,158580.55147127874,0,0,0.02,2.0,Low Risk
798,Germany,Female,22,1,20314.104244672948,3,1,0,60431.76748976586,1,5,0.94,94.0,High Risk
839,Spain,Female,56,4,64061.66861498916,2,0,0,182646.865371276,0,1,0.02,2.0,Low Risk
790,Spain,Female,80,4,178399.90145766045,3,0,0,167994.27388619195,1,2,0.3,30.0,Low Risk
741,France,Male,49,6,38729.73404775931,4,1,1,12701.830347670924,0,0,0.0,0.0,Low Risk
560,Germany,Female,80,4,130848.84395747833,2,1,0,10722.247894117614,0,1,0.02,2.0,Low Risk
649,Germany,Female,91,9,61283.01709363826,4,1,0,125799.41699354746,0,1,0.03,3.0,Low Risk
651,Spain,Male,57,3,127952.4454460464,1,0,1,15464.442681613433,0,0,0.0,0.0,Low Risk
819,Spain,Female,34,9,187502.79386662273,2,0,1,114371.87349258264,0,0,0.0,0.0,Low Risk
619,Germany,Male,90,1,66495.28236417187,2,1,0,15841.935120617682,0,0,0.08,8.0,Low Risk
437,France,Male,49,7,86974.70293342363,1,0,1,95874.89036235584,0,0,0.0,0.0,Low Risk
849,Spain,Male,40,4,180750.14198958132,1,1,0,83827.13568409056,0,1,0.08,8.0,Low Risk
667,Germany,Male,77,3,136584.52399149875,4,0,0,118190.89353690088,0,0,0.01,1.0,Low Risk
519,Germany,Female,73,8,23641.65661324333,3,1,1,71245.43646938578,0,0,0.02,2.0,Low Risk
636,Germany,Female,26,1,189538.56731171196,2,0,1,28018.03765412397,0,0,0.01,1.0,Low Risk
522,France,Female,86,2,69359.74814203191,2,1,0,168424.79520123012,0,3,0.3,30.0,Low Risk
659,Spain,Male,79,7,96264.4336354678,4,0,1,59867.17150808234,1,6,0.99,99.0,High Risk
628,Spain,Female,81,10,61294.231072511415,2,1,1,13501.90930437925,0,0,0.02,2.0,Low Risk
762,Spain,Female,39,3,135839.25511795146,1,0,0,100123.95882935663,0,0,0.0,0.0,Low Risk
681,France,Male,49,8,176942.0756561557,2,1,0,175536.22444825002,0,0,0.01,1.0,Low Risk
468,Spain,Male,64,9,200804.0903526334,3,0,1,56151.237783214434,0,0,0.0,0.0,Low Risk
516,Spain,Female,19,9,230530.56920667805,1,1,1,90156.0798931118,0,0,0.0,0.0,Low Risk
677,Spain,Male,69,9,89804.16291349144,4,1,0,80519.54913866128,1,1,0.68,68.0,Medium Risk
418,Spain,Female,31,9,233153.5576666496,4,0,0,9687.11390915919,0,0,0.01,1.0,Low Risk
489,France,Male,54,8,154238.68607120137,2,1,1,173670.7098091978,1,6,1.0,100.0,High Risk
669,Germany,Male,44,9,97398.6359981218,1,0,1,151778.67474670315,0,1,0.07,7.0,Low Risk
448,Germany,Female,41,8,221823.51217445472,1,1,0,19162.82085352205,0,2,0.1,10.0,Low Risk
787,Spain,Male,81,0,144907.37632522304,1,0,1,26441.854366181626,0,1,0.0,0.0,Low Risk
673,Spain,Male,87,5,113570.88216994256,2,1,0,2126.2665891665147,0,1,0.04,4.0,Low Risk
459,Spain,Male,43,9,2875.387581783961,2,0,1,197143.78704946075,0,0,0.01,1.0,Low Risk
650,France,Female,71,5,179376.97252289663,4,1,1,83241.8774146366,0,0,0.0,0.0,Low Risk
587,Spain,Female,32,7,19336.99867471045,3,1,1,186078.6574529264,0,1,0.0,0.0,Low Risk
587,France,Female,46,6,72348.20700548358,1,0,0,84034.45275431147,0,0,0.01,1.0,Low Risk
525,Spain,Male,91,6,240423.58562900883,2,0,0,20769.03461550457,0,0,0.02,2.0,Low Risk
822,Spain,Male,45,1,38803.27628076285,2,1,1,68671.40281767554,0,1,0.0,0.0,Low Risk
821,Germany,Male,76,10,77946.08896831151,3,1,1,83652.14356063568,0,0,0.03,3.0,Low Risk
572,Spain,Male,90,3,233084.83995128828,2,0,0,35331.10513441927,1,7,0.99,99.0,High Risk
701,France,Female,38,0,84420.95452671841,2,0,1,10711.036260255829,0,0,0.0,0.0,Low Risk
482,Germany,Female,27,10,82168.74388841525,2,0,0,63310.486423573566,0,0,0.01,1.0,Low Risk
787,France,Male,21,10,161988.64672454266,1,1,0,107863.26136411226,0,0,0.01,1.0,Low Risk
423,Germany,Female,79,6,32839.30996621032,3,0,1,51072.66506764594,0,0,0.01,1.0,Low Risk
713,France,Female,21,3,243187.92743178585,4,0,0,191737.20730286607,0,0,0.01,1.0,Low Risk
471,Germany,Female,23,8,68755.66126360011,3,0,0,96290.14397249155,0,0,0.02,2.0,Low Risk
587,France,Male,89,5,196422.20800194744,3,1,1,26063.04152068829,0,0,0.0,0.0,Low Risk
734,France,Female,33,5,71903.58750544071,4,0,1,82704.52907954583,0,1,0.01,1.0,Low Risk
412,Spain,Female,55,8,68843.1023571234,4,0,1,141542.93998379467,0,1,0.0,0.0,Low Risk
421,Germany,Female,66,7,14378.177015103744,2,0,1,97434.81065989824,0,1,0.0,0.0,Low Risk
843,Germany,Female,78,5,29830.16492982926,2,0,1,66253.46618976166,1,2,0.81,81.0,High Risk
521,Spain,Female,82,5,130491.82736189185,2,1,1,21268.93578112521,0,1,0.01,1.0,Low Risk
338,France,Male,67,5,144210.79552726063,1,1,1,91916.55106279576,0,0,0.0,0.0,Low Risk
796,France,Female,34,3,203960.88026600168,1,0,1,19486.272716535907,0,2,0.02,2.0,Low Risk
532,Germany,Female,45,4,15053.797411479609,3,0,1,74182.74519526928,0,1,0.02,2.0,Low Risk
829,France,Male,61,2,89037.54641869121,1,1,0,23253.691104741873,1,6,0.99,99.0,High Risk
448,Germany,Female,29,8,50039.7126634555,1,1,0,135235.29807789682,0,2,0.15,15.0,Low Risk
696,Germany,Male,87,10,89469.37768045493,4,1,0,154522.97286435025,0,0,0.0,0.0,Low Risk
601,France,Male,88,1,88576.66656262902,2,1,1,48704.61225347689,0,0,0.0,0.0,Low Risk
659,France,Male,89,10,88569.94268843124,4,1,0,14952.434886364046,0,0,0.02,2.0,Low Risk
537,France,Male,20,6,77408.35845209668,2,1,1,69412.61787198584,0,0,0.0,0.0,Low Risk
535,Spain,Female,66,0,190994.52441848983,3,0,0,112109.91857669163,0,0,0.01,1.0,Low Risk
502,Germany,Female,38,9,172426.57173895242,4,0,0,153589.93785908946,0,1,0.01,1.0,Low Risk
555,France,Male,25,6,85367.3071537756,2,0,0,80585.53834409935,0,0,0.0,0.0,Low Risk
534,Spain,Female,81,1,36622.02560496469,4,0,1,73195.42095854266,0,0,0.0,0.0,Low Risk
644,France,Male,76,4,129570.0918352481,4,1,1,181668.26189651235,1,8,1.0,100.0,High Risk
833,Germany,Female,47,0,229711.9050762129,2,0,0,89942.77454625643,0,1,0.03,3.0,Low Risk
765,Spain,Female,49,4,30889.83521497554,1,1,1,89449.14033721248,0,0,0.0,0.0,Low Risk
840,Germany,Male,37,10,188257.4619874744,4,1,1,82005.72227821058,0,2,0.07,7.0,Low Risk
512,France,Female,33,3,149844.7655335297,3,1,1,72650.28688852662,0,1,0.0,0.0,Low Risk
762,France,Male,42,0,147147.53126106824,1,0,1,145699.2771759988,0,0,0.01,1.0,Low Risk
735,France,Female,77,0,233664.2932613692,4,1,0,56363.703822824806,1,7,0.98,98.0,High Risk
582,Spain,Female,62,6,238985.14682443533,3,0,0,75761.37022978916,0,1,0.0,0.0,Low Risk
762,Spain,Female,26,2,60959.93471395017,3,1,1,56465.24757704063,0,0,0.0,0.0,Low Risk
706,Spain,Male,68,9,202119.258180592,2,0,1,114068.0722496353,1,3,0.86,86.0,High Risk
387,Spain,Male,78,8,155199.80703837695,1,1,1,192078.6461344556,0,0,0.03,3.0,Low Risk
343,France,Male,57,8,102211.39751878953,1,0,0,78065.07617197931,1,9,0.99,99.0,High Risk
760,France,Female,78,9,166405.32745684648,2,1,0,193641.0487548907,0,0,0.0,0.0,Low Risk
577,France,Male,84,10,238991.6940694825,4,1,1,131341.8404791222,0,0,0.0,0.0,Low Risk
720,Spain,Male,32,8,129218.83420684996,4,0,0,159091.17026202573,0,1,0.02,2.0,Low Risk
652,Spain,Male,70,0,235019.95914971197,3,1,1,66607.31829567617,1,4,0.97,97.0,High Risk
814,France,Female,21,3,160721.80892005967,3,0,1,44892.176944774554,0,1,0.0,0.0,Low Risk
318,France,Female,40,0,120727.31020112056,3,0,1,115366.27858762493,0,1,0.0,0.0,Low Risk
322,Spain,Female,44,0,161042.61005285606,3,1,1,198150.316469773,0,1,0.0,0.0,Low Risk
712,Germany,Female,54,8,150635.26126515213,2,0,1,142040.84680680116,0,0,0.0,0.0,Low Risk
329,France,Male,60,4,105424.33523401542,4,0,0,136328.11545748886,0,0,0.01,1.0,Low Risk
407,France,Female,54,0,140615.0858644964,3,0,0,90025.982871098,1,8,0.99,99.0,High Risk
666,France,Male,46,10,175812.16824026956,1,1,0,175898.1668511249,0,0,0.0,0.0,Low Risk
580,Spain,Female,46,2,209716.5731024677,3,1,0,139396.5943461454,0,0,0.0,0.0,Low Risk
427,France,Male,66,6,76082.68395567966,3,0,0,134979.88247933477,1,4,1.0,100.0,High Risk
528,France,Male,68,1,3661.981751073823,4,0,1,58513.59086293745,0,0,0.02,2.0,Low Risk
410,France,Female,67,3,137804.4754741183,3,1,0,191547.10239628569,0,0,0.02,2.0,Low Risk
435,France,Male,45,1,122321.0423049317,2,1,1,50085.07940221861,0,0,0.01,1.0,Low Risk
661,France,Male,91,8,13549.700800691957,4,0,0,104742.17317093632,0,0,0.0,0.0,Low Risk
485,Germany,Male,22,8,158126.6025043388,4,1,0,67917.74041706385,0,1,0.0,0.0,Low Risk
428,Germany,Male,73,6,235350.0893357716,3,0,0,36163.24313208477,0,0,0.0,0.0,Low Risk
560,France,Female,81,6,100557.94650027544,2,0,0,28827.234506926303,1,3,0.94,94.0,High Risk
814,France,Female,34,1,223590.04730673807,4,1,0,58585.05681966142,0,2,0.01,1.0,Low Risk
748,France,Male,72,9,203275.33954796143,1,0,0,137798.99512362073,0,2,0.13,13.0,Low Risk
403,France,Female,26,7,40429.0719685576,3,0,1,194956.66621399793,0,1,0.0,0.0,Low Risk
782,Spain,Male,85,0,196819.95869253523,4,1,1,170654.87083878036,0,0,0.0,0.0,Low Risk
523,Spain,Male,90,7,129176.52038484615,3,1,0,43613.28956845077,0,0,0.0,0.0,Low Risk
790,Spain,Female,33,4,229657.1301078299,1,1,0,15691.776882175958,0,0,0.02,2.0,Low Risk
772,Germany,Male,33,3,47356.55886485371,3,0,0,137339.25807766116,0,1,0.07,7.0,Low Risk
309,France,Female,30,9,31261.611603690177,3,1,1,6016.598678534816,0,0,0.0,0.0,Low Risk
704,Spain,Male,90,1,60320.09988800255,2,0,0,171825.95984157038,0,1,0.01,1.0,Low Risk
601,France,Female,80,2,14906.677611825293,2,0,0,165111.29332762762,0,1,0.03,3.0,Low Risk
530,France,Female,58,9,80020.02470796015,1,0,1,158742.12621252294,0,0,0.0,0.0,Low Risk
365,Germany,Male,70,1,70752.22450320637,2,0,0,110488.54936829489,1,4,0.98,98.0,High Risk
411,Germany,Female,85,10,104053.77483444694,4,1,1,194707.07148269308,0,0,0.08,8.0,Low Risk
312,Spain,Male,91,3,115744.30072901296,2,1,0,91678.69688861884,1,3,0.95,95.0,High Risk
692,Spain,Female,26,2,36180.137128777154,4,0,0,197306.6276362269,0,3,0.75,75.0,Medium Risk
799,Germany,Male,68,4,154843.4821593494,1,0,1,176375.4812907125,1,3,0.97,97.0,High Risk
533,Germany,Female,65,6,55891.849702498635,1,1,0,25317.12935888559,0,1,0.01,1.0,Low Risk
613,France,Female,66,8,30482.167236561803,3,0,0,178980.55993459857,1,4,1.0,100.0,High Risk
311,France,Female,35,4,177202.77316882595,4,0,1,60980.409807421325,0,0,0.0,0.0,Low Risk
508,Spain,Male,27,7,5683.815870712594,3,0,1,153652.41065504207,0,0,0.0,0.0,Low Risk
313,Spain,Female,71,1,92091.48516107746,3,0,1,51.82984166033434,1,8,0.97,97.0,High Risk
717,Germany,Male,32,5,36100.819858004645,3,0,0,55176.716782405834,0,0,0.0,0.0,Low Risk
736,Spain,Female,28,7,220698.17549871828,4,1,0,151692.09052246626,0,0,0.0,0.0,Low Risk
676,France,Female,57,8,206114.5990498342,2,1,0,194469.73965927423,0,1,0.03,3.0,Low Risk
319,Germany,Male,64,10,15131.675589877796,4,1,1,34200.80859759622,0,0,0.03,3.0,Low Risk
369,France,Female,37,3,137612.76743504766,2,1,1,91887.75410042932,0,0,0.0,0.0,Low Risk
510,Germany,Male,39,3,73838.88509001416,4,0,1,117438.06704953726,0,0,0.0,0.0,Low Risk
400,Germany,Male,65,6,48136.384590038,1,1,0,190512.98518060488,1,8,1.0,100.0,High Risk
431,France,Male,33,3,77884.65903018591,1,0,1,90659.25853492809,0,2,0.01,1.0,Low Risk
680,Spain,Male,22,4,203971.83981974673,2,0,1,186707.6106338873,0,0,0.0,0.0,Low Risk
431,Spain,Male,82,1,14463.84271946921,3,1,0,195637.8116070993,0,0,0.02,2.0,Low Risk
319,Spain,Female,91,1,162058.34601963157,3,1,1,188326.97441448897,0,0,0.0,0.0,Low Risk
835,Spain,Male,38,10,228342.5363307806,3,0,1,149748.60556043033,0,1,0.0,0.0,Low Risk
526,France,Female,78,9,112014.08685160056,3,1,1,25254.85979887509,0,0,0.02,2.0,Low Risk
453,Germany,Male,72,4,225378.48254709525,4,0,0,120486.64908966176,1,3,0.98,98.0,High Risk
768,France,Male,41,9,226700.10726855815,1,0,1,150707.82134807183,0,1,0.01,1.0,Low Risk
704,Spain,Female,40,9,152398.9430056129,4,0,0,190981.6371497221,1,3,0.89,89.0,High Risk
501,Spain,Female,28,1,113960.13335965051,4,1,1,155594.2098994634,0,0,0.0,0.0,Low Risk
337,France,Male,64,5,184415.91225693087,4,0,1,107791.60860342164,0,0,0.01,1.0,Low Risk
487,Germany,Male,19,5,229055.6596353868,2,1,0,41040.682095765245,0,0,0.0,0.0,Low Risk
356,France,Female,87,7,170008.83610241645,1,1,1,91416.64414297424,0,0,0.0,0.0,Low Risk
319,France,Female,70,0,52401.79512891532,2,1,1,127663.78812485332,0,0,0.01,1.0,Low Risk
572,France,Male,28,6,205013.93661346057,3,0,0,64926.58699307382,0,1,0.0,0.0,Low Risk
418,Germany,Male,32,6,237883.33995604105,1,0,1,91295.52615926995,0,0,0.01,1.0,Low Risk
815,France,Male,90,8,102568.71979282358,2,0,0,3481.9029092846004,1,1,0.74,74.0,Medium Risk
520,France,Female,29,3,174397.41922085572,2,1,0,175806.2175369876,1,2,0.7,70.0,Medium Risk
825,Spain,Male,53,6,129541.5872589312,4,0,1,6962.832246435335,0,2,0.06,6.0,Low Risk
814,France,Female,40,5,28002.29674031088,2,0,0,81863.95219320254,0,2,0.01,1.0,Low Risk
635,Spain,Female,44,3,87460.50357458986,2,1,0,102199.6906351949,1,4,0.98,98.0,High Risk
354,Spain,Male,31,9,40957.402123122294,3,0,1,194483.8813052942,0,0,0.01,1.0,Low Risk
799,Spain,Male,71,7,168393.3395891378,3,0,1,187033.34983112192,0,1,0.0,0.0,Low Risk
835,Germany,Female,44,2,145523.67478324822,2,1,0,129275.55172620846,0,1,0.01,1.0,Low Risk
461,Spain,Male,38,7,8383.600520907281,2,0,0,116814.89159842924,0,1,0.01,1.0,Low Risk
458,France,Male,66,4,15401.728566365486,2,0,1,73317.51664886359,0,0,0.0,0.0,Low Risk
487,France,Female,79,3,65198.12055491517,4,0,1,8227.064740541662,0,1,0.01,1.0,Low Risk
359,Spain,Male,89,2,186214.8830358001,4,0,0,53548.76279207365,0,0,0.01,1.0,Low Risk
618,Spain,Female,61,9,31709.025015122657,4,0,1,169546.0745536417,0,0,0.0,0.0,Low Risk
510,France,Female,61,6,51193.52526459867,3,1,0,129657.35336911032,0,2,0.06,6.0,Low Risk
705,Spain,Male,78,6,226906.59871721797,1,0,1,162887.08708643622,0,0,0.01,1.0,Low Risk
408,Germany,Female,59,5,136534.37615060707,4,0,1,167396.28630848753,1,8,0.97,97.0,High Risk
375,Spain,Female,40,2,155212.41061930495,4,0,1,12450.852562188094,0,0,0.0,0.0,Low Risk
841,Germany,Male,90,8,113941.53634126984,2,0,1,67435.21726504141,0,0,0.04,4.0,Low Risk
613,Germany,Female,18,10,74942.74763022407,4,0,1,135200.71891770166,0,0,0.03,3.0,Low Risk
416,Germany,Male,53,1,62282.57133074696,1,0,0,170619.13926411074,0,0,0.04,4.0,Low Risk
318,Spain,Female,72,2,147304.89656533793,3,1,0,160288.59580387737,1,6,0.98,98.0,High Risk
731,Germany,Female,33,0,117743.82415023036,4,1,1,84435.00519165437,0,2,0.03,3.0,Low Risk
649,Germany,Female,35,6,100758.2808975026,3,1,0,186421.2488383956,1,4,0.96,96.0,High Risk
482,Spain,Female,55,1,173596.29108858595,4,0,1,60150.41126310672,0,0,0.03,3.0,Low Risk
412,Germany,Female,84,9,101038.53955674764,3,0,0,75161.50028728068,1,5,1.0,100.0,High Risk
482,Spain,Female,37,7,9182.59523410192,3,0,1,36292.35225881805,0,0,0.01,1.0,Low Risk
780,France,Female,36,8,209917.4833344743,4,1,0,45391.83606839378,0,0,0.01,1.0,Low Risk
445,Germany,Male,30,10,79600.86023059179,4,1,1,1752.5373248011322,0,0,0.01,1.0,Low Risk
412,Spain,Female,34,1,236600.4337293533,3,1,0,61705.05951215534,0,2,0.02,2.0,Low Risk
775,France,Male,47,5,219889.5233276788,1,1,1,61320.97074487817,0,1,0.0,0.0,Low Risk
602,Germany,Female,60,10,58479.061060785985,1,1,0,13464.344193279756,1,4,1.0,100.0,High Risk
417,Germany,Female,65,0,241367.75372361092,1,0,1,68102.1724783348,0,1,0.02,2.0,Low Risk
460,Spain,Male,60,7,213390.1898659813,1,1,1,60283.64010731056,0,1,0.02,2.0,Low Risk
700,France,Male,83,4,246254.1134130647,4,1,0,159812.92820782642,0,0,0.02,2.0,Low Risk
497,Spain,Male,70,8,169487.11378527008,2,1,0,31257.77411079646,0,2,0.12,12.0,Low Risk
559,Germany,Female,89,2,232681.68731106055,3,1,0,145019.2462737613,1,4,0.99,99.0,High Risk
346,Germany,Male,51,1,172523.2805129287,1,1,1,26005.961990292843,0,0,0.0,0.0,Low Risk
698,Germany,Female,91,6,213773.3476127228,1,0,0,99251.8049707031,1,6,1.0,100.0,High Risk
377,Germany,Female,89,10,152607.3231698517,2,0,0,147279.4239167157,0,1,0.07,7.0,Low Risk
423,France,Male,88,6,232293.59314499053,2,1,0,121295.07271583613,0,1,0.01,1.0,Low Risk
374,France,Female,30,9,129521.72640736424,4,0,0,129178.95765812237,0,0,0.0,0.0,Low Risk
436,Spain,Male,73,4,184142.1814147811,3,1,1,41282.08375180916,0,0,0.03,3.0,Low Risk
699,Spain,Male,76,6,229240.11302329449,3,0,0,165482.27091711137,0,1,0.0,0.0,Low Risk
804,Spain,Male,49,5,105597.52968597531,2,1,1,190423.3746178819,0,0,0.01,1.0,Low Risk
799,Germany,Male,71,8,6600.518725902865,2,1,1,30882.344585937008,1,7,0.99,99.0,High Risk
437,Spain,Female,19,2,28261.778484362894,2,1,1,177654.54854862264,0,0,0.0,0.0,Low Risk
349,France,Female,54,3,242977.86043748367,4,0,0,79544.34418683941,1,7,1.0,100.0,High Risk
553,Spain,Male,50,8,218300.6353059583,3,1,1,139770.05395983058,0,2,0.12,12.0,Low Risk
725,Spain,Male,18,9,120854.35994908412,2,0,1,101349.046548614,0,0,0.0,0.0,Low Risk
846,France,Female,45,7,240224.85301707935,1,1,0,158669.92608471448,0,0,0.03,3.0,Low Risk
601,France,Female,34,9,46401.38644390551,3,1,1,9066.057378724356,0,0,0.0,0.0,Low Risk
648,Germany,Male,74,5,27741.591874298643,3,0,0,64744.11940004953,0,1,0.03,3.0,Low Risk
348,France,Female,87,2,150360.01947882865,1,1,0,9506.862893522775,1,6,0.95,95.0,High Risk
373,France,Female,69,8,95530.0742586952,1,0,1,188340.53625463336,0,0,0.01,1.0,Low Risk
560,Spain,Female,61,8,84942.40898925168,3,1,0,34038.512180592115,0,0,0.0,0.0,Low Risk
655,France,Female,64,10,183537.97379120288,3,0,1,84918.74728382388,1,8,0.98,98.0,High Risk
559,Germany,Male,30,5,37503.28373007319,2,0,1,128292.8151049728,0,3,0.23,23.0,Low Risk
594,Spain,Female,47,1,194612.25569752895,4,1,1,92305.63470326252,0,0,0.02,2.0,Low Risk
612,Germany,Male,83,6,89862.40398354914,4,1,0,107313.09942996394,1,4,0.99,99.0,High Risk
481,France,Male,70,8,246684.38948968257,2,1,0,40811.47158876486,1,3,0.85,85.0,High Risk
663,Germany,Male,35,8,202186.52172464615,1,1,0,13415.139609150589,0,0,0.05,5.0,Low Risk
487,Germany,Female,45,2,161555.89052452397,1,0,0,51485.10339338226,0,1,0.03,3.0,Low Risk
842,France,Female,21,1,57361.567483526385,1,0,1,63438.13022751209,0,1,0.0,0.0,Low Risk
847,France,Male,59,4,239106.6150034935,1,0,1,83168.61791228502,0,0,0.0,0.0,Low Risk
707,Spain,Female,23,10,8227.50994177504,2,0,1,59197.07451084047,0,0,0.0,0.0,Low Risk
713,Spain,Male,26,9,55837.44500233351,3,0,0,7171.835451295269,0,0,0.0,0.0,Low Risk
641,Spain,Male,37,6,9193.927259280226,2,1,1,18930.646950248814,0,0,0.0,0.0,Low Risk
519,France,Female,55,2,241629.0449354549,1,1,1,134766.93370183904,1,3,0.96,96.0,High Risk
462,Germany,Female,85,3,217862.3799115065,2,0,1,12640.03687356875,0,0,0.02,2.0,Low Risk
519,Germany,Female,67,9,238026.91645035072,4,1,0,9252.258193457412,1,6,0.98,98.0,High Risk
569,Spain,Male,77,1,178758.74644164732,4,0,0,162359.1297201034,0,1,0.02,2.0,Low Risk
699,Spain,Male,30,10,6856.016449199559,1,0,0,8258.281700549256,0,1,0.01,1.0,Low Risk
481,France,Female,59,9,232875.51008140863,2,1,0,13755.985148498365,1,1,0.03,3.0,Low Risk
504,Germany,Male,85,1,105238.1929202042,4,0,0,109907.03843116532,1,5,1.0,100.0,High Risk
527,Spain,Male,42,6,92050.21726368633,3,1,0,88574.45593503765,0,1,0.0,0.0,Low Risk
549,France,Male,48,1,71033.09073491314,1,1,1,192890.7332211125,0,1,0.01,1.0,Low Risk
740,Spain,Female,29,0,71699.45682093104,2,0,1,187369.9625254629,0,0,0.0,0.0,Low Risk
832,France,Female,81,3,200157.13800472848,1,0,1,132047.13053618942,1,2,0.08,8.0,Low Risk
495,Germany,Female,78,5,64094.86959228259,4,0,1,14382.766876197806,0,1,0.05,5.0,Low Risk
818,France,Male,70,9,55540.51435962928,3,1,0,100642.98482634348,0,0,0.01,1.0,Low Risk
369,Spain,Female,43,9,174504.90695971347,4,0,1,9022.905686925023,0,1,0.0,0.0,Low Risk
698,Spain,Male,78,3,71865.76651016982,1,0,0,181588.34527811623,1,4,1.0,100.0,High Risk
502,Germany,Male,27,0,3282.7344132689564,3,1,0,132000.00348663016,0,1,0.08,8.0,Low Risk
447,Germany,Male,29,0,232941.59676916405,2,1,1,114783.52494182228,0,0,0.01,1.0,Low Risk
771,Spain,Female,39,8,78390.97174587456,4,1,0,85586.49171532955,0,0,0.01,1.0,Low Risk
498,Spain,Male,70,0,191094.36296702467,3,1,0,101948.27573535735,0,0,0.0,0.0,Low Risk
725,Spain,Female,38,6,117246.83183037066,1,1,1,80064.92307582583,0,0,0.0,0.0,Low Risk
791,Germany,Male,52,10,33519.95463911481,2,1,1,19931.81044828926,0,1,0.02,2.0,Low Risk
441,Spain,Female,88,6,165482.0596184011,1,0,1,132200.68045392315,0,0,0.01,1.0,Low Risk
612,Germany,Female,44,0,57889.95674083605,1,1,1,199282.2040190779,0,1,0.04,4.0,Low Risk
464,Spain,Female,77,0,71979.46873375791,2,1,1,22507.491631264693,0,1,0.01,1.0,Low Risk
613,France,Female,64,5,8101.591015656967,3,0,1,198836.4203254608,0,0,0.01,1.0,Low Risk
320,France,Female,83,7,4100.837528426743,3,1,1,179923.47393527612,0,0,0.02,2.0,Low Risk
381,Spain,Female,32,6,128404.86430358922,2,0,0,178837.98287311022,0,2,0.02,2.0,Low Risk
430,France,Female,41,5,14448.727220617324,2,0,0,166251.57998239406,0,1,0.0,0.0,Low Risk
604,Germany,Female,27,9,52354.39300106448,1,0,1,184711.46098250395,0,1,0.0,0.0,Low Risk
670,France,Male,41,2,230951.78794177517,1,0,0,49292.43865576943,0,1,0.0,0.0,Low Risk
683,France,Male,74,10,20713.864650371368,4,1,0,87435.92145329731,1,2,0.36,36.0,Low Risk
744,Germany,Male,51,6,72697.37465542478,2,1,0,95968.18324558018,0,0,0.01,1.0,Low Risk
724,France,Male,58,5,181632.04053454232,4,1,1,13605.3679121006,0,2,0.11,11.0,Low Risk
460,France,Male,57,7,221081.27186587243,2,1,0,196191.2071263795,0,0,0.03,3.0,Low Risk
477,Spain,Female,28,3,11552.787379406514,4,1,0,137891.6156427794,0,0,0.01,1.0,Low Risk
789,Germany,Female,18,8,46359.87985233489,1,0,1,90319.46174971951,0,0,0.01,1.0,Low Risk
626,Germany,Female,47,0,96970.86003452272,1,1,0,198452.37540047657,1,4,0.99,99.0,High Risk
588,Spain,Female,60,6,90248.55880077272,3,1,1,54446.720531092986,0,0,0.01,1.0,Low Risk
653,Spain,Female,43,8,72131.43370135977,4,1,0,67410.7437465682,0,0,0.0,0.0,Low Risk
327,France,Male,70,9,60576.89758030271,2,1,0,38179.10592922613,0,0,0.0,0.0,Low Risk
342,France,Male,64,0,67164.70869301117,4,0,0,37310.46245527932,0,3,0.67,67.0,Medium Risk
722,France,Female,26,9,33356.39430304457,1,0,0,37704.1506401723,0,0,0.0,0.0,Low Risk
476,Spain,Male,26,2,40831.655634285285,3,0,0,122171.26815377384,0,2,0.05,5.0,Low Risk
828,Germany,Male,18,6,151691.72495473162,4,0,1,58833.929796954544,0,0,0.0,0.0,Low Risk
793,France,Female,88,8,73047.78044016194,1,0,0,190346.06493201593,0,0,0.0,0.0,Low Risk
497,Spain,Female,61,0,99921.31759404704,2,0,1,163347.0285756704,1,4,1.0,100.0,High Risk
816,Germany,Male,76,5,102991.5976765789,3,0,1,32249.542947748418,1,6,0.96,96.0,High Risk
813,Spain,Male,73,10,27434.374177755377,1,1,1,166797.80347731002,0,0,0.0,0.0,Low Risk
321,France,Female,68,1,204873.4474641216,2,1,1,69138.08213331166,0,0,0.04,4.0,Low Risk
411,Spain,Male,33,4,239089.91691813344,4,1,0,45561.35574786306,0,0,0.02,2.0,Low Risk
356,Spain,Female,55,6,65885.4643230776,2,0,1,156416.4481936085,0,0,0.0,0.0,Low Risk
365,Spain,Male,28,6,73602.54642877792,2,1,1,171401.04095262574,0,0,0.0,0.0,Low Risk
397,Spain,Male,42,9,173288.45330455372,2,1,0,192090.2055683043,0,0,0.0,0.0,Low Risk
443,Germany,Female,76,6,20147.09530885403,3,0,0,84049.63381850893,0,1,0.01,1.0,Low Risk
734,France,Male,46,3,226830.7339429684,1,1,1,112426.6564621306,0,1,0.01,1.0,Low Risk
385,Germany,Female,57,5,30147.326807898084,1,1,1,122987.29008870048,1,4,0.98,98.0,High Risk
643,Spain,Male,25,10,183015.61772760775,2,0,0,125544.5428242532,0,0,0.0,0.0,Low Risk
593,Spain,Male,23,9,72878.76898154347,4,0,1,80437.19225493919,0,0,0.0,0.0,Low Risk
542,France,Female,62,5,80816.17957007082,4,0,1,30478.53045999169,0,0,0.01,1.0,Low Risk
331,France,Male,70,6,35211.16132192764,1,1,1,14098.46868275955,0,0,0.0,0.0,Low Risk
690,Germany,Female,38,8,161584.457248239,4,0,1,181198.6175793298,1,11,0.99,99.0,High Risk
576,Germany,Female,74,5,198748.5903007745,2,1,0,73316.54112240458,1,3,0.93,93.0,High Risk
831,France,Male,23,9,237560.39386802068,1,1,0,36145.65979807623,0,0,0.0,0.0,Low Risk
453,Germany,Female,80,0,82887.35865788718,1,1,0,196714.56695181772,0,1,0.02,2.0,Low Risk
682,Spain,Female,23,7,155295.22754595673,4,1,1,160583.547539508,0,0,0.01,1.0,Low Risk
367,Spain,Female,70,1,103748.2370703383,1,1,0,196236.76565511193,0,1,0.01,1.0,Low Risk
513,France,Male,21,2,139460.91818519658,3,1,0,55768.34149433036,0,0,0.02,2.0,Low Risk
675,Germany,Female,26,4,40732.93230677505,2,0,1,92654.92117640468,0,1,0.01,1.0,Low Risk
512,Spain,Female,86,5,145438.22276178643,3,1,1,161740.5081529792,0,0,0.0,0.0,Low Risk
378,France,Male,91,6,212270.56730746172,1,1,1,110382.6614457456,0,0,0.0,0.0,Low Risk
680,Germany,Female,89,3,215913.2885548811,4,1,1,70999.1425997717,1,7,0.98,98.0,High Risk
357,Spain,Female,21,2,120847.33190140592,3,0,0,31693.734579713582,0,1,0.0,0.0,Low Risk
325,Germany,Female,75,8,58936.6163616139,3,1,1,112357.42391879772,0,0,0.06,6.0,Low Risk
746,Germany,Male,54,3,209169.7435186657,3,0,1,119681.48612469442,0,1,0.01,1.0,Low Risk
365,Germany,Male,88,8,249857.12920811647,4,0,0,144152.36984239265,1,4,0.96,96.0,High Risk
553,France,Male,23,8,94289.91048132264,4,0,0,158107.24158748734,0,0,0.01,1.0,Low Risk
343,Spain,Male,68,10,231092.1762913505,1,1,0,23630.556578893353,1,4,0.97,97.0,High Risk
396,France,Male,67,2,245865.03103334983,4,1,0,125594.34336385704,1,4,0.99,99.0,High Risk
526,Spain,Male,31,2,98903.32145052632,3,0,1,156290.4370450876,0,0,0.0,0.0,Low Risk
735,Spain,Female,28,10,179071.1042375868,1,0,0,77807.25447227535,0,2,0.11,11.0,Low Risk
678,France,Male,27,7,145273.12579476714,4,0,0,55120.69947795269,0,0,0.02,2.0,Low Risk
477,France,Male,78,0,180548.42217417803,2,0,0,95936.29834643574,0,0,0.0,0.0,Low Risk
726,Spain,Male,30,5,38538.18364798775,4,1,0,62024.21951317674,0,1,0.01,1.0,Low Risk
606,Spain,Male,51,5,91679.9599142878,4,0,0,101975.8651190047,0,1,0.01,1.0,Low Risk
803,Spain,Female,77,8,15699.510188283388,1,1,0,61705.53043429728,0,0,0.02,2.0,Low Risk
567,Germany,Female,68,1,153304.03418678115,1,0,1,84546.0954828584,0,0,0.0,0.0,Low Risk
307,Spain,Male,22,7,231674.10722568072,1,0,1,183028.51400819965,0,1,0.01,1.0,Low Risk
807,France,Female,91,6,140070.81140810635,2,1,0,183321.96057126665,0,0,0.02,2.0,Low Risk
775,France,Male,49,1,17582.905132572185,2,0,0,198435.86335198188,0,2,0.06,6.0,Low Risk
596,France,Female,29,0,232594.34997478797,4,0,0,97229.81871620276,0,0,0.0,0.0,Low Risk
463,Spain,Male,69,3,33241.227661615856,4,1,1,33616.08144831193,0,1,0.05,5.0,Low Risk
784,Spain,Male,30,1,220735.357259924,1,1,0,177806.43747929938,0,0,0.01,1.0,Low Risk
371,Germany,Male,71,2,178556.81143788082,1,1,0,119372.68911964442,0,0,0.0,0.0,Low Risk
537,Germany,Male,71,1,159091.93881794327,2,0,0,149546.53972663436,0,0,0.03,3.0,Low Risk
403,France,Female,58,8,146711.8994062418,2,1,0,32527.2125875685,0,2,0.05,5.0,Low Risk
509,Germany,Male,65,3,32787.303710365035,1,1,0,63946.436911669254,1,7,1.0,100.0,High Risk
767,Germany,Female,68,0,125210.93809367892,4,1,1,55050.85245913285,1,3,0.93,93.0,High Risk
753,France,Female,64,7,49173.25958851565,2,0,0,111955.64754899514,0,1,0.0,0.0,Low Risk
567,Spain,Female,67,3,142945.9680243273,1,1,1,199435.08078053533,0,0,0.0,0.0,Low Risk
685,Germany,Male,63,9,111835.93610143014,1,0,0,122473.61563669682,1,5,0.98,98.0,High Risk
686,Spain,Female,55,10,169918.8904473736,1,1,0,114577.01665175152,0,1,0.04,4.0,Low Risk
558,France,Female,30,10,245624.25746555245,2,0,1,151818.93755057102,0,1,0.0,0.0,Low Risk
582,France,Female,39,7,90253.85090393054,4,0,1,65769.7480859565,0,1,0.0,0.0,Low Risk
339,Germany,Male,19,7,154178.37408499073,2,1,0,50645.72678179346,0,0,0.0,0.0,Low Risk
785,France,Female,30,8,216101.7316333989,4,0,0,167610.45348854628,1,10,0.92,92.0,High Risk
519,France,Male,74,9,23231.65838772767,2,1,1,192110.7066937274,1,4,1.0,100.0,High Risk
428,France,Female,51,6,200061.51531686157,1,0,1,84287.25725763904,0,1,0.0,0.0,Low Risk
819,Germany,Female,36,3,59856.24268257581,1,0,1,8262.48623418177,1,3,0.87,87.0,High Risk
559,Germany,Male,26,1,135069.0046477094,3,0,1,35840.35278494581,0,0,0.0,0.0,Low Risk
665,Germany,Male,50,5,247875.359633746,1,0,0,171397.69533104313,1,3,0.95,95.0,High Risk
843,France,Female,44,3,246013.01969206505,4,0,0,24337.73455058373,1,4,0.96,96.0,High Risk
823,Spain,Male,62,5,78949.40987039873,1,0,1,152603.61363587616,0,0,0.01,1.0,Low Risk
315,France,Female,19,7,32940.73904099165,3,1,0,124052.78855257528,0,1,0.0,0.0,Low Risk
428,Germany,Female,74,2,234546.2591907236,1,1,1,145349.3431817686,1,5,0.99,99.0,High Risk
408,Spain,Male,74,0,223382.3587497317,1,1,0,51325.543737797445,0,1,0.03,3.0,Low Risk
832,Spain,Male,33,4,154007.97405935437,2,0,1,3675.804289911356,0,0,0.0,0.0,Low Risk
568,Germany,Male,23,2,8102.597209380835,4,0,0,7960.4900835988865,0,0,0.06,6.0,Low Risk
461,Spain,Female,31,5,187820.08102297323,3,1,1,144972.68778594604,0,1,0.0,0.0,Low Risk
559,Spain,Female,44,2,40213.80331035035,2,0,1,122683.35266340245,0,0,0.0,0.0,Low Risk
401,Germany,Female,55,0,235755.31792512673,3,1,1,168092.2225268921,0,0,0.03,3.0,Low Risk
805,Spain,Male,36,8,108781.51744927005,1,1,1,79855.47518441312,0,1,0.0,0.0,Low Risk
546,Spain,Male,54,4,153778.9020433377,3,1,0,111114.71428507596,0,0,0.0,0.0,Low Risk
836,Germany,Male,21,1,70269.98465141898,2,0,1,156703.3082562559,0,0,0.05,5.0,Low Risk
430,Spain,Female,75,1,118768.97060266053,1,1,0,99335.15186105024,0,0,0.01,1.0,Low Risk
652,Spain,Male,26,10,188658.87580490083,2,0,0,198669.77104968243,0,1,0.02,2.0,Low Risk
495,Spain,Male,57,8,123004.1406178008,4,1,1,148580.91469944004,0,0,0.0,0.0,Low Risk
681,Spain,Female,32,0,211799.33236723448,4,0,1,136665.2549734114,0,1,0.0,0.0,Low Risk
526,Germany,Male,21,9,178256.85899989327,4,0,0,160308.42230912295,1,5,0.99,99.0,High Risk
775,France,Male,69,2,19339.893076136566,3,1,0,155440.2680455008,1,5,0.98,98.0,High Risk
776,France,Female,35,9,151708.85107385283,4,0,0,43946.8527314896,0,0,0.0,0.0,Low Risk
564,Spain,Female,70,10,153149.8581650786,3,0,0,42084.68482920359,1,5,1.0,100.0,High Risk
671,Germany,Female,76,6,95224.58809777074,3,1,1,121218.79222004492,1,7,1.0,100.0,High Risk
785,Germany,Female,71,0,80680.98188541783,2,1,0,87215.28080665522,0,0,0.01,1.0,Low Risk
733,Spain,Female,58,1,15721.89850257627,1,1,1,174316.60509580295,1,2,0.68,68.0,Medium Risk
510,France,Female,77,5,111539.11960963924,1,0,0,58027.561587954915,0,2,0.27,27.0,Low Risk
676,Spain,Male,21,8,84149.11446286524,2,1,0,66178.58071305763,0,2,0.15,15.0,Low Risk
694,Germany,Male,56,8,237765.7024210627,4,0,0,33271.08655745582,0,1,0.01,1.0,Low Risk
749,Germany,Female,24,7,168543.59546133783,2,1,1,196348.57652339223,0,2,0.18,18.0,Low Risk
663,France,Female,40,2,115015.3526419208,2,1,1,23218.146130092337,0,1,0.01,1.0,Low Risk
756,Germany,Male,80,1,188652.9951554713,1,1,0,196580.169459376,0,0,0.01,1.0,Low Risk
525,Germany,Female,82,0,194692.40939788157,3,1,0,141281.4688679369,1,3,0.93,93.0,High Risk
430,Germany,Female,58,10,120113.9728936216,2,0,0,17839.386082903577,0,0,0.01,1.0,Low Risk
775,France,Male,61,10,18939.45051843937,2,0,1,30411.557609501622,0,0,0.0,0.0,Low Risk
576,Germany,Male,62,8,195137.78306211976,3,0,0,65400.96407393409,1,1,0.05,5.0,Low Risk
455,Spain,Female,86,4,22571.010696960853,1,1,1,52076.60966881114,0,1,0.02,2.0,Low Risk
517,France,Female,68,2,211876.706626272,4,0,1,194625.92949230055,0,0,0.03,3.0,Low Risk
489,Spain,Male,82,9,83539.22315215407,2,0,0,122672.28246986182,0,1,0.03,3.0,Low Risk
716,Spain,Female,71,9,159560.2411070952,4,0,0,14887.246112789851,0,0,0.01,1.0,Low Risk
845,France,Male,73,10,185101.11322801295,4,0,1,105085.66949207272,1,4,0.97,97.0,High Risk
340,Spain,Male,89,4,8798.116331500156,2,0,1,179428.98717753508,0,1,0.01,1.0,Low Risk
606,France,Female,57,10,96153.5764612996,4,1,0,83242.2021427432,0,1,0.02,2.0,Low Risk
637,Spain,Male,75,2,151035.75199984852,2,0,1,133229.45003035665,0,2,0.01,1.0,Low Risk
613,France,Male,32,8,212036.0618242352,3,0,0,154640.78420664897,0,0,0.0,0.0,Low Risk
374,Germany,Male,36,0,179442.4207951023,3,1,0,37013.9546811668,0,1,0.01,1.0,Low Risk
578,Germany,Female,27,0,224035.29105223672,3,0,1,171101.5931922593,1,4,0.96,96.0,High Risk
475,Spain,Female,33,2,20680.66778864427,3,1,0,89769.74385397379,0,0,0.0,0.0,Low Risk
572,Germany,Female,60,5,17955.500551452897,1,0,1,11347.152580390051,1,5,0.97,97.0,High Risk
588,France,Male,48,10,178381.23519399314,3,0,1,175781.88833550547,1,2,0.76,76.0,High Risk
571,Spain,Male,33,1,99632.060249454,2,0,0,112874.99859828544,0,0,0.0,0.0,Low Risk
365,Germany,Female,45,0,120407.81531273488,2,1,0,39672.36701962205,0,1,0.01,1.0,Low Risk
782,Germany,Male,79,7,151079.00890225562,2,0,1,63496.83011137987,1,4,0.97,97.0,High Risk
547,Spain,Male,37,10,246485.3654368277,4,1,1,113878.8991476968,0,1,0.0,0.0,Low Risk
455,Germany,Female,52,9,16791.53888423354,2,1,0,74841.06541263167,0,2,0.09,9.0,Low Risk
346,Germany,Male,76,8,27223.72235654624,1,0,1,46684.075454959944,1,10,0.98,98.0,High Risk
753,Spain,Male,26,9,207328.30890361936,1,0,1,95867.2854590809,0,0,0.0,0.0,Low Risk
500,Germany,Male,27,0,5131.065289058851,1,0,0,37017.2950830996,0,0,0.0,0.0,Low Risk
423,Germany,Male,62,2,112613.710182101,1,1,1,49083.38097674023,0,1,0.0,0.0,Low Risk
300,Germany,Male,32,4,193529.57240795897,1,0,0,165348.54260907794,0,0,0.09,9.0,Low Risk
490,Germany,Male,47,6,48817.20525852326,1,1,0,45715.958733358166,0,0,0.0,0.0,Low Risk
815,Spain,Female,65,9,46752.528266393645,3,1,1,139076.53656563038,0,1,0.01,1.0,Low Risk
741,France,Female,57,3,77563.08608316997,1,0,0,50101.45794326647,0,1,0.03,3.0,Low Risk
442,France,Male,91,5,37502.58472873619,4,1,0,42487.54937876756,1,2,0.35,35.0,Low Risk
490,Germany,Female,61,0,169638.21343047262,1,1,1,50238.599652402314,0,0,0.0,0.0,Low Risk
832,Germany,Female,63,3,50034.38787436673,2,0,0,93664.91047845986,1,5,0.99,99.0,High Risk
526,France,Female,23,7,56714.38476145343,2,0,1,29264.47210739255,0,0,0.0,0.0,Low Risk
612,Germany,Male,41,4,143733.78702294838,4,1,1,21331.44159372679,0,0,0.0,0.0,Low Risk
601,France,Female,90,7,241835.269599011,1,0,0,151350.5640993302,0,0,0.0,0.0,Low Risk
759,Spain,Male,24,0,228470.6430921353,3,1,1,4670.101227841804,0,1,0.02,2.0,Low Risk
700,Spain,Female,23,9,216124.1824067305,3,1,1,77102.98131079774,0,2,0.0,0.0,Low Risk
692,Spain,Female,50,8,132730.95833195516,3,1,1,79212.9225628996,0,0,0.01,1.0,Low Risk
506,Spain,Male,55,3,74437.95392643019,3,1,0,178609.33825154763,0,1,0.01,1.0,Low Risk
509,Spain,Female,61,8,176441.79456831634,1,1,0,154900.47530803905,0,0,0.0,0.0,Low Risk
414,Spain,Male,34,7,97394.31994479956,4,0,0,102140.23937813952,0,0,0.0,0.0,Low Risk
550,France,Female,48,7,194477.2458578023,3,0,1,95967.79925723025,0,0,0.0,0.0,Low Risk
518,Germany,Female,54,1,4047.8713943284392,1,1,1,113124.6039181901,1,4,0.86,86.0,High Risk
706,France,Female,28,2,132385.01024170045,1,0,1,71571.98682711333,0,0,0.0,0.0,Low Risk
742,Spain,Female,22,9,84337.62374934307,1,0,0,140158.42998062255,0,0,0.02,2.0,Low Risk
653,Germany,Male,81,8,62262.276458944696,1,0,0,137217.37354216937,0,1,0.09,9.0,Low Risk
849,Germany,Male,20,2,165459.2094060942,1,0,1,114935.18444149384,0,1,0.08,8.0,Low Risk
441,Spain,Female,73,7,164593.33340277753,2,1,1,11547.96002213006,0,2,0.09,9.0,Low Risk
800,Spain,Male,80,4,9266.794485898732,1,1,1,25376.2629494792,1,5,0.96,96.0,High Risk
846,Spain,Female,55,6,236924.72150397187,1,0,0,7864.862479489611,0,1,0.02,2.0,Low Risk
841,Spain,Male,71,3,90463.25903762996,1,1,0,143705.96155644796,0,0,0.0,0.0,Low Risk
806,Spain,Male,19,7,229351.953599746,2,1,0,95525.16002976336,0,0,0.0,0.0,Low Risk
580,Spain,Male,19,3,145929.99704251997,2,1,1,190996.68408771447,0,0,0.0,0.0,Low Risk
723,Germany,Female,29,4,163147.6182183462,4,1,0,190466.15022751328,0,1,0.03,3.0,Low Risk
569,Spain,Male,57,0,240128.8945799948,4,1,1,159636.18198387022,0,0,0.0,0.0,Low Risk
453,Spain,Male,19,9,205549.3199164936,1,0,0,88615.35269935844,0,0,0.0,0.0,Low Risk
382,Germany,Female,74,7,35008.75250756211,3,1,0,63276.916384722055,0,0,0.0,0.0,Low Risk
725,France,Female,64,6,1305.2406483335387,1,1,0,40202.83386030965,1,4,0.94,94.0,High Risk
574,Spain,Female,53,10,77146.84508543879,4,1,0,46506.65905143261,0,1,0.0,0.0,Low Risk
583,Germany,Male,21,4,122134.39859690588,3,0,1,198063.7882203704,0,0,0.0,0.0,Low Risk
472,Germany,Male,41,5,183037.4727908486,3,0,1,106074.45090353963,0,1,0.0,0.0,Low Risk
626,France,Male,79,0,165262.0950931754,4,1,1,2460.574057349527,0,1,0.01,1.0,Low Risk
362,Spain,Male,19,7,78214.04285251921,1,1,0,8868.197743706462,0,1,0.01,1.0,Low Risk
372,Spain,Male,32,8,135498.99729083918,4,0,1,91758.65556237778,0,1,0.0,0.0,Low Risk
674,Spain,Male,66,10,162733.32900619344,3,1,0,88701.92245165708,0,1,0.02,2.0,Low Risk
807,Germany,Female,52,4,128437.5505109507,2,0,1,81117.68942654572,1,2,0.71,71.0,Medium Risk
697,Spain,Male,64,9,172243.57401055767,1,1,1,164722.44773547264,0,2,0.08,8.0,Low Risk
419,Spain,Male,41,6,121304.56348708388,4,1,0,140634.039105983,0,1,0.0,0.0,Low Risk
736,Spain,Male,77,9,132421.2517459033,4,1,1,21492.3555996136,0,1,0.0,0.0,Low Risk
764,Spain,Female,65,3,235193.82319934017,4,1,0,72542.15243508757,1,1,0.05,5.0,Low Risk
585,France,Male,40,5,97289.53190732044,2,0,1,119340.02029220524,0,0,0.0,0.0,Low Risk
564,France,Female,29,1,188926.832781916,2,1,0,76503.9509319342,0,0,0.0,0.0,Low Risk
619,France,Male,58,3,83669.1365414565,1,0,0,41668.983177542075,0,0,0.01,1.0,Low Risk
675,Spain,Female,46,4,82963.63384774009,1,0,1,125614.31099375532,1,5,0.99,99.0,High Risk
388,Spain,Female,87,8,231667.89921876875,1,0,1,120453.81146998845,0,0,0.02,2.0,Low Risk
502,Germany,Female,68,8,174667.8763556625,4,0,0,194922.14207131907,1,5,0.99,99.0,High Risk
633,Germany,Male,40,7,232239.57199439287,2,0,0,112218.45348990348,0,1,0.05,5.0,Low Risk
521,Germany,Female,48,3,248645.36550238135,1,1,0,174860.7742733615,0,0,0.04,4.0,Low Risk
340,Spain,Male,38,5,50.79129860008358,2,0,1,189839.7473108176,0,0,0.0,0.0,Low Risk
367,France,Female,41,6,245787.56225715225,3,0,1,86962.44711378489,0,1,0.0,0.0,Low Risk
813,France,Male,89,0,25217.67991964888,1,1,1,10588.211566888613,0,1,0.02,2.0,Low Risk
426,France,Female,26,0,17602.86998447386,2,0,0,28707.44458306558,0,2,0.03,3.0,Low Risk
554,Spain,Female,39,3,191952.4511888943,1,0,0,100798.9998037546,0,1,0.0,0.0,Low Risk
315,France,Male,21,2,87546.15015512645,2,1,0,178592.6711476066,0,0,0.02,2.0,Low Risk
776,Germany,Female,20,9,229452.98412501303,2,0,1,130829.87257579346,0,0,0.0,0.0,Low Risk
361,Germany,Male,45,3,136126.6422329044,4,0,1,40304.328508384,0,0,0.02,2.0,Low Risk
731,France,Female,32,8,96527.91093783588,3,1,0,140211.8595028619,0,0,0.0,0.0,Low Risk
567,Germany,Female,25,1,18359.343398312772,1,0,0,178844.92276743162,0,0,0.02,2.0,Low Risk
334,France,Male,65,3,116158.962944176,2,0,0,6054.809646765116,1,4,0.96,96.0,High Risk
793,France,Male,69,6,69474.43351250302,1,1,1,48569.996320149265,0,0,0.01,1.0,Low Risk
768,Germany,Male,72,1,19153.275275318847,2,1,1,30644.633111913052,1,7,0.99,99.0,High Risk
624,Germany,Female,54,7,167597.1324435369,3,0,1,156822.75919927968,0,2,0.08,8.0,Low Risk
603,Germany,Male,21,9,244334.2208744294,2,1,1,178296.56704032834,0,0,0.0,0.0,Low Risk
575,Germany,Male,72,3,94728.62134913632,2,0,1,110915.94973547118,0,0,0.0,0.0,Low Risk
500,France,Female,29,8,74316.2301487918,1,0,0,169641.89154927156,0,0,0.0,0.0,Low Risk
744,Germany,Male,36,0,22490.047577627152,3,1,0,131390.8632152481,0,1,0.0,0.0,Low Risk
623,Germany,Male,74,6,55786.30527626971,2,0,0,131343.34131589768,1,2,0.79,79.0,High Risk
334,Spain,Female,54,0,71243.06244960144,1,1,1,115945.8366275363,0,2,0.05,5.0,Low Risk
781,Germany,Female,24,10,86043.90320901616,2,1,1,10013.23998032593,0,1,0.0,0.0,Low Risk
779,Germany,Female,72,9,158491.7620611212,1,1,1,187396.2512611076,1,2,0.29,29.0,Low Risk
364,France,Female,45,10,28718.169515968504,3,1,1,71160.72765344103,0,1,0.0,0.0,Low Risk
307,France,Female,54,8,14605.978355795856,4,1,0,160517.51525594792,0,2,0.49,49.0,Low Risk
600,Spain,Male,78,9,232645.45432305193,3,0,1,161998.8142489427,0,0,0.0,0.0,Low Risk
642,Germany,Female,56,9,199797.17295312512,1,0,0,193152.5892809588,0,1,0.2,20.0,Low Risk
730,Germany,Female,40,0,69555.52172883908,3,0,1,65346.66082412436,0,0,0.0,0.0,Low Risk
723,Germany,Female,69,2,159698.0474551711,1,1,0,199479.90612934675,0,1,0.01,1.0,Low Risk
631,Germany,Male,28,6,148123.06994997643,1,1,1,60121.89047356193,0,1,0.0,0.0,Low Risk
737,Germany,Male,83,0,185752.6458833423,3,1,0,90279.51927926592,1,12,1.0,100.0,High Risk
473,Germany,Male,30,4,214823.61967923175,4,1,1,141252.94407309746,0,1,0.0,0.0,Low Risk
826,Spain,Male,58,5,89438.01258183895,3,1,0,31006.175707353817,0,2,0.12,12.0,Low Risk
325,Germany,Female,66,2,165207.99568133088,1,0,0,53281.97316085033,0,0,0.02,2.0,Low Risk
705,Germany,Female,32,5,200510.2268477477,4,1,0,145625.4203377639,1,4,0.99,99.0,High Risk
531,Germany,Female,73,3,174823.57621892737,1,1,1,194877.08711780215,1,7,0.98,98.0,High Risk
832,Spain,Male,71,5,230533.8971336391,4,1,0,146562.4278022349,0,0,0.01,1.0,Low Risk
849,Germany,Female,48,5,123671.86317964963,3,0,0,172461.1327154116,1,1,0.57,57.0,Medium Risk
804,Spain,Male,78,3,200660.14832380455,3,0,0,7506.975616892777,0,1,0.0,0.0,Low Risk
478,France,Male,75,0,227435.34946028257,1,0,1,115409.41162506,1,7,0.97,97.0,High Risk
431,Germany,Male,77,2,139263.2187202132,4,1,1,182819.23229721776,1,6,0.98,98.0,High Risk
754,Spain,Female,70,10,4323.383185843189,1,1,1,136482.58432255188,1,5,0.95,95.0,High Risk
647,France,Female,78,9,204502.0921652131,4,1,1,135295.6936483786,0,1,0.01,1.0,Low Risk
839,Spain,Female,59,6,211508.49287244672,1,0,1,40616.01060502645,0,1,0.01,1.0,Low Risk
705,Spain,Female,46,1,99962.66519636312,3,1,1,172229.621903884,0,1,0.0,0.0,Low Risk
375,France,Male,44,3,57269.518370252685,2,1,0,173010.42037017588,0,1,0.0,0.0,Low Risk
791,Germany,Female,61,5,244537.3167355158,1,0,1,122805.26752893964,0,1,0.02,2.0,Low Risk
493,Germany,Male,22,4,137905.8955982296,2,0,1,85329.37501848624,0,0,0.03,3.0,Low Risk
461,Spain,Male,69,5,129044.92137745811,3,0,1,164856.45019866878,1,5,1.0,100.0,High Risk
646,France,Male,70,4,236518.57355969204,2,0,1,93004.48661854658,0,0,0.0,0.0,Low Risk
660,Germany,Male,69,8,102024.2780740013,4,0,1,164524.7011918645,0,0,0.01,1.0,Low Risk
386,Spain,Male,55,10,212033.99955616012,2,0,0,96988.30027452328,0,0,0.0,0.0,Low Risk
561,France,Male,61,1,175162.77117243645,1,0,1,115962.99178855584,0,0,0.0,0.0,Low Risk
513,Spain,Male,70,3,241928.84303095232,2,0,0,149606.92685819027,1,8,1.0,100.0,High Risk
561,France,Female,19,0,107162.73563783804,4,1,1,53006.067249069434,0,1,0.0,0.0,Low Risk
582,Germany,Female,71,6,226906.47207921185,3,0,0,49376.577075303016,1,5,1.0,100.0,High Risk
766,Germany,Male,52,0,142220.17928977206,4,1,1,133571.57878417833,0,1,0.01,1.0,Low Risk
679,Spain,Female,63,5,118969.11810601952,1,0,1,190783.11674898164,0,0,0.02,2.0,Low Risk
661,Germany,Female,89,9,76415.88613256525,4,1,1,89212.33270849023,0,2,0.1,10.0,Low Risk
748,Germany,Female,72,9,138174.5040795354,2,1,1,179641.4857537267,0,0,0.0,0.0,Low Risk
740,France,Female,89,8,143137.98648931333,2,1,0,103642.23956433784,0,0,0.01,1.0,Low Risk
392,Germany,Male,28,1,224597.78400190652,4,1,0,194786.50603525664,1,6,0.95,95.0,High Risk
723,France,Female,46,0,176015.53232108016,2,0,0,158411.57261526238,0,1,0.0,0.0,Low Risk
441,France,Male,86,10,206618.4144621016,2,0,1,171912.91110620726,0,0,0.0,0.0,Low Risk
590,Spain,Male,80,10,192282.50910092975,1,1,1,135924.00946526043,1,4,0.99,99.0,High Risk
731,France,Female,64,10,69161.63837574521,1,1,1,173699.8302076298,0,0,0.0,0.0,Low Risk
348,Germany,Female,24,9,51449.39126504419,1,0,0,118563.72768389645,0,1,0.02,2.0,Low Risk
601,France,Male,81,2,64620.33893050975,3,0,1,113471.6797419711,0,0,0.0,0.0,Low Risk
489,France,Male,81,5,36644.85609383353,3,0,0,174743.55711576153,1,3,0.92,92.0,High Risk
435,Spain,Female,29,6,96490.48087311568,1,1,1,3023.083494836881,0,0,0.01,1.0,Low Risk
703,Germany,Female,29,10,163475.17864423207,4,1,1,95760.99282177878,0,0,0.02,2.0,Low Risk
640,Germany,Male,53,7,134244.37307630092,4,0,1,174016.08210026007,1,4,0.99,99.0,High Risk
617,Germany,Female,46,3,169803.58218132975,4,0,0,39237.944045187105,0,1,0.01,1.0,Low Risk
662,France,Male,28,7,89024.61334642148,1,1,1,191602.28420289725,0,2,0.09,9.0,Low Risk
681,Germany,Male,70,6,51319.44664608998,3,0,0,148122.94377420068,0,0,0.0,0.0,Low Risk
532,Germany,Male,87,10,50689.53711979774,2,0,0,152486.87239574286,1,2,0.7,70.0,Medium Risk
643,France,Male,91,7,150215.63667667893,4,0,1,133098.5814010084,1,4,0.94,94.0,High Risk
848,Spain,Female,64,4,41073.6897478575,1,1,1,89500.40690851289,0,1,0.01,1.0,Low Risk
828,Spain,Male,50,9,99291.7930765498,1,1,0,92196.67519572876,1,3,0.93,93.0,High Risk
482,France,Male,84,6,53208.18569401106,2,0,0,167823.23300029384,1,9,0.98,98.0,High Risk
340,Spain,Female,60,3,165690.09618223636,3,1,1,27836.477292418247,1,7,1.0,100.0,High Risk
696,Spain,Female,35,0,153855.20969492625,3,0,1,104418.26955836802,0,0,0.0,0.0,Low Risk
793,Spain,Male,91,2,95281.2416943849,1,1,0,61996.31226442734,0,0,0.0,0.0,Low Risk
632,Germany,Female,70,9,32179.37988362629,2,0,0,196863.43855289268,0,0,0.01,1.0,Low Risk
426,Spain,Female,56,8,52954.2036116688,3,1,0,748.5604903703261,0,1,0.04,4.0,Low Risk
300,Germany,Male,89,10,118052.2647005833,2,1,1,12744.231305250523,1,3,0.88,88.0,High Risk
467,Spain,Female,51,3,243020.6061085424,2,1,1,193477.89947331412,0,1,0.05,5.0,Low Risk
318,Germany,Female,54,4,67693.69037605086,1,0,1,108762.91141969156,1,4,0.98,98.0,High Risk
631,France,Female,58,2,47797.589226473094,2,0,1,27715.637451999213,0,3,0.3,30.0,Low Risk
755,France,Female,66,10,55170.85456084281,2,1,0,89733.57176258808,0,0,0.0,0.0,Low Risk
408,Spain,Female,27,5,177034.7840419897,2,0,0,64538.282008348375,0,0,0.0,0.0,Low Risk
567,Germany,Male,57,3,228671.04134888033,4,0,1,182242.5176992885,0,0,0.01,1.0,Low Risk
744,France,Female,35,4,18792.905979812367,2,1,0,137518.98673333504,0,0,0.01,1.0,Low Risk
539,France,Male,42,10,187322.1353928046,2,0,0,26112.466304440455,0,0,0.0,0.0,Low Risk
600,France,Male,58,6,123651.66991487476,1,1,0,107293.75914952849,0,0,0.0,0.0,Low Risk
402,France,Female,53,6,206297.6166753268,3,0,0,26900.68986930746,0,2,0.13,13.0,Low Risk
549,Spain,Female,19,8,105376.33069269006,3,1,1,133049.4749945823,0,1,0.0,0.0,Low Risk
752,Germany,Female,91,1,1304.062919198129,2,1,1,145448.1847408315,0,1,0.05,5.0,Low Risk
819,France,Female,66,3,170699.09418239282,1,1,1,112436.39274500596,1,3,0.95,95.0,High Risk
452,Spain,Female,84,7,201992.85787182656,1,0,0,193191.50246509456,1,8,0.99,99.0,High Risk
473,France,Female,70,3,225505.2735382887,2,1,0,188867.44685355804,1,5,0.98,98.0,High Risk
642,France,Female,36,2,142262.82227375856,2,1,0,41191.064826789785,0,0,0.0,0.0,Low Risk
730,France,Female,43,9,30512.125310786396,3,1,1,75.87380730304928,0,2,0.05,5.0,Low Risk
623,France,Female,71,5,92458.66105638894,3,1,0,132553.1360611648,0,0,0.01,1.0,Low Risk
719,Spain,Female,68,2,196062.561280278,3,0,0,95133.555043683,0,0,0.0,0.0,Low Risk
784,Germany,Female,42,1,123603.24138700368,2,0,0,66938.35825947716,0,0,0.0,0.0,Low Risk
711,Spain,Female,34,8,174811.12204512538,3,1,0,183378.78235121735,1,8,0.98,98.0,High Risk
383,Spain,Male,91,2,1172.4208396997617,1,0,0,195701.7683190269,0,0,0.02,2.0,Low Risk
412,Spain,Female,78,0,18250.584934358936,4,0,0,186116.1480566736,0,1,0.02,2.0,Low Risk
631,France,Male,63,8,170290.90461215877,4,0,1,100044.0496575697,0,0,0.0,0.0,Low Risk
677,Germany,Male,72,4,72550.47023482846,4,0,1,140674.29898149095,0,0,0.0,0.0,Low Risk
340,France,Female,67,6,97046.67192697286,1,1,0,34323.00677485312,0,2,0.28,28.0,Low Risk
404,Spain,Male,28,1,160533.22794362297,4,1,0,190171.8097660509,1,7,0.97,97.0,High Risk
501,France,Female,29,0,28003.623399193573,2,0,0,56742.50093697726,1,3,0.86,86.0,High Risk
749,Germany,Female,57,5,208177.08882265427,2,1,0,38555.94098203904,1,3,0.96,96.0,High Risk
565,Germany,Male,65,4,36108.56504079624,4,1,0,12041.111672472372,0,0,0.01,1.0,Low Risk
509,France,Female,73,9,183320.63601281692,4,0,1,110078.760294151,0,3,0.32,32.0,Low Risk
417,Spain,Male,25,5,73187.84226098999,3,0,0,189693.27346289015,0,0,0.0,0.0,Low Risk
676,France,Male,31,1,64992.74153292159,1,1,0,27126.29425772887,0,0,0.01,1.0,Low Risk
839,Spain,Female,73,6,205316.1747462188,3,0,0,24174.85215263363,0,2,0.43,43.0,Low Risk
383,Germany,Male,71,0,138050.4365633426,1,1,1,54526.80046892405,0,0,0.0,0.0,Low Risk
753,France,Male,34,10,51374.446243723505,3,1,0,133082.12465768578,0,0,0.01,1.0,Low Risk
813,Germany,Female,62,7,636.5627278294705,2,0,0,109567.2231406398,1,3,0.79,79.0,High Risk
686,Spain,Male,22,6,243258.7198499503,1,0,0,19250.42998644642,0,0,0.02,2.0,Low Risk
649,Spain,Female,20,6,107846.54728064928,4,0,0,88465.62529364772,0,0,0.01,1.0,Low Risk
595,France,Female,26,5,99355.69872296575,1,0,0,13395.787953767049,0,0,0.0,0.0,Low Risk
557,France,Female,37,9,12578.646554465528,1,1,0,170382.1766834508,1,8,0.97,97.0,High Risk
380,France,Female,38,4,223600.86733774067,3,0,0,21431.284727892285,0,2,0.05,5.0,Low Risk
567,Germany,Male,50,8,35146.923984295725,4,1,1,94264.94937349968,1,2,0.23,23.0,Low Risk
718,Spain,Female,22,2,83863.92790245204,3,0,1,102097.61168786642,0,0,0.0,0.0,Low Risk
534,Spain,Male,41,8,105275.97374645,4,0,1,106029.9531898368,0,0,0.0,0.0,Low Risk
610,Germany,Male,80,4,202526.4371950167,3,0,1,121834.89136853728,0,1,0.0,0.0,Low Risk
656,France,Female,43,7,89866.65803517796,4,0,1,140319.4683526183,0,0,0.0,0.0,Low Risk
512,France,Female,50,10,132865.6355882033,1,0,0,881.5577465743931,0,1,0.02,2.0,Low Risk
348,Germany,Female,35,2,107182.86741039326,2,0,0,6192.564334360776,1,7,0.98,98.0,High Risk
426,Spain,Male,35,6,77961.17378241527,4,1,0,122314.16367615786,0,0,0.01,1.0,Low Risk
522,Spain,Female,55,9,236575.7712272382,3,1,0,36436.587307488415,0,0,0.0,0.0,Low Risk
578,Spain,Male,50,3,199219.2027066278,1,0,1,166370.70436938736,0,1,0.02,2.0,Low Risk
707,Spain,Female,44,4,43588.239993699375,3,0,1,125506.0546724674,0,1,0.0,0.0,Low Risk
804,Germany,Female,66,3,138676.5837218808,1,0,1,196080.3417302288,0,0,0.04,4.0,Low Risk
593,Spain,Male,67,8,199140.02977062215,1,0,0,145603.57803555828,0,1,0.02,2.0,Low Risk
576,Germany,Male,32,6,144947.49315717682,4,1,1,18151.97533412795,1,6,0.98,98.0,High Risk
737,France,Female,69,5,123444.82299898274,3,1,0,34203.47874903746,0,0,0.01,1.0,Low Risk
406,Germany,Female,85,5,18014.849359968022,1,1,1,9319.31396258382,0,2,0.25,25.0,Low Risk
719,Spain,Female,36,10,26516.67212662492,3,1,1,148237.76136470406,0,0,0.0,0.0,Low Risk
728,France,Male,42,9,61309.88380017049,1,1,0,25373.388762299335,0,1,0.0,0.0,Low Risk
674,Germany,Female,42,6,128349.17279871117,4,0,0,132756.86102745906,0,0,0.03,3.0,Low Risk
372,Germany,Female,50,4,246824.1711421366,2,0,0,111083.99487566984,0,1,0.02,2.0,Low Risk
329,Germany,Male,77,9,200566.54801920295,2,1,0,126663.19514729216,0,1,0.05,5.0,Low Risk
487,France,Female,54,2,27512.75011607471,2,1,0,101738.89291960104,0,0,0.03,3.0,Low Risk
663,Germany,Male,60,10,179314.8484247111,2,0,1,2615.611892925463,1,5,0.96,96.0,High Risk
750,Spain,Male,26,10,202617.8347931821,4,0,0,50651.08296548523,0,0,0.0,0.0,Low Risk
494,France,Female,31,2,103565.81958530264,4,0,1,176997.5175273963,0,0,0.01,1.0,Low Risk
455,France,Female,20,6,82536.90584412229,4,1,0,185854.42094633775,0,0,0.0,0.0,Low Risk
471,Germany,Male,86,10,146153.77600941432,3,0,0,19450.985571165496,1,4,1.0,100.0,High Risk
340,Spain,Male,73,9,129788.38874211356,1,1,1,190526.21340226452,0,0,0.01,1.0,Low Risk
362,France,Female,43,0,66303.40144922576,1,1,0,134108.5050941841,0,0,0.01,1.0,Low Risk
322,Germany,Male,70,3,99344.45764573503,2,1,0,184512.28915815943,0,0,0.0,0.0,Low Risk
659,Spain,Male,58,9,136109.37907238127,2,1,1,80238.77597687,0,2,0.11,11.0,Low Risk
374,Germany,Female,38,7,144981.0915671854,1,1,0,20357.991062049896,0,1,0.0,0.0,Low Risk
417,Germany,Male,56,3,132937.3804094882,1,1,0,60497.628254140094,0,0,0.01,1.0,Low Risk
679,France,Male,40,0,211526.8777718065,1,1,0,137939.4066243179,0,0,0.01,1.0,Low Risk
589,France,Male,91,4,7936.25994682648,4,1,0,159046.3475647939,0,1,0.09,9.0,Low Risk
739,Germany,Male,75,0,83245.92011030507,4,1,0,10033.955360582897,1,8,0.99,99.0,High Risk
306,France,Male,86,8,187458.40346166585,4,1,1,97395.46450095256,0,0,0.01,1.0,Low Risk
495,France,Male,46,7,162945.65079213303,2,0,0,12882.696771661887,0,0,0.0,0.0,Low Risk
720,Spain,Female,79,6,229566.65729546524,4,0,0,172724.024712442,0,0,0.0,0.0,Low Risk
492,Spain,Female,70,4,147005.25718558906,1,0,1,95273.00156696736,1,5,0.99,99.0,High Risk
447,Germany,Female,62,3,159537.72655176418,2,0,1,182965.21703235595,1,5,0.98,98.0,High Risk
501,Germany,Female,44,6,176236.79003069238,2,0,1,15724.976791207768,0,0,0.0,0.0,Low Risk
743,Germany,Male,51,2,46550.149781560576,4,0,0,66100.69225540911,0,0,0.0,0.0,Low Risk
718,Germany,Female,31,7,188311.00294086625,2,0,1,135310.92123831448,0,0,0.0,0.0,Low Risk
726,Spain,Male,58,4,74972.40963525053,1,1,1,58724.28034318883,0,1,0.0,0.0,Low Risk
778,France,Female,91,4,106125.2950164101,2,1,0,168313.29248679266,1,3,0.85,85.0,High Risk
774,Spain,Male,77,0,3501.6253931541564,3,1,0,197366.87131686351,0,0,0.01,1.0,Low Risk
425,Germany,Female,59,9,210891.48277088228,1,1,0,56251.10766605041,0,0,0.0,0.0,Low Risk
694,Germany,Male,68,10,238373.22353139127,1,1,0,72221.9621301071,0,0,0.02,2.0,Low Risk
624,Spain,Female,28,7,15047.737796197807,4,0,1,193469.43447514492,0,0,0.02,2.0,Low Risk
691,Spain,Female,52,6,158800.04494252845,1,0,0,71618.64070854636,1,5,0.98,98.0,High Risk
739,Germany,Female,36,0,240194.66903952567,1,0,0,111201.74279960112,1,3,0.79,79.0,High Risk
503,France,Female,82,3,151725.19706495493,2,0,1,153850.6408302154,1,6,0.97,97.0,High Risk
785,Germany,Female,78,3,199487.7467970187,3,0,1,87674.56742560733,0,0,0.02,2.0,Low Risk
330,Spain,Male,64,8,29532.196208457928,2,0,0,74527.86374569061,0,1,0.03,3.0,Low Risk
687,Germany,Female,31,9,61212.44321560723,3,0,1,99122.713330049,0,0,0.02,2.0,Low Risk
733,Germany,Male,84,1,86433.71398031576,1,1,1,155906.1814088064,1,1,0.68,68.0,Medium Risk
675,France,Female,69,3,245291.66241384472,2,0,0,62439.33382047664,0,0,0.01,1.0,Low Risk
643,Germany,Female,49,9,195444.49259120543,2,1,0,70167.9913487304,0,0,0.03,3.0,Low Risk
742,Germany,Female,27,2,221415.71737366004,4,0,1,37835.96936778294,0,0,0.02,2.0,Low Risk
374,Germany,Male,34,9,121769.10492126542,2,1,1,140326.48384155444,0,0,0.0,0.0,Low Risk
454,Spain,Female,57,4,179201.33905834414,3,0,1,179891.09930133267,0,0,0.01,1.0,Low Risk
729,Spain,Female,85,6,182891.2357168932,3,0,1,37156.1267807827,0,0,0.01,1.0,Low Risk
662,France,Male,80,4,142230.7652112801,1,0,0,6927.5615173882015,0,0,0.02,2.0,Low Risk
747,Germany,Male,32,4,219492.28767609125,4,0,1,76260.31894686873,0,0,0.0,0.0,Low Risk
533,Spain,Male,56,3,39562.8064894972,4,1,1,82036.85144815504,0,0,0.0,0.0,Low Risk
561,France,Male,74,8,14379.922466278866,2,1,0,129176.24672097136,0,0,0.01,1.0,Low Risk
424,Germany,Female,27,5,76014.12392233282,1,1,0,17127.34388764581,0,1,0.05,5.0,Low Risk
544,France,Male,88,9,22067.952648921197,3,1,0,164301.46615589375,0,1,0.02,2.0,Low Risk
841,France,Male,34,5,15079.040663861204,4,1,0,114801.6215592632,1,5,0.99,99.0,High Risk
784,France,Female,34,10,104772.4492234428,1,1,1,109198.72404258917,0,0,0.01,1.0,Low Risk
421,France,Male,33,5,50126.42117286331,2,0,1,63279.44311266089,0,2,0.01,1.0,Low Risk
424,France,Male,20,5,197536.87428180943,4,0,0,73059.84995162142,0,3,0.21,21.0,Low Risk
848,France,Male,68,0,144946.09649137827,2,1,0,11094.895834344015,0,0,0.03,3.0,Low Risk
469,France,Female,63,10,90148.21260910158,3,1,1,150753.417964799,0,0,0.0,0.0,Low Risk
423,Germany,Male,72,5,71636.03545196934,3,1,1,120951.26531947462,1,3,0.97,97.0,High Risk
334,Germany,Male,43,3,140784.5392150665,1,1,0,195285.9372220056,0,1,0.07,7.0,Low Risk
386,France,Male,48,1,108500.5246899769,2,0,1,70718.81890333387,0,0,0.01,1.0,Low Risk
500,Germany,Female,89,5,13933.795059329765,1,1,1,133252.08067410844,1,4,0.96,96.0,High Risk
668,France,Female,36,0,166297.6527956583,3,0,1,183909.8639753898,0,0,0.0,0.0,Low Risk
376,Germany,Male,85,0,124939.39693082211,4,0,1,142339.06100829018,0,0,0.0,0.0,Low Risk
358,Spain,Female,32,4,69224.89875569296,3,0,0,8071.701833844253,0,0,0.04,4.0,Low Risk
730,France,Male,75,5,72603.77588403899,1,0,0,126451.03814109165,1,8,0.99,99.0,High Risk
799,Spain,Female,47,1,113196.14831996252,2,1,0,109082.74894675142,0,0,0.0,0.0,Low Risk
408,France,Female,65,9,206898.11551390868,3,0,1,99867.67452597796,0,1,0.0,0.0,Low Risk
577,France,Male,73,7,105762.64507866748,1,1,0,110613.2630853532,1,2,0.74,74.0,Medium Risk
367,Spain,Male,59,3,209895.20789528795,2,1,1,92118.55970944506,0,0,0.0,0.0,Low Risk
368,Spain,Male,41,3,106215.80338488203,1,1,1,138369.52820641815,0,1,0.0,0.0,Low Risk
464,Spain,Female,69,9,207478.2914658722,3,0,0,2992.4314311697017,1,4,0.97,97.0,High Risk
788,France,Male,60,4,232882.4910460882,2,1,1,37720.05691045525,0,0,0.0,0.0,Low Risk
604,Spain,Female,51,9,5143.469646948423,3,1,1,73083.47189709787,0,1,0.01,1.0,Low Risk
664,Spain,Female,77,3,15562.603055596868,3,1,0,90538.92738290232,0,0,0.01,1.0,Low Risk
678,Germany,Male,20,10,33504.823936439694,3,0,0,26105.964736977017,0,0,0.01,1.0,Low Risk
642,Germany,Female,85,4,30530.1198415219,3,1,0,164030.9940516804,1,3,0.94,94.0,High Risk
653,Spain,Female,28,9,113619.47084166182,3,0,0,185878.98037189912,0,0,0.0,0.0,Low Risk
715,Spain,Male,30,2,191008.51788622583,1,1,0,150245.5857173302,0,0,0.0,0.0,Low Risk
408,Spain,Female,67,7,240332.10379165557,4,0,1,185764.3214852611,0,1,0.0,0.0,Low Risk
796,Spain,Female,36,5,104445.20349194694,4,0,0,148646.8423032818,0,1,0.0,0.0,Low Risk
640,Germany,Male,61,7,172120.28414101232,3,1,1,88216.79320069519,1,5,0.99,99.0,High Risk
682,France,Male,50,4,158876.727953641,3,0,0,78632.66334262483,0,1,0.01,1.0,Low Risk
832,Spain,Male,55,6,98295.8836579606,3,1,1,33288.212385450606,0,1,0.0,0.0,Low Risk
599,Spain,Female,20,9,180280.8797258356,2,1,1,17298.543735443956,0,0,0.0,0.0,Low Risk
438,Germany,Female,82,6,147987.77083972283,3,1,0,43931.460226190655,1,4,1.0,100.0,High Risk
658,Spain,Female,52,5,189984.88028439833,2,1,1,106431.82508952354,0,3,0.22,22.0,Low Risk
798,Spain,Male,53,9,48412.17589229835,1,1,0,26998.08075109263,0,0,0.0,0.0,Low Risk
684,Germany,Female,55,3,90067.84631746229,4,1,1,190233.19757165556,0,1,0.03,3.0,Low Risk
579,Spain,Female,56,5,167805.47844583233,3,1,1,43708.30638572033,0,3,0.4,40.0,Low Risk
782,Spain,Female,42,8,31200.865628229323,4,0,1,166727.9427512328,0,2,0.01,1.0,Low Risk
410,Germany,Male,81,10,192599.39199727887,1,1,0,163765.604381723,1,5,0.99,99.0,High Risk
438,France,Male,30,3,33359.94306905379,4,1,0,28249.35413936775,0,0,0.0,0.0,Low Risk
734,Spain,Male,85,5,81113.5377585512,1,0,1,142151.46209566895,1,7,0.96,96.0,High Risk
808,Spain,Female,87,5,59382.16833373372,3,0,0,164824.52624198905,1,1,0.67,67.0,Medium Risk
572,France,Female,18,2,15246.39040428394,1,0,1,176858.6294819187,0,1,0.0,0.0,Low Risk
398,Germany,Male,89,3,67664.20922261321,3,0,0,190796.3810402883,0,0,0.01,1.0,Low Risk
403,France,Male,71,2,227877.80232093364,4,0,1,186021.39185655967,1,6,1.0,100.0,High Risk
513,Spain,Female,26,2,6732.161737194181,1,1,0,62234.3001334563,0,0,0.01,1.0,Low Risk
464,France,Male,53,9,4207.232677871709,2,1,0,53538.51276611519,0,0,0.01,1.0,Low Risk
819,Germany,Female,54,3,176066.7119785965,2,1,0,79512.10795463517,0,0,0.01,1.0,Low Risk
583,Spain,Male,76,3,91717.4787442158,2,1,1,93006.60357121228,0,1,0.01,1.0,Low Risk
816,Germany,Male,38,5,57435.269718706106,3,0,1,46784.664534435346,0,0,0.0,0.0,Low Risk
463,Germany,Male,37,3,127218.03780354712,1,0,1,17225.77837289386,1,2,0.63,63.0,Medium Risk
363,France,Female,18,5,66668.8842376496,2,1,0,131320.7187131155,0,0,0.0,0.0,Low Risk
390,France,Male,76,1,98004.4806332048,3,1,1,34856.414429191675,1,6,0.99,99.0,High Risk
416,Germany,Female,45,3,178834.09717327365,2,1,0,182980.7874151983,0,1,0.04,4.0,Low Risk
566,Germany,Male,88,1,29226.76612075986,4,1,0,57544.083773574705,1,7,0.99,99.0,High Risk
439,Spain,Male,73,7,239914.05199031412,4,0,0,39545.27131818493,1,9,1.0,100.0,High Risk
545,Germany,Female,26,8,10632.171067263413,4,0,0,38839.68890102872,0,0,0.02,2.0,Low Risk
694,Germany,Female,82,6,201634.3388320571,2,1,1,57900.80408106094,0,1,0.01,1.0,Low Risk
786,France,Male,53,5,181147.7984878526,3,0,0,122437.03620776976,0,0,0.0,0.0,Low Risk
775,Germany,Female,51,7,70522.39428189333,2,1,0,195663.61465702747,1,2,0.77,77.0,High Risk
816,Germany,Male,49,3,29580.71288806424,3,0,1,97258.84621183056,0,0,0.02,2.0,Low Risk
483,France,Female,83,9,213093.7345485621,2,0,1,119939.6000388789,0,0,0.01,1.0,Low Risk
319,Spain,Female,42,10,169902.90660423337,3,0,1,168521.45147476514,0,1,0.01,1.0,Low Risk
823,France,Male,68,1,72720.30588374232,2,0,1,66814.14855508973,0,2,0.05,5.0,Low Risk
828,France,Male,80,3,4232.292917568353,1,1,0,35983.53573765063,0,1,0.01,1.0,Low Risk
446,Germany,Female,62,4,234622.5855920115,1,1,0,86731.06094567628,1,4,0.98,98.0,High Risk
603,Germany,Female,43,8,101063.29161499048,3,1,1,63745.34750889667,0,1,0.0,0.0,Low Risk
527,Spain,Male,38,4,44066.71174732424,4,1,0,173227.28032840337,1,6,0.99,99.0,High Risk
401,Germany,Female,68,8,227958.48633584552,4,0,1,195588.18985456633,1,4,0.93,93.0,High Risk
716,Spain,Female,41,8,89755.1610881434,4,1,1,137666.474997548,0,1,0.01,1.0,Low Risk
515,Spain,Female,29,7,115812.91024939933,3,1,1,130755.61436393016,0,0,0.0,0.0,Low Risk
706,Spain,Female,28,4,174654.66584597877,1,1,1,142847.09191070485,0,1,0.0,0.0,Low Risk
698,Spain,Male,44,1,204854.70675859804,3,1,1,93538.49153802464,0,1,0.0,0.0,Low Risk
798,Germany,Male,40,4,25044.437186636987,2,0,1,125762.61523756212,0,1,0.0,0.0,Low Risk
764,France,Female,50,10,224668.47601095063,2,1,1,14261.487571010684,0,2,0.1,10.0,Low Risk
381,France,Female,55,0,233134.9295308843,2,0,0,98694.8421098496,1,6,0.96,96.0,High Risk
664,Germany,Male,72,7,64817.43166602988,2,0,1,66480.00040673156,0,0,0.0,0.0,Low Risk
462,Germany,Female,87,1,124346.9849854885,2,0,0,10645.537012137747,1,5,0.98,98.0,High Risk
347,Spain,Female,59,6,214468.83355310737,2,0,1,108959.81380204143,0,0,0.0,0.0,Low Risk
810,Germany,Female,46,10,121837.08296717946,4,0,1,72057.69284383768,0,1,0.07,7.0,Low Risk
628,France,Female,51,1,120493.64285448856,4,1,0,118126.86482426904,0,0,0.02,2.0,Low Risk
415,Germany,Female,74,10,154630.79746231931,2,0,0,102640.88185498584,0,0,0.04,4.0,Low Risk
636,Germany,Male,20,4,191859.82817420928,3,0,1,55251.16908315931,1,6,1.0,100.0,High Risk
446,Spain,Female,23,9,166404.34644892596,1,0,0,108001.29115453192,0,0,0.0,0.0,Low Risk
622,Spain,Female,65,6,156641.66047660142,2,1,0,75761.03458246683,0,0,0.0,0.0,Low Risk
742,Spain,Female,81,5,92917.8335857091,2,0,0,184224.0040200104,0,0,0.03,3.0,Low Risk
312,Spain,Male,30,4,157518.4264073395,3,1,1,75132.90415930793,0,0,0.0,0.0,Low Risk
793,France,Female,53,5,25818.218263325336,4,0,0,8039.580876600295,0,1,0.02,2.0,Low Risk
586,Germany,Female,87,1,102389.52921246809,3,1,0,152716.91484123096,1,6,0.99,99.0,High Risk
413,Germany,Male,50,9,47087.8206978701,1,0,1,192737.0410126775,0,0,0.08,8.0,Low Risk
779,Spain,Male,74,0,134391.96043734503,1,1,1,33885.07018182897,0,0,0.0,0.0,Low Risk
321,France,Male,72,0,65511.29693939511,3,1,1,194556.94630178888,1,7,0.89,89.0,High Risk
648,France,Male,30,7,126483.70545743791,2,1,1,123442.59949978135,0,0,0.01,1.0,Low Risk
619,Germany,Female,68,2,194331.257947475,4,1,1,169478.69043028232,0,0,0.03,3.0,Low Risk
425,Spain,Female,70,10,108498.1736393232,2,0,1,94584.33819774928,0,2,0.13,13.0,Low Risk
576,Germany,Female,53,2,54682.16575019983,2,1,1,124508.09107062304,0,0,0.01,1.0,Low Risk
503,Germany,Male,22,8,55745.418619474185,2,1,0,168213.16171948475,0,0,0.0,0.0,Low Risk
493,France,Female,42,5,226563.61204951783,2,0,0,196560.18093261495,0,1,0.02,2.0,Low Risk
846,France,Male,54,3,195226.1911562361,4,0,0,36967.60873353064,0,0,0.01,1.0,Low Risk
585,Germany,Male,36,3,9143.166907469802,3,1,0,179750.33663223445,1,1,0.66,66.0,Medium Risk
356,Spain,Female,52,6,235680.7020645929,1,0,1,133457.7071516343,0,0,0.01,1.0,Low Risk
602,Spain,Male,51,5,28141.296803707664,1,1,0,189372.7594305334,1,3,0.99,99.0,High Risk
462,Germany,Male,71,1,163235.59630551373,4,1,1,63628.180215111104,0,0,0.0,0.0,Low Risk
318,Germany,Female,63,8,137875.7703943627,3,1,1,48526.36216726092,0,0,0.0,0.0,Low Risk
669,Spain,Female,23,1,11668.211958890925,4,0,0,73111.03704821788,0,1,0.02,2.0,Low Risk
563,Spain,Male,18,7,73793.31881789796,2,0,0,176901.01609476208,0,0,0.0,0.0,Low Risk
412,Spain,Female,88,3,193963.40089658508,4,1,1,91931.94358452376,0,0,0.0,0.0,Low Risk
787,Germany,Female,51,9,76719.96011557769,3,1,0,190295.62114900025,1,8,1.0,100.0,High Risk
626,France,Male,73,0,120083.09845226048,1,1,1,48475.59551573483,0,1,0.03,3.0,Low Risk
841,Spain,Male,43,0,174487.63562681316,4,0,1,44116.23021612582,0,1,0.01,1.0,Low Risk
364,Spain,Female,59,8,17893.21096824026,1,0,1,135684.35197479208,1,4,0.96,96.0,High Risk
591,Spain,Female,55,3,208151.4283724489,1,0,1,58339.7545337632,1,7,1.0,100.0,High Risk
324,Germany,Male,43,0,10395.294955399842,1,0,1,25839.67647380508,0,1,0.0,0.0,Low Risk
848,France,Female,76,2,65596.86211586585,3,1,1,75193.906660954,0,0,0.05,5.0,Low Risk
300,France,Male,41,2,190766.81640717245,2,1,0,53240.49257167588,0,0,0.01,1.0,Low Risk
848,Spain,Male,38,6,227968.78792425452,2,1,0,82602.14516312687,0,0,0.04,4.0,Low Risk
440,Germany,Female,77,5,190085.92880015087,3,1,1,37310.33407175334,1,3,0.91,91.0,High Risk
487,France,Female,37,7,56749.839699595934,2,0,0,191397.0102766528,0,0,0.0,0.0,Low Risk
427,Germany,Female,23,6,246430.95519515933,2,1,1,160331.77400823703,0,0,0.0,0.0,Low Risk
500,France,Female,84,0,103333.55686992843,2,0,1,168181.84383245412,0,0,0.0,0.0,Low Risk
426,Spain,Female,27,2,94112.80275860112,4,0,1,59565.28031083265,0,1,0.01,1.0,Low Risk
556,Germany,Male,29,8,216308.87488703596,2,0,0,171353.17224529828,0,0,0.02,2.0,Low Risk
846,Spain,Female,39,3,16552.244105701637,4,1,0,118160.87722510545,0,0,0.02,2.0,Low Risk
493,France,Male,79,10,139020.3572074525,1,1,0,11355.700053297707,0,2,0.14,14.0,Low Risk
403,France,Female,78,10,241406.4630332661,4,1,0,30660.75504850298,1,3,0.94,94.0,High Risk
834,Spain,Male,34,2,25032.58397445063,2,1,1,89198.05743269356,0,0,0.0,0.0,Low Risk
564,France,Female,27,4,135212.2627777743,3,1,1,78763.05683008397,0,1,0.0,0.0,Low Risk
683,Spain,Female,29,7,33114.154252076536,1,0,1,159057.75386310052,0,0,0.0,0.0,Low Risk
559,Spain,Male,57,0,222494.4908664387,1,1,0,174735.1454920394,1,10,0.99,99.0,High Risk
713,Spain,Female,40,1,146937.09664815385,4,1,0,172987.44541233752,0,0,0.0,0.0,Low Risk
657,France,Female,57,6,58650.845953332144,3,1,0,75064.07061132637,1,2,0.16,16.0,Low Risk
374,Germany,Male,91,0,76760.75330417408,2,1,0,127158.55287663972,1,3,0.88,88.0,High Risk
654,Spain,Male,91,10,129157.74332220244,4,0,1,99423.27814743604,0,0,0.03,3.0,Low Risk
487,Germany,Male,67,4,181337.0264897947,4,0,1,177784.96085018673,1,4,0.98,98.0,High Risk
589,France,Female,27,9,121873.55259805324,1,0,0,177795.49325657403,0,1,0.01,1.0,Low Risk
344,France,Male,21,7,47316.48595747456,4,1,0,10783.911121724926,0,0,0.02,2.0,Low Risk
382,Germany,Male,18,5,177032.80420950154,3,0,0,114432.30848702196,0,1,0.01,1.0,Low Risk
422,Spain,Female,60,2,29590.93276958158,4,1,1,100698.2247666269,0,0,0.0,0.0,Low Risk
657,France,Female,22,6,202351.82475554736,4,0,0,154080.7268096165,0,0,0.0,0.0,Low Risk
827,Spain,Female,51,2,98900.02922627868,3,1,0,39169.65406988133,0,0,0.03,3.0,Low Risk
365,Spain,Female,83,4,163177.64631565695,4,1,0,139002.70998721963,0,1,0.01,1.0,Low Risk
674,Germany,Female,41,6,86175.0384603014,2,0,0,147724.55411674173,0,0,0.01,1.0,Low Risk
461,France,Female,31,1,167268.3828876193,4,0,0,5358.93564695449,0,0,0.01,1.0,Low Risk
679,Germany,Male,58,9,222296.7278462863,2,0,1,86259.34792682886,1,2,0.65,65.0,Medium Risk
657,France,Male,59,3,175351.06746377694,3,1,1,195789.52056879792,0,0,0.05,5.0,Low Risk
487,Germany,Female,30,1,167852.24615714734,2,1,0,60127.896591069635,0,0,0.01,1.0,Low Risk
621,France,Male,46,6,189352.7029906323,3,1,0,176907.59398042117,0,1,0.02,2.0,Low Risk
749,France,Male,82,2,125053.00264446584,2,1,0,117382.13382554943,1,8,0.99,99.0,High Risk
773,France,Male,63,8,55073.16762360687,2,1,0,59315.892402510784,0,1,0.01,1.0,Low Risk
312,Spain,Male,51,10,203880.5125297759,3,0,0,167199.05706709347,0,1,0.02,2.0,Low Risk
483,Spain,Female,80,5,162120.49920717784,3,1,1,198132.43505465597,0,0,0.02,2.0,Low Risk
410,Germany,Female,21,0,78455.22013549447,2,1,0,148403.74495556744,0,0,0.04,4.0,Low Risk
807,Germany,Male,45,9,68967.54195685401,3,0,0,12268.171412764625,1,4,0.98,98.0,High Risk
589,France,Female,18,7,124982.23245442256,1,0,0,10491.59615069246,0,0,0.0,0.0,Low Risk
594,France,Male,53,6,51826.41332197157,4,1,0,98316.19232293862,1,6,0.96,96.0,High Risk
750,Spain,Male,30,0,219559.7080397343,2,1,1,1223.324636240379,1,6,0.87,87.0,High Risk
514,Spain,Female,22,2,197143.31769929992,1,1,1,135192.92846053434,0,0,0.01,1.0,Low Risk
326,Spain,Male,31,2,77078.74132778919,1,1,0,3270.301757052613,1,3,0.86,86.0,High Risk
530,Germany,Female,49,2,12350.88690113012,1,1,0,194613.2815559259,0,2,0.4,40.0,Low Risk
620,Spain,Female,67,6,12967.022383793465,3,0,0,176127.69013306175,1,3,0.89,89.0,High Risk
532,Germany,Female,44,5,74279.93951372236,4,1,0,163077.51844484315,0,1,0.02,2.0,Low Risk
736,Spain,Female,52,10,36876.8560744436,2,0,0,162484.30846529326,0,1,0.01,1.0,Low Risk
832,Spain,Female,20,1,218333.06198089215,4,0,0,166876.673720434,0,0,0.03,3.0,Low Risk
702,France,Female,21,4,105195.7035190779,2,1,0,86856.8536481989,0,3,0.72,72.0,Medium Risk
352,Germany,Female,24,5,87006.623263374,4,0,1,158373.4132121968,0,1,0.02,2.0,Low Risk
612,Spain,Female,20,1,54474.77379938534,4,1,1,73436.39102859532,0,1,0.0,0.0,Low Risk
580,France,Female,76,0,210300.2554732288,1,1,0,169678.78882086277,1,9,0.99,99.0,High Risk
330,Germany,Male,91,3,198116.7501357778,3,0,1,123597.06249661898,0,1,0.09,9.0,Low Risk
636,Germany,Female,18,3,96081.63239825326,2,0,0,71675.42154582732,0,0,0.01,1.0,Low Risk
482,Spain,Male,45,3,42339.4625852273,2,0,0,149097.17841754932,0,1,0.01,1.0,Low Risk
322,Germany,Female,76,0,237997.06181525052,2,1,0,48572.42870134141,0,1,0.01,1.0,Low Risk
843,France,Male,70,2,78964.99962024228,1,0,0,192933.14111567964,0,0,0.02,2.0,Low Risk
745,France,Female,27,6,192772.93047092692,1,0,0,132952.38379938976,0,0,0.0,0.0,Low Risk
373,Germany,Female,88,3,115762.39240805357,1,0,0,80246.40364901269,0,0,0.04,4.0,Low Risk
309,France,Female,20,1,195411.49125109613,1,0,0,110150.12952595208,0,1,0.01,1.0,Low Risk
783,Germany,Male,24,7,120402.311527553,1,0,0,147516.25444673077,0,0,0.01,1.0,Low Risk
755,France,Male,26,10,231389.95096208315,4,0,0,159466.45647130805,0,1,0.01,1.0,Low Risk
459,Germany,Female,86,0,200105.8435105593,2,0,0,194991.98988549144,0,2,0.14,14.0,Low Risk
313,Germany,Male,30,8,65072.2594307715,4,0,1,41799.398454214555,0,1,0.0,0.0,Low Risk
477,Germany,Female,57,4,107594.44380128144,1,1,0,100892.69103437138,1,3,0.97,97.0,High Risk
711,France,Male,79,1,25147.45159855941,3,1,1,18300.6260503204,0,0,0.0,0.0,Low Risk
352,Germany,Male,79,3,225867.82829243023,1,0,0,16464.002208671405,0,0,0.0,0.0,Low Risk
707,Germany,Male,27,2,17324.080489455275,1,1,0,20875.48195742228,0,0,0.0,0.0,Low Risk
321,Spain,Female,28,6,4560.402061332847,1,1,0,51908.15538270989,0,0,0.0,0.0,Low Risk
329,Spain,Male,79,5,124108.2663033656,2,1,0,139269.9495325205,1,7,0.98,98.0,High Risk
559,Germany,Male,73,10,150782.27662323526,2,0,0,172228.31711525886,0,0,0.02,2.0,Low Risk
504,Spain,Female,66,10,55803.598076731854,3,1,1,87204.7636494943,1,4,1.0,100.0,High Risk
358,Germany,Female,33,8,142637.27118660623,2,1,1,111045.09548035752,0,0,0.02,2.0,Low Risk
770,Spain,Male,90,3,223890.47027768588,1,0,0,41281.33665777913,1,5,0.99,99.0,High Risk
765,France,Male,91,2,156528.78722390786,3,0,1,158218.33099685554,0,0,0.0,0.0,Low Risk
311,France,Female,26,6,113935.2090638265,3,1,0,177671.93907730354,0,2,0.04,4.0,Low Risk
589,Germany,Female,50,5,36107.246097795694,3,1,1,97124.50762317429,0,0,0.01,1.0,Low Risk
653,Germany,Female,52,4,42235.432330571806,1,1,0,32183.246067357857,1,3,0.98,98.0,High Risk
374,France,Female,56,9,121088.6754021549,2,0,1,1030.2798306073844,0,0,0.0,0.0,Low Risk
740,France,Female,42,6,115780.3396490665,4,0,1,107286.86709113202,0,0,0.0,0.0,Low Risk
540,Spain,Male,73,4,130597.1664303692,2,1,1,99532.19027924786,0,0,0.0,0.0,Low Risk
453,Germany,Female,65,8,126972.60700651605,4,1,1,185162.47051535107,1,6,1.0,100.0,High Risk
395,France,Female,27,3,85319.72400786514,1,0,0,7306.495465722736,0,1,0.0,0.0,Low Risk
593,France,Male,58,0,173965.9075135519,2,0,0,29798.815935910283,0,2,0.25,25.0,Low Risk
508,Germany,Female,76,9,53052.77922969739,1,0,0,39545.340476018544,0,0,0.01,1.0,Low Risk
642,Spain,Female,45,4,213082.2088486979,1,1,0,109429.45427775478,0,0,0.0,0.0,Low Risk
387,Spain,Female,58,0,48599.02902277591,3,1,0,56954.39669902156,0,1,0.0,0.0,Low Risk
689,Spain,Male,83,0,103971.849893553,2,0,1,41143.74707711343,0,0,0.01,1.0,Low Risk
624,Spain,Female,68,0,52685.861423033246,3,0,0,102887.94895992908,1,4,0.89,89.0,High Risk
456,France,Female,79,0,154613.2012545467,2,1,0,8140.232484976764,1,7,0.99,99.0,High Risk
436,Germany,Female,47,7,119409.43514320912,1,1,1,195048.7240594434,0,0,0.04,4.0,Low Risk
727,Germany,Female,57,1,93578.49619378196,3,1,0,172205.11320091883,0,1,0.01,1.0,Low Risk
751,France,Male,57,8,118783.37064869593,1,1,0,54399.54676129579,0,1,0.01,1.0,Low Risk
440,France,Male,86,6,105310.11346099385,4,1,0,67240.67428943698,1,5,0.99,99.0,High Risk
382,France,Female,79,10,213791.38077356195,1,1,1,49187.17687276674,0,0,0.0,0.0,Low Risk
476,Germany,Female,32,2,31066.624715821,4,0,0,185680.52702792193,0,0,0.01,1.0,Low Risk
497,Germany,Female,20,8,198295.35532227904,4,0,1,130642.90242932836,0,0,0.0,0.0,Low Risk
720,Germany,Female,41,3,163832.3959727391,3,0,1,104240.54987646206,0,1,0.01,1.0,Low Risk
700,Spain,Female,58,6,87080.09433608224,3,1,1,101724.83671230463,0,0,0.0,0.0,Low Risk
770,France,Female,80,2,229775.5152888607,2,1,1,33192.46787974653,0,0,0.03,3.0,Low Risk
517,France,Female,65,4,44236.40516139832,2,0,0,192529.6699125848,0,0,0.0,0.0,Low Risk
474,France,Male,78,3,77572.07193913129,3,1,0,182920.3416793965,0,1,0.0,0.0,Low Risk
322,Germany,Female,65,5,93710.26663461216,2,0,0,190484.6864043865,0,0,0.02,2.0,Low Risk
534,France,Male,64,8,161949.07027268212,1,0,0,58193.53211311984,1,7,0.99,99.0,High Risk
312,France,Male,73,4,236602.83625551336,1,0,1,95334.93899797104,0,1,0.01,1.0,Low Risk
400,Spain,Female,25,0,148361.9656819877,1,0,0,103790.04413300476,0,0,0.0,0.0,Low Risk
835,Germany,Male,35,4,214076.52140669271,1,0,0,97940.03865694453,0,1,0.04,4.0,Low Risk
822,France,Male,40,4,226243.32243158325,1,1,1,3847.70701101728,0,0,0.01,1.0,Low Risk
751,Germany,Male,86,8,116615.92815921528,4,0,1,166631.52792677813,0,0,0.0,0.0,Low Risk
730,Germany,Female,82,7,118108.53169348525,1,1,0,149311.63671603994,1,4,0.99,99.0,High Risk
832,Germany,Male,63,4,62499.436819109855,2,1,0,94964.8929127844,1,4,0.99,99.0,High Risk
592,Spain,Male,83,4,150396.6285878416,3,0,1,53487.71251755503,1,5,0.98,98.0,High Risk
400,Germany,Female,86,1,30006.955666078084,3,1,1,126999.03286142608,0,0,0.01,1.0,Low Risk
801,Germany,Female,39,8,158582.18286692066,2,0,1,27667.036518212164,0,0,0.0,0.0,Low Risk
603,Germany,Male,82,10,223224.2774078834,2,1,1,199455.5696224099,1,8,0.98,98.0,High Risk
839,France,Female,29,3,190196.42205274527,2,1,1,25076.75364076481,0,0,0.0,0.0,Low Risk
654,Spain,Female,36,6,162297.09433461385,3,1,0,11700.297654706012,0,1,0.01,1.0,Low Risk
602,France,Male,39,9,209600.99837427647,2,0,1,122485.62283606525,0,0,0.0,0.0,Low Risk
795,Spain,Male,72,5,182453.79127638196,2,1,0,92687.68035894573,0,2,0.17,17.0,Low Risk
526,Spain,Male,79,4,132415.5022619666,4,0,0,143802.9091005427,0,0,0.0,0.0,Low Risk
535,Germany,Female,68,10,130266.0924540596,4,1,0,25602.16994040048,1,4,0.98,98.0,High Risk
754,Germany,Male,65,10,26750.784716146227,4,1,1,72755.50579937625,0,0,0.02,2.0,Low Risk
312,France,Male,34,4,108603.68674149911,3,1,0,100211.66209279592,0,0,0.0,0.0,Low Risk
509,Spain,Female,30,6,130612.36492502732,2,0,0,89403.7875098123,0,0,0.0,0.0,Low Risk
696,Germany,Female,45,1,117479.25597388024,1,1,1,116610.88261415838,0,0,0.0,0.0,Low Risk
399,Germany,Female,84,8,194003.46954492436,3,1,0,20359.01581031335,0,0,0.0,0.0,Low Risk
330,Germany,Female,22,1,40240.508050848584,4,0,0,100749.88794456005,0,0,0.01,1.0,Low Risk
827,Germany,Male,77,8,198724.7276536197,4,1,0,110957.82362087377,0,0,0.01,1.0,Low Risk
628,France,Male,32,10,185415.69170570764,3,0,0,176205.61917396155,0,0,0.0,0.0,Low Risk
465,France,Male,61,3,225205.5817959921,3,1,1,114219.52630517476,1,6,0.99,99.0,High Risk
758,Germany,Female,63,9,93363.7481685707,2,1,1,109463.63005099272,0,1,0.01,1.0,Low Risk
399,Germany,Male,46,10,44135.84725790376,3,0,0,162417.44285498507,0,0,0.0,0.0,Low Risk
472,Germany,Female,85,9,189657.1467418174,1,1,1,13008.8508603819,1,8,0.99,99.0,High Risk
461,Germany,Female,66,5,147107.7129452621,1,0,0,129595.95222875357,0,0,0.0,0.0,Low Risk
562,Germany,Female,60,0,178123.08706473844,3,1,0,162362.77006972625,0,1,0.0,0.0,Low Risk
573,Spain,Male,85,4,249185.1177172913,1,0,1,18928.196222314415,0,1,0.02,2.0,Low Risk
302,Spain,Female,37,5,48634.9374054261,2,0,1,162316.37722424752,0,0,0.0,0.0,Low Risk
327,Spain,Male,35,8,102762.9013685344,3,0,0,157433.31385314855,0,1,0.0,0.0,Low Risk
625,Spain,Male,81,8,48174.19818104224,1,1,0,198.61638178160928,1,6,0.95,95.0,High Risk
448,Germany,Male,66,8,215155.7968110175,4,1,0,49238.962408862615,0,0,0.0,0.0,Low Risk
839,Spain,Female,59,2,4245.256347549353,2,0,0,30260.130957133348,0,1,0.01,1.0,Low Risk
787,Spain,Male,29,3,33805.77953347791,3,0,0,102272.45436042616,0,0,0.01,1.0,Low Risk
737,France,Male,53,7,61967.56774269391,3,1,1,182802.1814892947,0,1,0.0,0.0,Low Risk
364,Spain,Female,25,7,192830.8009830975,3,1,0,120545.2607103009,0,0,0.0,0.0,Low Risk
655,Spain,Male,45,1,157113.55071701214,4,1,1,120364.58139083872,0,0,0.0,0.0,Low Risk
832,Germany,Female,77,7,97153.08298591276,1,1,1,24578.498729912648,0,1,0.05,5.0,Low Risk
551,Spain,Male,66,6,39675.075796122925,3,0,0,133279.19827411484,0,1,0.03,3.0,Low Risk
534,Spain,Female,55,8,80402.17400655955,1,0,1,177665.23262341402,0,0,0.0,0.0,Low Risk
526,Germany,Female,75,4,185855.06472021656,2,1,1,85875.2322147111,0,1,0.01,1.0,Low Risk
824,Spain,Female,22,1,95487.92479587084,4,0,0,136356.76499107474,0,0,0.0,0.0,Low Risk
612,Germany,Female,63,4,115648.83307121864,4,0,1,58993.27342030943,0,1,0.0,0.0,Low Risk
348,Spain,Female,19,1,152156.50379209893,2,0,1,53787.153570812356,0,0,0.0,0.0,Low Risk
417,France,Male,42,4,228221.8857925627,2,1,0,37026.7576021733,0,0,0.0,0.0,Low Risk
353,France,Male,18,8,62526.31683599247,3,1,0,48308.131843363706,0,0,0.01,1.0,Low Risk
343,Spain,Male,86,6,111999.14177740022,2,1,1,68558.26384240418,0,0,0.0,0.0,Low Risk
352,France,Male,57,6,77580.33623017608,4,0,0,113349.95066552672,0,0,0.0,0.0,Low Risk
824,Germany,Female,85,0,116546.7312102314,1,1,1,156133.12266772735,1,4,1.0,100.0,High Risk
401,Spain,Female,86,8,174115.38941822457,1,1,1,57919.73314209497,0,0,0.0,0.0,Low Risk
697,Germany,Male,86,5,120516.0238594283,1,0,1,33630.642229026,0,0,0.01,1.0,Low Risk
437,France,Female,33,6,208634.086329104,1,1,0,89958.05175002401,0,0,0.0,0.0,Low Risk
686,Germany,Male,71,1,138314.52483512604,1,0,0,157905.04328176184,0,1,0.02,2.0,Low Risk
410,France,Female,80,0,96441.29297654236,1,0,0,77872.58086129937,0,2,0.06,6.0,Low Risk
316,France,Female,35,10,195580.2665195355,4,1,0,182655.7637273857,0,2,0.08,8.0,Low Risk
481,France,Male,34,3,107830.97575584437,2,1,1,49590.45756270079,0,0,0.0,0.0,Low Risk
835,Germany,Male,21,8,128888.15903470246,4,1,0,151665.19292422835,0,1,0.03,3.0,Low Risk
840,France,Female,26,8,248667.59036104503,3,0,0,93557.01107338196,0,1,0.03,3.0,Low Risk
470,Spain,Male,48,10,196607.9322749977,1,0,0,21434.11064978221,1,5,1.0,100.0,High Risk
708,France,Male,22,2,213785.54643526857,2,1,1,56221.65289182769,0,1,0.0,0.0,Low Risk
677,Spain,Male,33,0,148212.75701467838,2,1,1,171646.0835251692,0,0,0.0,0.0,Low Risk
487,Spain,Male,59,1,87054.11663947624,1,1,1,1187.5874758866769,0,0,0.0,0.0,Low Risk
529,Spain,Female,58,8,247817.40328556515,2,0,0,151270.77400596812,0,1,0.02,2.0,Low Risk
418,Spain,Female,47,8,61005.02400987762,1,0,1,162283.19113167565,0,0,0.03,3.0,Low Risk
455,Germany,Female,43,0,218204.23650271157,3,0,1,23976.301387965523,0,0,0.01,1.0,Low Risk
764,Spain,Female,66,8,227825.33366815353,1,0,0,192438.2717232018,1,6,0.97,97.0,High Risk
403,France,Male,48,0,204388.6952867548,3,0,1,174459.42542308982,0,0,0.01,1.0,Low Risk
801,Spain,Male,67,9,28521.00413828215,2,0,1,35714.4746608809,0,0,0.0,0.0,Low Risk
474,France,Male,32,3,213528.25175533292,4,1,1,48298.987826300334,0,0,0.0,0.0,Low Risk
720,Germany,Female,69,4,165944.48490270204,2,1,1,163693.39780506655,0,0,0.01,1.0,Low Risk
433,Spain,Female,55,7,170205.9936913576,4,1,0,109279.18066766456,0,0,0.0,0.0,Low Risk
690,France,Female,55,4,196632.89426765204,1,0,0,184514.3710327052,0,1,0.01,1.0,Low Risk
800,Germany,Female,77,4,122634.33429060294,2,0,1,195828.4130646468,1,6,0.97,97.0,High Risk
332,Germany,Male,37,3,66789.30014378567,2,1,0,68694.79384470065,0,2,0.08,8.0,Low Risk
354,France,Male,61,8,143733.04434136322,3,0,1,19403.43504021495,1,3,0.94,94.0,High Risk
818,Spain,Male,80,7,27168.86373552188,1,0,0,140705.942253529,0,0,0.03,3.0,Low Risk
311,Germany,Female,67,8,168701.27631524112,4,0,1,184624.90945929775,0,0,0.05,5.0,Low Risk
827,France,Female,39,6,120735.23368265244,1,1,1,32983.93698504549,0,0,0.0,0.0,Low Risk
672,Spain,Female,89,6,125582.73773238256,3,1,0,197077.24128652125,0,1,0.05,5.0,Low Risk
783,Germany,Female,71,4,46455.52350488088,3,1,1,39182.00632235356,0,0,0.0,0.0,Low Risk
527,France,Female,26,9,10320.707001375218,3,0,0,17264.256705768767,1,3,0.82,82.0,High Risk
606,Germany,Female,32,0,152817.44614633388,1,1,0,99144.63883358357,0,0,0.01,1.0,Low Risk
756,Germany,Male,65,5,164707.73562100503,3,0,1,161116.46643238267,0,1,0.01,1.0,Low Risk
459,France,Female,37,9,124572.98810234548,1,1,0,70881.49093937832,0,0,0.0,0.0,Low Risk
630,Germany,Female,52,5,191432.8214865963,3,1,0,66374.89935319827,1,5,1.0,100.0,High Risk
524,France,Female,84,9,140929.05606443025,2,1,1,39430.29218435709,0,0,0.01,1.0,Low Risk
803,Spain,Male,77,3,212049.00420930353,4,0,1,197215.97946000373,1,4,0.96,96.0,High Risk
755,France,Male,51,1,72029.64872833803,1,0,0,68379.65344037079,1,3,0.89,89.0,High Risk
344,Spain,Female,90,0,60777.08272577886,4,0,1,133297.46234141677,0,0,0.01,1.0,Low Risk
513,Germany,Male,71,2,65286.33334920939,1,0,0,26484.882987548503,0,0,0.04,4.0,Low Risk
358,France,Male,29,10,7629.618815833017,1,0,1,89956.85036995003,0,0,0.01,1.0,Low Risk
494,France,Male,36,8,225156.0181262117,2,0,1,159167.02738077805,0,0,0.0,0.0,Low Risk
788,France,Female,43,0,249796.6413117508,2,1,1,194068.6414845464,0,0,0.01,1.0,Low Risk
456,France,Male,40,4,204130.6373509129,1,0,1,35475.34686210445,0,1,0.01,1.0,Low Risk
525,Spain,Male,50,9,103149.023372476,3,1,0,18939.09316621636,0,0,0.0,0.0,Low Risk
711,Spain,Male,74,5,88483.38902779101,1,1,1,197500.81091032852,0,1,0.01,1.0,Low Risk
504,Germany,Female,47,8,193670.64196696697,1,1,1,110841.0189738452,0,0,0.02,2.0,Low Risk
378,Germany,Male,40,0,127486.2772380553,2,1,1,69090.72389207433,0,0,0.0,0.0,Low Risk
423,Germany,Female,91,4,234864.4624470101,2,1,0,192056.07897794948,1,2,0.5,50.0,Low Risk
770,Germany,Male,53,0,69894.91135800943,4,0,1,78043.91796778869,1,4,0.96,96.0,High Risk
517,France,Female,60,1,80954.49660764795,4,0,0,46408.4470279738,0,1,0.01,1.0,Low Risk
815,Spain,Female,83,1,249706.22767881717,3,1,1,160702.6861021692,1,7,0.99,99.0,High Risk
403,Spain,Female,70,10,244543.69098391183,4,0,0,62799.757935513706,0,0,0.0,0.0,Low Risk
692,Spain,Female,77,4,221297.93878933752,4,0,0,64402.34208560186,0,0,0.02,2.0,Low Risk
733,Spain,Female,54,9,101157.17190502892,4,0,0,89003.4950575468,0,1,0.07,7.0,Low Risk
630,Germany,Male,78,3,209403.1837566856,3,1,0,138594.8701742482,1,2,0.44,44.0,Low Risk
442,France,Male,70,5,70848.30080605758,1,0,0,168354.30001588544,0,1,0.01,1.0,Low Risk
839,Spain,Male,29,4,63688.66768841144,1,1,0,45242.14804515193,0,0,0.02,2.0,Low Risk
577,France,Female,52,1,136609.41454123627,3,1,1,72503.89366785233,0,0,0.01,1.0,Low Risk
532,France,Female,84,8,215065.72329438935,1,1,1,99238.76755288018,0,1,0.01,1.0,Low Risk
828,France,Female,55,9,24368.302260037777,4,0,0,5131.894003373587,0,0,0.08,8.0,Low Risk
389,France,Male,41,7,141326.47189593312,4,1,1,139424.14138656948,0,0,0.01,1.0,Low Risk
791,Spain,Female,57,8,152434.58921826936,4,0,0,113197.87429803277,0,0,0.0,0.0,Low Risk
498,Spain,Female,82,10,144949.44018122848,4,0,0,26720.7474187668,0,0,0.0,0.0,Low Risk
661,Spain,Female,74,5,54624.318514407605,1,1,1,26074.283777691817,0,1,0.01,1.0,Low Risk
740,Germany,Female,89,4,16032.286188284312,3,1,0,179037.48341195125,0,1,0.03,3.0,Low Risk
325,Spain,Male,62,4,223747.96933049613,3,1,1,136665.45962405557,0,1,0.03,3.0,Low Risk
324,Germany,Female,89,1,143628.10129658572,3,1,1,77618.24187763261,1,8,0.98,98.0,High Risk
693,Germany,Female,30,10,191976.10830138103,2,0,1,67622.88354188635,0,0,0.01,1.0,Low Risk
806,Germany,Female,23,3,91109.25032454492,3,1,0,63377.47992044384,1,4,0.9,90.0,High Risk
600,Spain,Female,88,1,10625.567503375203,2,0,0,130935.38245213855,1,5,0.98,98.0,High Risk
638,Spain,Male,64,1,64891.32729626837,3,1,1,35757.89755366588,0,0,0.01,1.0,Low Risk
566,Spain,Female,61,7,18341.414845135045,4,1,0,197487.11219300303,0,0,0.02,2.0,Low Risk
760,Germany,Male,49,3,19560.312620317127,3,0,1,137414.20359406617,0,2,0.18,18.0,Low Risk
755,Germany,Male,20,3,53614.836207029446,2,0,1,25432.744685418416,0,2,0.05,5.0,Low Risk
659,France,Female,71,6,158394.53356874335,4,0,0,27614.649974853124,0,0,0.02,2.0,Low Risk
367,Germany,Female,55,3,204442.7297424976,2,0,0,129662.17421326804,0,1,0.0,0.0,Low Risk
711,Germany,Male,21,8,205339.25773182567,1,1,1,76641.02413201531,1,8,0.93,93.0,High Risk
790,Spain,Female,34,8,234439.1322336632,1,1,1,131994.94759707118,0,1,0.03,3.0,Low Risk
348,France,Female,54,2,164095.39925357263,1,1,0,144506.15103169152,0,0,0.0,0.0,Low Risk
401,France,Male,53,5,4965.235396397261,4,0,1,107588.63222272704,0,1,0.01,1.0,Low Risk
515,France,Male,75,6,94350.6087785781,4,1,0,51318.17981768551,0,1,0.02,2.0,Low Risk
737,Spain,Male,58,2,27865.111718572643,2,0,1,110236.71232606808,0,0,0.0,0.0,Low Risk
458,France,Male,25,3,194366.18680495393,4,0,1,84378.85831730948,0,1,0.0,0.0,Low Risk
788,France,Male,84,0,29922.276085748155,3,1,1,178068.50866191837,0,1,0.01,1.0,Low Risk
541,Spain,Male,47,10,26480.613643860142,2,0,1,148044.862768113,0,0,0.0,0.0,Low Risk
304,France,Female,69,8,7052.157908490203,3,0,1,123800.63726385964,1,3,0.91,91.0,High Risk
660,Germany,Female,42,6,238875.6954977987,4,0,1,7954.187726369004,0,0,0.01,1.0,Low Risk
758,Germany,Female,69,9,196427.51432577157,3,0,1,198034.0209640697,1,5,1.0,100.0,High Risk
547,Germany,Female,76,6,83327.70442176073,4,0,0,113258.6174072635,1,6,0.99,99.0,High Risk
721,Germany,Female,47,8,94109.83419942562,4,0,1,51802.93422017901,1,2,0.68,68.0,Medium Risk
314,Germany,Female,84,5,14857.107178055772,3,1,0,118309.21654453108,0,1,0.03,3.0,Low Risk
421,Germany,Female,21,7,39479.23150669194,1,0,1,163581.01145354303,0,1,0.0,0.0,Low Risk
576,Germany,Female,74,4,77862.8434550675,4,1,1,107716.0177535023,0,2,0.12,12.0,Low Risk
752,Germany,Female,80,7,96966.9971831743,2,0,1,155380.0155916395,0,0,0.01,1.0,Low Risk
689,Germany,Male,49,9,154994.10341756255,2,1,1,82613.41716788002,0,1,0.04,4.0,Low Risk
593,Spain,Male,68,0,87583.08759699248,1,1,0,117996.65764963656,1,5,0.99,99.0,High Risk
745,Spain,Female,80,2,238650.1284585536,3,1,0,84455.82691963897,0,1,0.03,3.0,Low Risk
509,Germany,Female,18,3,85698.55249609357,1,0,1,105564.00238724989,0,0,0.0,0.0,Low Risk
601,Spain,Male,36,10,235398.8399919733,3,1,0,33510.29803867441,0,0,0.01,1.0,Low Risk
522,Spain,Male,52,8,182464.92297306424,1,1,0,119732.42680077236,0,1,0.01,1.0,Low Risk
302,Germany,Male,80,7,224974.3852055854,4,1,0,195790.4439271218,1,4,0.95,95.0,High Risk
817,Germany,Female,43,7,175789.2962317499,2,1,1,152965.6576708776,0,0,0.0,0.0,Low Risk
392,Spain,Male,30,1,142146.00925535374,1,1,1,64016.49443862604,0,1,0.0,0.0,Low Risk
819,Germany,Male,40,6,127270.69597706296,2,0,0,172773.42493365114,0,0,0.0,0.0,Low Risk
727,Germany,Male,52,2,72834.54292834323,3,0,1,179146.0474846809,0,0,0.01,1.0,Low Risk
792,Germany,Female,29,5,74543.49660859774,1,0,1,35369.4878275373,0,1,0.01,1.0,Low Risk
534,Germany,Male,26,3,55801.46100085695,1,1,1,10636.240819687946,0,1,0.0,0.0,Low Risk
460,Spain,Female,84,5,96385.20723036806,1,1,0,114499.46353056254,1,4,0.97,97.0,High Risk
630,France,Male,61,3,31743.252021092627,1,0,0,95181.81842259689,0,0,0.01,1.0,Low Risk
632,Spain,Male,78,2,96901.2663673997,2,1,0,142940.09452449027,0,1,0.02,2.0,Low Risk
349,France,Female,38,1,208435.93673811603,4,1,1,58618.80710169769,0,1,0.01,1.0,Low Risk
822,France,Male,24,3,217573.07155696728,2,1,1,76048.58473249838,0,2,0.04,4.0,Low Risk
791,France,Male,28,9,160707.5932309008,4,1,1,52777.814885020234,1,5,0.95,95.0,High Risk
571,Spain,Male,62,1,64202.450138274995,1,1,1,58434.57521654131,0,0,0.0,0.0,Low Risk
551,Spain,Female,49,6,60087.36963089425,4,1,1,1867.3779757852585,0,2,0.21,21.0,Low Risk
389,Spain,Female,53,0,69482.22608232532,2,0,1,102155.99573544312,0,0,0.01,1.0,Low Risk
745,Spain,Female,54,10,125009.80650515358,1,1,1,94636.18613555038,0,0,0.0,0.0,Low Risk
631,Spain,Male,58,0,244111.1197478579,2,1,1,71181.38971148567,1,6,0.98,98.0,High Risk
438,France,Female,66,4,27296.1217420844,2,0,0,108042.6648806894,0,0,0.01,1.0,Low Risk
656,Spain,Male,32,6,125128.02360794904,2,0,0,78358.14453171668,0,0,0.01,1.0,Low Risk
573,France,Male,30,0,170561.09035811227,4,0,1,86517.91150359472,0,0,0.0,0.0,Low Risk
318,Spain,Male,70,3,61415.22506393024,1,0,1,406.8698472296227,0,1,0.03,3.0,Low Risk
610,Spain,Male,50,4,242278.06906741016,1,0,1,13270.74652189934,0,0,0.01,1.0,Low Risk
453,Germany,Male,89,1,87255.43220697371,2,0,1,30148.99820190651,0,2,0.15,15.0,Low Risk
689,France,Male,49,6,233088.90288725085,3,0,1,36812.25642413082,0,1,0.08,8.0,Low Risk
559,Spain,Male,65,3,149338.85758269383,2,1,0,90443.99406326003,0,1,0.0,0.0,Low Risk
424,Spain,Male,85,7,1019.8581684562058,4,0,0,174983.4197298337,0,0,0.03,3.0,Low Risk
653,Spain,Female,74,0,77778.03452490692,4,0,0,81212.70881613018,1,5,0.98,98.0,High Risk
572,Germany,Female,79,9,5387.161180489958,1,0,1,125442.21768850189,0,0,0.01,1.0,Low Risk
544,France,Male,19,0,95368.93251156184,3,0,1,5170.322450256177,0,0,0.0,0.0,Low Risk
749,Spain,Female,33,0,233133.50786501676,4,1,1,170970.54550757754,0,0,0.0,0.0,Low Risk
546,Spain,Female,25,3,194754.2550906135,1,1,1,22635.76752166638,0,0,0.0,0.0,Low Risk
819,Spain,Female,36,0,155033.03270016686,3,1,1,56864.94048243667,0,1,0.0,0.0,Low Risk
440,Germany,Male,49,4,134638.01098259643,3,1,0,163348.9967558224,0,1,0.01,1.0,Low Risk
661,Spain,Female,84,5,93145.48079717736,1,0,1,52982.85620611361,1,6,1.0,100.0,High Risk
307,France,Male,49,6,52884.92578268283,4,1,0,51607.37671146642,0,1,0.05,5.0,Low Risk
777,France,Female,42,7,15631.22945338713,2,0,1,120601.18663189272,0,0,0.0,0.0,Low Risk
651,France,Female,70,7,47536.66668122319,4,1,0,180649.98451623405,0,0,0.03,3.0,Low Risk
794,France,Female,42,1,87880.02068268614,4,1,0,42737.72326785385,0,1,0.01,1.0,Low Risk
726,Spain,Male,50,3,129997.77915739184,4,0,1,124167.45138544482,0,0,0.02,2.0,Low Risk
338,Germany,Male,48,6,51100.97391696422,1,0,0,120041.61786218573,1,3,0.9,90.0,High Risk
486,Germany,Male,53,8,243582.14764210192,1,1,1,131907.99503765744,1,9,0.98,98.0,High Risk
392,Germany,Male,66,8,19212.536676572632,2,1,0,189354.35645292728,1,7,1.0,100.0,High Risk
385,Spain,Male,61,10,23697.95090126517,4,1,0,33184.70342087695,0,0,0.03,3.0,Low Risk
343,Germany,Male,65,2,170650.59048008115,4,1,1,130874.92165140357,0,2,0.15,15.0,Low Risk
436,France,Male,47,6,188765.39457430856,2,1,0,36484.18861051851,1,4,1.0,100.0,High Risk
720,Spain,Male,30,3,243112.86726560956,3,0,0,62867.09813462789,0,0,0.01,1.0,Low Risk
373,Germany,Male,60,8,132611.0553684596,3,1,0,77998.40709392876,1,4,0.98,98.0,High Risk
847,France,Female,33,6,41483.482065570424,2,1,0,167079.8191736554,0,1,0.04,4.0,Low Risk
811,France,Female,43,5,234482.23869279792,4,1,1,10751.46889053938,0,1,0.01,1.0,Low Risk
455,Spain,Male,64,8,245058.59835219543,1,0,1,146733.15511633968,0,1,0.01,1.0,Low Risk
554,Spain,Female,54,6,230878.4769202087,4,1,0,182519.28079707417,0,0,0.0,0.0,Low Risk
470,Germany,Female,20,10,217914.044626197,2,0,1,15857.575544373842,0,1,0.02,2.0,Low Risk
469,Germany,Male,43,7,19393.526146063683,2,0,1,158148.09593345475,0,1,0.01,1.0,Low Risk
621,Germany,Male,32,10,213718.2789436941,2,0,1,21537.37330639173,0,2,0.03,3.0,Low Risk
755,Spain,Female,83,4,238306.7247516721,1,1,1,192571.10110276932,1,5,0.99,99.0,High Risk
454,Germany,Male,45,3,138078.6194607259,4,0,1,163074.7889325234,0,0,0.0,0.0,Low Risk
648,Germany,Female,55,0,193146.9534911662,1,1,0,138999.9181936936,0,0,0.01,1.0,Low Risk
750,France,Male,61,7,165223.91016036077,3,1,1,110016.39347108376,0,0,0.0,0.0,Low Risk
472,France,Female,70,5,72014.53078716877,4,1,0,184164.28947137957,0,1,0.01,1.0,Low Risk
309,France,Male,21,3,146879.952341388,2,1,0,23823.06926957834,0,0,0.01,1.0,Low Risk
564,Germany,Female,89,2,222343.3629419267,4,0,0,24365.62486121789,0,0,0.0,0.0,Low Risk
737,Spain,Female,61,4,124096.32013977284,2,0,1,164499.67771061073,0,1,0.01,1.0,Low Risk
546,France,Female,63,3,147536.33570913863,1,1,1,96469.15245039485,0,0,0.0,0.0,Low Risk
845,Spain,Female,43,10,132865.931243443,4,1,0,169012.8271043897,0,0,0.01,1.0,Low Risk
798,Germany,Male,30,10,70601.21932605695,2,0,0,78138.43788998487,0,0,0.04,4.0,Low Risk
428,Germany,Female,86,6,160915.77711467,1,0,0,90377.52522554676,1,2,0.7,70.0,Medium Risk
626,France,Male,61,5,127367.50911340084,4,1,0,66422.41314273818,0,2,0.07,7.0,Low Risk
703,Spain,Female,70,2,58136.498694187605,4,1,0,190148.14499355663,1,2,0.79,79.0,High Risk
658,France,Male,68,9,223844.5380799131,3,0,1,92995.35943716994,0,0,0.02,2.0,Low Risk
316,Germany,Female,30,10,237511.44848398943,4,1,1,151021.86352315746,1,5,0.95,95.0,High Risk
573,Spain,Male,58,0,13843.163820443871,3,0,0,139184.80409107864,0,2,0.25,25.0,Low Risk
415,France,Female,28,6,155587.18920015328,4,1,1,47025.037860980934,0,1,0.0,0.0,Low Risk
390,Germany,Female,54,4,103761.42256129888,3,1,0,182797.33692638777,1,8,1.0,100.0,High Risk
381,France,Male,77,0,131488.57757290604,1,1,0,108940.9712362239,0,0,0.04,4.0,Low Risk
623,Spain,Female,49,0,93457.43144374467,4,1,1,171162.65140871415,0,0,0.04,4.0,Low Risk
413,Spain,Female,62,5,118589.62089698792,1,1,1,166439.2547535876,0,0,0.0,0.0,Low Risk
357,Spain,Female,35,3,80858.48345241306,4,1,1,11743.406277168124,0,0,0.0,0.0,Low Risk
453,Spain,Female,37,7,29400.81947395007,4,1,0,123958.361225876,0,1,0.0,0.0,Low Risk
703,Spain,Male,61,1,75508.15915608672,4,1,1,157799.00359789826,0,1,0.0,0.0,Low Risk
565,France,Female,53,3,167583.0659164484,4,0,1,181300.58951444217,0,0,0.0,0.0,Low Risk
614,France,Male,86,7,12595.38063299598,4,1,0,101264.07367590374,0,0,0.01,1.0,Low Risk
340,France,Male,54,7,95683.09653347736,4,0,1,150145.0216862663,1,3,0.92,92.0,High Risk
404,France,Male,50,4,10574.791757050478,2,0,0,193926.3897228932,0,1,0.04,4.0,Low Risk
492,Germany,Male,36,2,89066.56713478123,4,1,0,165570.20704104536,0,1,0.01,1.0,Low Risk
700,Germany,Female,68,3,21902.92287742929,3,1,0,170886.08901515117,0,0,0.01,1.0,Low Risk
577,France,Female,49,2,84910.02433682479,4,0,1,81462.49116646292,0,1,0.0,0.0,Low Risk
653,Germany,Male,39,10,209521.92366544492,1,1,0,18346.81739704155,0,0,0.04,4.0,Low Risk
555,Germany,Female,18,1,153352.17538375413,3,0,0,193206.0499258588,0,1,0.01,1.0,Low Risk
398,Spain,Female,71,3,170573.606073328,3,0,0,139166.75397815573,0,0,0.01,1.0,Low Risk
581,France,Male,37,8,125950.03193164837,3,0,1,34241.0865645299,0,2,0.0,0.0,Low Risk
702,Germany,Male,75,5,230595.42534664125,2,0,1,194766.70056431365,1,6,0.99,99.0,High Risk
408,Germany,Male,52,3,135289.65955096562,4,0,0,143160.0587142487,1,6,0.97,97.0,High Risk
498,France,Female,87,0,26073.52203343011,1,1,0,18082.761749923535,1,4,0.96,96.0,High Risk
602,Spain,Male,87,6,233275.76515726172,1,0,1,34170.984565926796,0,0,0.03,3.0,Low Risk
626,France,Male,78,1,33265.84198370169,1,0,0,173083.42366363475,0,0,0.0,0.0,Low Risk
453,Spain,Female,80,5,249792.5854532702,2,1,0,190766.9595327882,0,0,0.03,3.0,Low Risk
704,Germany,Female,78,9,108846.0654539512,2,0,1,72971.81393078296,0,2,0.12,12.0,Low Risk
761,Spain,Female,74,0,18371.36677132992,2,1,1,82658.24490990446,0,1,0.01,1.0,Low Risk
431,Spain,Female,20,6,216025.52636428224,4,1,0,79096.95496081014,0,0,0.02,2.0,Low Risk
383,France,Female,62,3,23220.725374120953,2,0,0,167072.88549330525,1,5,0.97,97.0,High Risk
698,Germany,Female,32,10,43608.08025295307,1,1,0,90656.69471382682,0,0,0.0,0.0,Low Risk
408,France,Female,34,2,104336.76300860816,2,0,0,75057.6909685706,0,0,0.0,0.0,Low Risk
520,France,Female,32,9,169046.5677445393,1,1,0,124377.50676088152,0,2,0.15,15.0,Low Risk
667,Germany,Male,22,6,30285.00410347895,3,1,0,98111.68673559482,0,0,0.0,0.0,Low Risk
446,France,Female,63,2,155656.29597755152,1,1,1,106689.35476820936,1,1,0.67,67.0,Medium Risk
411,France,Male,28,7,195096.5955007941,3,0,0,81408.56309807011,0,0,0.0,0.0,Low Risk
793,Spain,Female,81,10,30874.026036621926,4,1,0,92108.23335562284,1,1,0.09,9.0,Low Risk
804,France,Female,31,3,161892.65299794957,2,0,1,7204.706752064521,0,1,0.0,0.0,Low Risk
774,Germany,Male,56,2,239718.9703813242,4,0,1,185157.20646400764,0,2,0.28,28.0,Low Risk
570,France,Female,84,6,241848.7590356343,4,0,0,6124.245995845744,1,2,0.23,23.0,Low Risk
720,Spain,Male,72,6,40415.65094263183,4,1,0,154564.75201836196,1,12,0.96,96.0,High Risk
666,France,Female,59,8,189926.02164060585,3,1,1,59660.76376544132,0,0,0.0,0.0,Low Risk
579,France,Male,22,9,211658.10868696257,2,1,0,22459.73492245622,0,0,0.0,0.0,Low Risk
582,France,Male,69,6,222240.8095147286,4,1,1,121942.74366347906,0,0,0.0,0.0,Low Risk
339,Spain,Female,39,5,80920.3546393995,4,1,0,141393.25714524862,0,0,0.0,0.0,Low Risk
488,Germany,Male,61,2,67529.6123665118,1,1,1,126044.02529643165,0,1,0.04,4.0,Low Risk
463,Germany,Male,76,3,11965.266289589104,1,1,1,115220.98958752726,0,0,0.07,7.0,Low Risk
835,Spain,Female,42,7,99867.94521990164,2,1,1,107241.94704358712,0,1,0.02,2.0,Low Risk
835,Spain,Female,38,5,30989.11222608769,1,1,0,108216.33369899426,0,0,0.01,1.0,Low Risk
303,France,Male,81,8,196564.32879219923,3,1,1,173085.56486911635,0,0,0.02,2.0,Low Risk
589,Germany,Female,85,7,35741.64296714038,3,0,0,18039.82893373072,0,1,0.02,2.0,Low Risk
732,Spain,Male,64,7,204726.33745905705,3,1,0,31482.175886596855,0,1,0.02,2.0,Low Risk
770,Germany,Male,52,10,26903.390368677727,4,1,1,162532.0702515287,0,1,0.03,3.0,Low Risk
480,France,Male,24,9,120153.86981528306,2,0,0,60614.95635041765,0,0,0.0,0.0,Low Risk
547,Spain,Female,73,9,96158.5645057912,3,0,1,154314.31080679866,1,3,0.67,67.0,Medium Risk
578,Germany,Female,69,6,150385.94615439948,3,1,1,70545.66203468404,0,3,0.89,89.0,High Risk
553,Germany,Male,63,9,129692.96416128824,3,0,1,185082.76926723897,0,0,0.02,2.0,Low Risk
480,France,Male,26,10,149656.63153877438,3,1,1,56273.920882957675,0,0,0.0,0.0,Low Risk
808,Spain,Male,75,0,240.92130101599497,3,0,0,85385.00533048082,0,1,0.08,8.0,Low Risk
625,Germany,Female,40,4,31875.904329936948,3,0,0,31776.70727548733,1,7,0.98,98.0,High Risk
656,France,Male,20,6,129280.04618785669,2,1,0,133340.23942686256,0,0,0.04,4.0,Low Risk
690,Germany,Female,78,9,57416.5259216603,3,0,1,80582.19203309985,1,7,1.0,100.0,High Risk
384,France,Male,26,8,19079.2886687447,2,1,0,188241.42431030652,0,1,0.0,0.0,Low Risk
616,Germany,Male,70,3,54425.27117194875,2,1,0,3159.4435564321825,0,0,0.02,2.0,Low Risk
511,Germany,Male,85,7,194964.88954528843,2,0,1,77536.39948756537,0,1,0.04,4.0,Low Risk
814,France,Male,66,0,135423.5232587432,3,1,1,4735.686725643198,1,5,0.99,99.0,High Risk
683,Spain,Female,87,3,47519.22103915221,3,0,1,65815.0149768401,0,0,0.01,1.0,Low Risk
641,France,Female,65,3,3994.593006524771,2,1,0,76055.24558740518,1,7,0.99,99.0,High Risk
337,Spain,Female,24,1,89398.89840991891,2,1,1,51634.69781035195,0,2,0.02,2.0,Low Risk
810,Germany,Female,48,10,89367.3979506045,3,0,0,51113.667544593685,1,6,0.98,98.0,High Risk
719,Germany,Female,73,10,183781.3021609775,1,1,1,52019.30385332819,0,0,0.0,0.0,Low Risk
468,France,Male,78,2,229859.045356532,1,0,1,53258.646231741346,0,2,0.06,6.0,Low Risk
642,France,Female,22,2,93003.51474208367,1,0,0,56464.40992460286,0,1,0.0,0.0,Low Risk
605,Spain,Female,47,8,172033.17024830903,3,1,0,170261.07413042188,1,3,0.92,92.0,High Risk
841,Spain,Female,39,6,158726.38439588927,2,0,0,7820.420144279844,0,1,0.03,3.0,Low Risk
836,Spain,Female,34,1,105520.07110863632,1,1,1,197782.07048243785,0,0,0.01,1.0,Low Risk
411,France,Male,27,8,16472.520122979284,4,1,0,56311.817984104855,0,0,0.01,1.0,Low Risk
710,Germany,Male,88,7,118366.12527609206,4,0,0,5598.9516626842005,0,0,0.01,1.0,Low Risk
505,France,Male,85,5,88534.63890674584,2,0,1,35040.0824395623,0,0,0.0,0.0,Low Risk
484,Germany,Female,59,5,137548.59646267205,4,1,0,188373.8358912505,0,0,0.02,2.0,Low Risk
681,France,Male,44,1,31349.269616857306,3,1,1,199504.72025663304,0,0,0.01,1.0,Low Risk
795,France,Male,24,2,181059.9507413559,4,1,1,49358.14606640547,0,0,0.01,1.0,Low Risk
678,Spain,Female,40,5,196937.6084646693,2,1,1,45097.59918859898,0,0,0.0,0.0,Low Risk
346,Germany,Female,25,2,97115.41038577074,1,0,0,167219.6913708292,0,0,0.01,1.0,Low Risk
827,France,Female,25,10,43818.9652244651,3,0,0,182843.24082014844,1,7,0.92,92.0,High Risk
803,France,Male,22,10,155894.50281316385,2,1,1,130075.72591808996,0,0,0.01,1.0,Low Risk
321,Germany,Female,88,6,238952.9918934726,3,0,0,187164.70481361987,0,2,0.21,21.0,Low Risk
512,France,Male,19,4,175125.7923574262,1,0,1,190002.9956498085,0,0,0.0,0.0,Low Risk
609,Germany,Male,68,3,30870.55849240372,1,1,1,151940.05414447156,1,7,1.0,100.0,High Risk
571,Spain,Male,83,7,99305.02454194534,1,0,1,69748.17978861717,0,1,0.01,1.0,Low Risk
501,Spain,Male,29,10,228842.21182245197,3,1,1,29900.439902669255,0,1,0.0,0.0,Low Risk
331,Germany,Male,64,10,158605.65441402252,4,0,0,103539.34314137278,1,4,0.97,97.0,High Risk
742,Spain,Female,72,1,36788.049042037695,3,1,1,57929.12253876885,0,0,0.0,0.0,Low Risk
461,Germany,Male,43,2,181148.04996532155,1,0,0,23709.18126983153,0,2,0.09,9.0,Low Risk
553,France,Male,62,9,88379.69725000914,3,1,1,78805.35022534178,1,6,0.99,99.0,High Risk
820,France,Male,79,3,122383.5980390383,3,1,1,95958.35113621356,0,1,0.01,1.0,Low Risk
779,Germany,Male,87,9,103761.64019214686,4,1,1,132400.61052262867,0,0,0.01,1.0,Low Risk
309,France,Male,19,5,181424.1509387049,1,1,1,44235.66332531244,0,0,0.0,0.0,Low Risk
804,Spain,Female,43,4,54476.53314413287,4,1,1,173700.0521387919,0,0,0.0,0.0,Low Risk
735,France,Male,31,4,97092.44493902732,1,0,1,37096.50242601635,0,0,0.0,0.0,Low Risk
410,France,Male,74,6,186136.42961545056,2,0,0,199445.9800517496,1,6,0.93,93.0,High Risk
452,Germany,Male,49,7,176195.69841991868,1,0,0,111380.26159972831,0,1,0.11,11.0,Low Risk
401,Spain,Male,79,5,50436.069188130095,3,0,0,29377.00398215993,1,9,0.99,99.0,High Risk
490,France,Female,47,2,87665.98481572748,2,1,0,166880.38747980117,0,1,0.01,1.0,Low Risk
380,France,Male,30,3,3591.006198502694,3,1,0,50753.69756626943,0,0,0.01,1.0,Low Risk
788,Germany,Male,57,0,132543.12995916524,2,0,1,37670.721378728595,1,9,0.99,99.0,High Risk
387,Germany,Male,48,10,70235.35055179716,3,1,0,26967.20629652884,0,1,0.0,0.0,Low Risk
493,Spain,Male,54,4,2966.479172818365,2,0,0,110183.44834300036,0,0,0.01,1.0,Low Risk
403,France,Female,62,9,106176.25162302711,2,0,1,175866.50385367873,0,1,0.01,1.0,Low Risk
395,Germany,Female,76,7,231717.42791956212,3,1,1,179423.0498853751,0,0,0.03,3.0,Low Risk
722,Germany,Female,45,2,230850.29141553093,2,0,1,157125.8606804174,0,0,0.01,1.0,Low Risk
497,Germany,Male,78,9,93025.71341268526,3,0,1,116293.6372486526,0,1,0.0,0.0,Low Risk
300,Spain,Female,36,3,112294.47039222471,4,0,0,105981.439268564,0,2,0.02,2.0,Low Risk
706,Germany,Female,60,3,60670.36586827493,3,1,0,74760.61092589707,1,7,1.0,100.0,High Risk
677,Spain,Female,76,5,17076.94443102342,4,0,0,8822.839069031568,1,2,0.83,83.0,High Risk
466,Spain,Female,33,8,173481.670696813,2,0,0,167319.40567477822,0,0,0.01,1.0,Low Risk
808,France,Female,86,9,200013.1767041078,1,1,1,199894.45357345563,0,0,0.05,5.0,Low Risk
612,France,Male,61,2,220026.1603400816,4,1,0,184170.19198236123,0,2,0.18,18.0,Low Risk
717,Spain,Female,83,3,233821.82278324317,1,1,1,186608.38016374447,0,0,0.01,1.0,Low Risk
776,France,Female,27,5,228990.84147606647,1,1,0,66651.27447078051,0,0,0.0,0.0,Low Risk
372,France,Female,64,5,6845.856029400299,3,1,1,19870.174706163863,0,1,0.0,0.0,Low Risk
440,Germany,Male,36,6,244523.727069912,3,1,1,174317.92099683647,0,0,0.0,0.0,Low Risk
561,France,Male,68,0,94875.50540326296,1,1,0,152764.33691806634,1,3,0.87,87.0,High Risk
639,Spain,Female,30,8,221526.92120994875,3,0,0,78080.90838271203,1,6,0.96,96.0,High Risk
607,France,Male,80,1,110190.05006303516,1,1,0,166717.1756980038,1,10,0.99,99.0,High Risk
544,Germany,Male,33,3,105547.62775624798,3,0,1,27755.747682487705,0,1,0.0,0.0,Low Risk
814,Spain,Female,70,2,2797.6534890425673,3,0,0,130220.3271403798,0,0,0.06,6.0,Low Risk
636,France,Male,52,2,13110.361849945462,3,1,1,190677.24329497755,0,2,0.11,11.0,Low Risk
375,Spain,Female,76,10,167819.76626003443,1,0,0,182084.56213095775,1,2,0.78,78.0,High Risk
474,France,Female,56,4,234410.1518566264,2,0,0,152172.3413351957,0,0,0.02,2.0,Low Risk
408,Germany,Female,84,6,56100.066673297726,3,1,1,53323.89153330201,1,6,0.98,98.0,High Risk
482,France,Male,90,6,23479.75734657498,3,0,0,20521.71269258939,1,5,0.99,99.0,High Risk
491,Spain,Female,78,6,53464.25824621734,1,0,0,64953.97517311725,0,0,0.01,1.0,Low Risk
364,Spain,Female,67,2,53079.9616412082,4,0,0,123474.51422209768,1,5,0.99,99.0,High Risk
773,Spain,Male,70,8,73283.90087940817,1,1,0,63308.016177846264,0,1,0.08,8.0,Low Risk
399,France,Female,63,5,23685.866886164033,3,1,0,82628.74051750936,1,3,0.93,93.0,High Risk
843,France,Male,69,10,58881.67799290528,3,1,1,80727.21922344033,1,2,0.67,67.0,Medium Risk
427,France,Male,46,10,230318.70858321575,2,0,1,67171.98711034606,1,4,0.99,99.0,High Risk
751,Germany,Female,22,9,222554.80936234267,3,0,0,184691.08080542544,0,0,0.01,1.0,Low Risk
668,Germany,Male,84,10,79076.08518022834,4,1,0,63997.31500013082,0,0,0.01,1.0,Low Risk
342,Germany,Female,91,7,249223.36446378232,3,1,1,198705.52017052725,0,0,0.05,5.0,Low Risk
718,Spain,Male,57,0,74588.2768703899,3,0,1,41874.73371266886,0,0,0.0,0.0,Low Risk
787,Spain,Male,89,3,180457.4547695874,2,0,1,174526.2761848643,0,1,0.0,0.0,Low Risk
377,Spain,Male,19,6,161002.2055134773,4,0,1,146470.10429445363,1,5,0.79,79.0,High Risk
569,Spain,Male,85,8,16138.536361682192,4,0,0,133764.32603471723,0,0,0.04,4.0,Low Risk
614,Spain,Female,79,2,85574.21150117445,3,0,1,89075.19353522144,0,0,0.0,0.0,Low Risk
467,France,Female,75,10,237874.90444844283,4,1,1,163319.258264482,0,0,0.05,5.0,Low Risk
638,Spain,Male,86,5,12716.733319863755,2,1,0,98448.85804694,0,0,0.03,3.0,Low Risk
492,France,Female,75,7,43721.081241456515,1,0,0,27116.709362596623,0,0,0.0,0.0,Low Risk
752,Germany,Female,52,10,242736.44396767992,3,0,0,56106.65151585943,1,7,0.99,99.0,High Risk
582,Germany,Female,31,2,9948.189962343811,3,0,0,36494.05872764107,1,3,0.87,87.0,High Risk
635,Germany,Female,32,5,111651.83708361676,4,1,1,113926.98561746464,0,3,0.76,76.0,High Risk
689,Germany,Female,23,8,229587.7597408387,3,1,1,131084.54413986785,0,0,0.01,1.0,Low Risk
824,Germany,Female,33,8,235919.69713574732,3,0,1,67193.57325228187,0,0,0.04,4.0,Low Risk
539,Spain,Female,63,5,244830.22289502455,2,0,1,7912.765834576104,0,0,0.0,0.0,Low Risk
782,Spain,Male,80,4,120330.31538225984,1,0,1,131750.934892752,1,4,1.0,100.0,High Risk
757,Spain,Female,29,0,21619.996957866537,1,1,0,12401.33369499462,1,3,0.92,92.0,High Risk
388,Germany,Male,58,2,193175.82040930825,4,1,0,193135.04292564568,0,0,0.01,1.0,Low Risk
394,Germany,Male,36,2,177245.86802431408,2,1,1,177456.67571797923,0,0,0.0,0.0,Low Risk
751,France,Male,19,3,144903.3486924507,2,0,1,166178.0131197146,0,0,0.0,0.0,Low Risk
727,Spain,Female,37,4,222058.96790713837,2,0,1,73514.91649432218,0,0,0.0,0.0,Low Risk
450,Germany,Female,26,10,227892.52224669515,2,1,0,149001.13016863164,0,0,0.0,0.0,Low Risk
813,Germany,Male,38,7,170811.06831339494,3,1,1,9180.071917354551,0,0,0.0,0.0,Low Risk
675,Germany,Male,25,10,28024.986801532064,4,1,1,17936.041855411004,0,0,0.0,0.0,Low Risk
321,France,Female,56,8,23881.29322840496,4,1,1,98914.28503464784,0,0,0.02,2.0,Low Risk
612,Germany,Female,54,6,102157.43803656628,3,0,0,117357.203987183,1,5,0.98,98.0,High Risk
818,France,Female,46,9,73175.14963616367,4,0,0,153392.47283505867,0,0,0.01,1.0,Low Risk
505,France,Male,52,5,33245.79610620498,2,0,1,59549.87279450636,0,0,0.01,1.0,Low Risk
674,Spain,Male,55,2,152797.7052981001,3,0,1,108525.56475134548,0,0,0.0,0.0,Low Risk
750,Germany,Female,52,8,170882.4509908841,3,1,0,12517.889748857113,1,8,1.0,100.0,High Risk
478,France,Female,85,9,174492.06581123962,1,0,0,94178.84055354644,0,1,0.06,6.0,Low Risk
509,Germany,Male,20,0,43819.31469267883,3,1,0,134255.37698564937,1,6,0.97,97.0,High Risk
799,Spain,Female,29,8,76460.95177866494,1,1,0,197928.4221088306,1,4,0.84,84.0,High Risk
763,Spain,Female,49,2,49763.225891174625,3,0,1,153594.39801905814,0,1,0.01,1.0,Low Risk
423,France,Male,64,8,150333.55779449525,4,1,0,199096.3899916615,1,3,0.97,97.0,High Risk
412,Spain,Male,80,9,141770.35883546912,1,1,0,99588.14666000566,0,2,0.28,28.0,Low Risk
311,Spain,Male,43,0,125828.35927372708,1,0,0,86596.13204230912,0,1,0.01,1.0,Low Risk
425,Spain,Male,60,7,74014.1396376703,1,0,0,166842.93022624377,0,0,0.0,0.0,Low Risk
630,Germany,Female,61,5,59263.231699282966,1,0,0,92482.39547403558,0,1,0.01,1.0,Low Risk
582,Germany,Male,55,8,222601.95806401793,2,0,1,151230.06199112756,0,1,0.03,3.0,Low Risk
439,France,Female,46,3,12213.489148219458,3,1,1,198900.66712998456,0,2,0.12,12.0,Low Risk
700,France,Female,72,4,164099.59472211642,2,0,0,144921.93621393107,0,0,0.02,2.0,Low Risk
396,Spain,Female,69,5,4894.245257569652,4,0,1,2870.4281003504516,1,2,0.74,74.0,Medium Risk
816,Spain,Male,36,8,48459.53191907537,3,0,0,36064.86616209423,1,5,0.98,98.0,High Risk
368,France,Male,52,5,72370.86721573741,2,1,1,55260.84653008319,0,2,0.13,13.0,Low Risk
417,Spain,Female,65,8,221621.49231531055,3,0,1,164428.87327235308,0,0,0.0,0.0,Low Risk
358,France,Female,77,1,34433.73339316766,2,1,1,186427.3360620561,0,0,0.01,1.0,Low Risk
332,Germany,Male,48,3,234451.6388536821,4,1,1,129943.02842199653,0,0,0.0,0.0,Low Risk
617,Spain,Female,20,2,203864.07605889937,2,1,1,17616.55373581193,0,1,0.0,0.0,Low Risk
349,Spain,Female,52,3,169761.60602919792,4,1,0,99909.88441559314,1,2,0.74,74.0,Medium Risk
788,Spain,Female,69,0,102936.53655019232,1,1,0,171809.88657437573,0,2,0.11,11.0,Low Risk
318,Germany,Female,88,1,226314.21928077805,2,0,1,72443.50763794262,1,5,0.97,97.0,High Risk
496,Germany,Female,68,3,131988.75745221268,1,0,1,13064.08771443534,0,1,0.01,1.0,Low Risk
749,Spain,Female,73,9,92801.88198495183,4,1,1,155918.3393717328,0,0,0.01,1.0,Low Risk
751,France,Female,38,3,146405.99751615204,1,1,0,131427.3677979996,1,3,0.88,88.0,High Risk
588,Germany,Female,18,4,58066.91234340916,2,1,1,93399.59943688606,1,3,0.86,86.0,High Risk
440,Spain,Male,70,8,68219.54430475552,3,0,1,169962.72775923676,0,0,0.01,1.0,Low Risk
383,Spain,Male,23,0,229828.6270028523,2,0,0,169943.96047835285,1,6,0.99,99.0,High Risk
690,Germany,Female,79,7,198481.7103819837,1,1,0,140194.88417389823,1,6,1.0,100.0,High Risk
514,France,Female,64,2,128375.182292778,1,1,0,188464.2372918733,0,2,0.14,14.0,Low Risk
825,Spain,Male,67,8,104141.84780794324,2,1,0,90794.26860070373,1,2,0.67,67.0,Medium Risk
514,France,Male,48,10,201892.4847520561,2,0,0,145788.4905975482,0,0,0.01,1.0,Low Risk
702,France,Male,81,7,142659.0833397483,2,1,1,166138.04797985576,0,0,0.02,2.0,Low Risk
427,Germany,Female,46,7,103758.4333890028,2,1,0,127122.52644196938,1,3,0.98,98.0,High Risk
776,Spain,Male,32,8,128862.1979989318,4,1,0,110626.53208924478,0,0,0.01,1.0,Low Risk
703,Spain,Male,75,3,58177.31096574647,3,0,0,146402.33475693385,0,1,0.02,2.0,Low Risk
328,France,Female,40,4,50492.47067596252,1,1,0,70907.51193902378,0,0,0.01,1.0,Low Risk
637,Germany,Male,55,6,247272.6947539807,4,1,1,73292.39178761076,1,11,0.99,99.0,High Risk
660,Germany,Female,58,1,242397.95528826257,2,1,1,195322.89778216727,0,0,0.07,7.0,Low Risk
691,Germany,Male,32,6,105206.7772517482,2,1,1,23776.355094809867,0,0,0.0,0.0,Low Risk
517,France,Male,20,2,128815.38295494912,4,0,0,168401.03268565904,0,2,0.05,5.0,Low Risk
501,France,Male,18,5,206798.5344455372,2,1,0,157751.2963675231,0,0,0.0,0.0,Low Risk
316,Spain,Male,28,5,181458.9137708741,1,1,1,10841.515919512796,0,0,0.0,0.0,Low Risk
621,Germany,Male,77,5,24887.308374884647,1,1,1,140703.4402245349,1,9,0.99,99.0,High Risk
817,France,Female,82,9,93652.7635703015,1,0,1,18785.74837188581,0,0,0.01,1.0,Low Risk
624,Germany,Female,21,1,62537.81080785967,4,1,0,42108.16015094066,0,0,0.01,1.0,Low Risk
711,France,Male,42,8,248157.54791987155,2,1,1,191643.25739758855,0,1,0.01,1.0,Low Risk
617,Spain,Female,89,7,187175.39710802195,4,1,0,72436.48812259227,0,1,0.03,3.0,Low Risk
381,Germany,Male,60,6,11941.302287440863,1,0,0,11369.79543312362,0,0,0.0,0.0,Low Risk
773,France,Male,57,10,225009.4916497841,4,0,0,104244.41097030978,1,5,0.98,98.0,High Risk
767,Germany,Male,61,8,231989.59494974304,2,0,0,41290.61993493325,1,5,1.0,100.0,High Risk
724,France,Male,89,3,83317.24407167373,2,0,1,85271.57577234566,0,0,0.0,0.0,Low Risk
503,France,Male,76,1,160494.44047284452,3,1,0,20340.577246336303,0,0,0.0,0.0,Low Risk
686,France,Female,40,3,170509.74808458102,3,1,0,19202.818235084847,0,0,0.0,0.0,Low Risk
397,Germany,Female,79,9,182386.90539847544,3,1,0,100833.55856326036,0,1,0.03,3.0,Low Risk
644,France,Female,40,10,173376.81827104787,1,0,0,67182.09660090058,0,1,0.02,2.0,Low Risk
507,Spain,Female,75,2,139929.5021012347,3,0,1,31062.511330749738,0,0,0.02,2.0,Low Risk
813,Germany,Male,72,1,238460.97763947392,1,0,1,116078.40256374908,0,0,0.04,4.0,Low Risk
465,Spain,Female,50,1,128093.5430319199,4,0,0,12447.802742196976,0,0,0.0,0.0,Low Risk
321,Spain,Male,80,7,27728.307056699236,2,0,1,150550.23988950343,1,4,0.95,95.0,High Risk
453,Germany,Male,77,4,20106.370793290695,4,1,1,10277.112295355892,1,2,0.77,77.0,High Risk
738,France,Female,78,5,4594.154807209733,3,0,0,194074.50605807648,1,2,0.28,28.0,Low Risk
594,Spain,Female,78,7,106980.84671606727,3,1,1,147127.587612187,0,3,0.22,22.0,Low Risk
518,Germany,Male,86,6,68309.06627052082,1,0,0,179443.56439800555,0,0,0.03,3.0,Low Risk
794,France,Male,38,6,223804.7288366735,1,0,0,87995.41716127399,0,0,0.0,0.0,Low Risk
529,Germany,Male,20,6,216786.96465838057,4,1,1,11625.62714168209,0,0,0.01,1.0,Low Risk
319,Germany,Female,65,10,209460.6255398488,4,1,0,45895.72684215049,0,0,0.0,0.0,Low Risk
447,Germany,Male,27,10,216819.52934984327,3,1,1,194219.28210334943,0,0,0.0,0.0,Low Risk
407,France,Male,59,6,74401.41986610214,1,1,1,123782.12753090852,0,1,0.01,1.0,Low Risk
702,Spain,Male,83,7,106529.38605741935,1,0,0,45582.053848292024,0,1,0.07,7.0,Low Risk
782,Spain,Male,63,0,77934.51481895805,4,0,1,96568.68903382316,1,3,0.92,92.0,High Risk
666,Germany,Female,26,2,21520.2632807128,1,0,1,63495.09784969541,0,0,0.0,0.0,Low Risk
713,Germany,Female,66,0,231011.5733795667,4,0,1,97948.65173910317,0,1,0.02,2.0,Low Risk
608,France,Male,21,7,153981.56643540863,2,0,0,167326.4646563865,1,3,0.82,82.0,High Risk
433,Germany,Female,77,1,33138.09998437245,3,0,1,44518.87261070781,0,1,0.02,2.0,Low Risk
582,Germany,Male,46,6,51514.73916345711,1,0,1,79823.61573372886,0,0,0.02,2.0,Low Risk
372,Germany,Female,64,5,112688.1568795125,1,1,0,89223.53597876521,1,2,0.81,81.0,High Risk
780,Spain,Female,80,10,12973.519487224225,2,0,1,117414.81568567992,1,5,0.99,99.0,High Risk
651,Germany,Female,48,0,67997.94530700712,2,1,1,15554.924228901376,0,1,0.03,3.0,Low Risk
625,Spain,Female,68,5,175861.5969178017,2,1,1,41410.24712473217,1,9,0.97,97.0,High Risk
742,France,Male,58,8,230101.6205074431,4,1,1,79572.55876317546,0,0,0.0,0.0,Low Risk
399,France,Male,53,2,232182.8539378382,4,0,1,161870.04973862768,0,0,0.02,2.0,Low Risk
358,Spain,Male,57,6,130007.27086272492,2,1,0,37376.550553614536,0,0,0.0,0.0,Low Risk
807,Spain,Female,77,3,78038.81371103025,3,0,1,176305.94286794605,0,0,0.01,1.0,Low Risk
557,Spain,Female,32,0,230186.4137810092,3,1,0,67839.41026329136,0,0,0.0,0.0,Low Risk
712,Spain,Male,47,6,196658.72655031612,1,1,0,50775.331166684344,0,1,0.02,2.0,Low Risk
751,Germany,Female,47,0,146777.97897606573,4,1,0,81882.36579222044,0,1,0.03,3.0,Low Risk
364,Spain,Female,44,10,208638.2253619928,3,1,1,110746.01125397284,0,1,0.0,0.0,Low Risk
453,Spain,Male,57,3,114707.59221189452,1,0,1,146797.49106304074,1,4,1.0,100.0,High Risk
565,Spain,Female,62,8,28048.708675406764,3,1,0,95393.63620857944,0,0,0.01,1.0,Low Risk
378,Germany,Male,64,4,234559.5298925134,4,0,1,163602.41396320332,0,1,0.0,0.0,Low Risk
614,Germany,Female,73,6,133501.7692588324,3,1,1,163750.3951471101,0,0,0.0,0.0,Low Risk
547,Germany,Male,71,6,173822.6380786133,3,1,0,357.9724580055903,0,0,0.03,3.0,Low Risk
713,France,Female,26,2,98073.0732204483,4,0,0,158318.7034351967,1,4,1.0,100.0,High Risk
324,Germany,Female,82,10,33935.38058561735,1,1,1,88556.28617844175,0,0,0.03,3.0,Low Risk
583,Spain,Female,87,7,67970.44873725594,1,1,0,193417.7737643993,0,0,0.01,1.0,Low Risk
748,Germany,Female,18,0,10918.157391501923,2,1,1,164047.0944414641,0,0,0.04,4.0,Low Risk
600,Germany,Female,30,3,21894.90047711329,1,0,0,76807.58880738405,0,1,0.01,1.0,Low Risk
367,Spain,Male,55,9,51229.77808205459,2,0,1,126930.22205364348,0,0,0.02,2.0,Low Risk
306,Germany,Female,62,3,140252.7827564377,4,0,1,38856.8125242227,0,0,0.02,2.0,Low Risk
436,France,Male,57,1,248221.1842449249,1,1,1,58076.986827596455,1,5,0.98,98.0,High Risk
463,Germany,Male,32,5,210930.8272876124,4,1,0,40429.06515905606,0,0,0.0,0.0,Low Risk
382,France,Male,67,0,21466.76327326047,1,0,1,150233.75108974,1,4,0.93,93.0,High Risk
719,France,Female,19,2,210585.91791562169,3,1,1,1653.1216407144796,0,0,0.0,0.0,Low Risk
372,France,Male,70,8,134077.82703656002,1,0,1,81460.54851060583,0,1,0.01,1.0,Low Risk
536,Spain,Female,43,9,165080.8668533279,3,0,0,167514.8239971726,0,0,0.0,0.0,Low Risk
345,Germany,Female,83,5,32441.430023915946,1,1,0,141818.91467596186,0,1,0.02,2.0,Low Risk
561,France,Female,50,1,98860.05677658164,4,0,0,84356.66492127714,0,0,0.02,2.0,Low Risk
475,France,Male,76,8,221030.4287177472,2,1,0,126612.33929049662,0,0,0.03,3.0,Low Risk
465,Germany,Female,43,1,106341.40726086816,1,1,0,86365.26127398963,0,0,0.0,0.0,Low Risk
669,Spain,Female,38,6,31778.36939808018,4,0,1,168803.06311976718,0,2,0.02,2.0,Low Risk
353,Spain,Female,66,0,77768.82139982985,3,0,0,114524.59463564592,0,1,0.02,2.0,Low Risk
718,France,Male,88,4,55379.93009197792,3,0,0,126527.30193556756,0,0,0.02,2.0,Low Risk
806,Spain,Male,88,6,171724.26002366113,3,1,0,197724.36043279528,0,3,0.33,33.0,Low Risk
640,Germany,Male,83,2,227756.9410961025,3,0,0,154023.75886030533,1,5,0.99,99.0,High Risk
426,Spain,Male,54,3,183372.48950847684,4,1,1,57199.03935847582,0,1,0.04,4.0,Low Risk
708,Germany,Female,31,4,210904.99612314143,1,0,1,154597.09562056614,0,2,0.02,2.0,Low Risk
666,France,Male,89,2,201454.41568747256,3,0,0,185698.06480619093,1,7,0.99,99.0,High Risk
570,Germany,Female,24,5,3651.0757697386375,3,0,1,59022.30470648648,0,0,0.0,0.0,Low Risk
678,France,Male,55,2,31092.5504234984,1,0,1,163461.69721036346,0,0,0.0,0.0,Low Risk
372,Germany,Female,62,7,105844.77155827984,4,1,1,47571.90890125123,0,1,0.05,5.0,Low Risk
547,Germany,Male,39,6,28022.41614601944,3,1,1,86812.34066896705,0,2,0.06,6.0,Low Risk
342,Spain,Male,61,0,183733.6912978544,2,0,0,138037.6835993977,1,4,0.98,98.0,High Risk
676,Germany,Male,52,1,17546.857882278055,4,0,1,48713.070367602304,0,1,0.0,0.0,Low Risk
340,France,Female,77,3,104060.469255551,2,0,1,37467.186277194334,0,1,0.0,0.0,Low Risk
469,Germany,Female,20,4,98072.30265333215,4,0,1,92514.10620453527,1,4,0.96,96.0,High Risk
511,France,Male,84,10,135861.41412593107,3,0,0,156642.47444265522,0,1,0.03,3.0,Low Risk
792,France,Male,89,9,157344.3596943222,4,0,0,119176.6842922917,0,0,0.06,6.0,Low Risk
338,Germany,Male,72,10,236739.09256846568,4,0,0,140245.90763268972,1,5,0.98,98.0,High Risk
668,Spain,Male,26,3,67796.1997462323,2,0,0,137858.5315463505,0,0,0.01,1.0,Low Risk
450,Germany,Male,86,3,166496.12215463407,4,0,1,108904.33955225484,0,0,0.02,2.0,Low Risk
410,Germany,Male,45,8,8771.19743110802,4,0,0,63128.879025457456,1,3,0.93,93.0,High Risk
779,Spain,Female,32,3,251.75034678218137,3,1,1,84348.02793784336,0,0,0.0,0.0,Low Risk
735,France,Female,48,3,6339.552769213192,1,0,0,76130.28838204907,1,3,0.79,79.0,High Risk
346,Germany,Female,76,3,112227.93841347816,2,0,0,15823.151760700568,0,0,0.02,2.0,Low Risk
665,Spain,Female,71,1,138753.2878670827,2,0,1,179693.46759730688,0,0,0.02,2.0,Low Risk
368,Spain,Female,85,7,1552.9116404258414,1,0,1,128374.5703240135,1,7,0.96,96.0,High Risk
598,France,Female,64,3,99102.8851107443,2,1,1,171439.22781965556,0,0,0.0,0.0,Low Risk
595,Spain,Male,59,4,10214.17189088239,3,1,0,155214.33264765824,0,2,0.09,9.0,Low Risk
502,France,Male,40,7,163320.9833080392,4,1,0,13668.37434650308,1,8,0.92,92.0,High Risk
360,Germany,Male,82,3,157808.00791598705,4,1,1,43269.24577763912,0,0,0.02,2.0,Low Risk
613,Spain,Male,71,4,196045.99702921248,3,1,1,190147.4203416824,0,1,0.0,0.0,Low Risk
460,Germany,Male,28,4,136565.21715032478,2,1,0,92391.48888502516,0,0,0.0,0.0,Low Risk
630,Spain,Female,80,5,155737.45707785347,4,1,1,162389.93986607328,0,1,0.02,2.0,Low Risk
827,Spain,Female,39,6,69854.82329188845,1,0,0,115099.59207467566,0,0,0.0,0.0,Low Risk
637,Germany,Female,71,2,21363.454539250783,4,0,0,164714.14096062776,0,3,0.33,33.0,Low Risk
603,Spain,Female,53,9,184326.5404940697,3,1,0,146924.2964313893,0,0,0.01,1.0,Low Risk
802,Germany,Female,75,10,152965.8333431377,4,0,1,55953.49167218292,0,2,0.18,18.0,Low Risk
637,Germany,Male,37,2,234582.9578371961,3,0,0,198242.99520947665,0,1,0.05,5.0,Low Risk
849,France,Female,33,8,247306.4604193121,2,1,0,98109.28684034092,1,4,0.98,98.0,High Risk
574,Germany,Female,73,0,211821.0121603259,1,1,0,117002.9806404001,1,4,0.98,98.0,High Risk
463,France,Female,67,9,246405.4648979431,3,0,0,108091.602259603,0,1,0.01,1.0,Low Risk
742,Germany,Male,83,7,161861.5741744883,1,1,0,177037.5565077204,1,2,0.81,81.0,High Risk
618,Spain,Male,91,9,22987.290362841224,2,1,0,55985.18942317083,0,0,0.03,3.0,Low Risk
803,Germany,Male,30,2,22458.134791409484,2,0,0,12351.869248526742,0,0,0.01,1.0,Low Risk
686,Spain,Male,32,4,201779.9435464532,3,1,1,85624.27960983942,0,0,0.0,0.0,Low Risk
793,France,Male,90,2,59215.108973794784,4,1,0,183664.58088202737,0,0,0.09,9.0,Low Risk
789,Spain,Male,44,9,15247.05179973712,1,1,0,87868.08912266421,0,0,0.01,1.0,Low Risk
372,Germany,Female,25,0,118068.6511837264,4,0,0,55519.51869337374,0,0,0.0,0.0,Low Risk
808,Spain,Female,87,9,78661.46393822781,1,0,1,123703.0063098171,0,0,0.03,3.0,Low Risk
689,France,Female,67,4,147037.28710617145,2,1,1,147512.1707666703,0,0,0.0,0.0,Low Risk
594,Spain,Male,84,7,150037.7585616403,2,1,0,92556.71338247503,1,3,0.93,93.0,High Risk
668,Spain,Male,43,4,170375.25029477078,2,0,0,76011.73683764043,0,1,0.01,1.0,Low Risk
848,Germany,Male,53,3,144110.58085145292,4,1,1,72907.24027055148,1,7,0.93,93.0,High Risk
486,Germany,Male,38,8,95229.51175330818,2,0,0,84268.30462101047,0,0,0.01,1.0,Low Risk
744,Spain,Female,69,0,5916.674836649705,4,0,0,168535.87330860304,0,0,0.02,2.0,Low Risk
662,France,Male,28,4,226272.1170308855,2,0,0,96517.26656944618,0,0,0.0,0.0,Low Risk
422,Spain,Male,25,0,81730.43245503533,4,0,0,62878.064951877706,0,0,0.0,0.0,Low Risk
487,France,Male,74,5,126787.6437527142,3,0,0,36471.167048567026,1,2,0.26,26.0,Low Risk
719,France,Male,63,9,139234.39641681997,3,0,1,56530.40256109833,0,1,0.02,2.0,Low Risk
551,France,Male,19,8,78713.2336848457,1,0,0,92551.33282125845,1,5,0.94,94.0,High Risk
848,Spain,Female,81,10,77120.23909879479,4,0,0,109567.31286128146,0,1,0.05,5.0,Low Risk
634,France,Male,69,1,65215.38079775016,4,0,1,124301.64542284042,0,1,0.02,2.0,Low Risk
391,Spain,Male,82,3,60838.33609731321,3,1,1,14285.16960290654,0,1,0.02,2.0,Low Risk
829,France,Female,28,7,7598.932439618261,3,1,1,122638.05485620126,0,0,0.0,0.0,Low Risk
362,France,Male,23,2,239478.65041740425,3,0,0,70405.11533127539,0,0,0.0,0.0,Low Risk
811,Spain,Male,81,6,148824.01469455427,1,1,1,51401.387504103215,0,0,0.0,0.0,Low Risk
438,Germany,Female,72,6,27016.752279115703,3,1,1,66218.65375338568,1,2,0.82,82.0,High Risk
484,Germany,Female,61,1,147989.60516845924,1,0,1,156895.26122432205,0,0,0.03,3.0,Low Risk
504,Spain,Female,31,9,58061.89873775727,1,0,0,160659.57873855965,1,4,0.95,95.0,High Risk
513,Spain,Female,22,3,77670.51282049167,3,0,0,20760.548497451477,0,1,0.0,0.0,Low Risk
555,Germany,Female,42,0,200292.0470980686,3,1,0,98939.81483749113,1,9,0.97,97.0,High Risk
434,Germany,Female,67,7,221450.50470540323,3,0,0,105904.38561884868,1,4,0.99,99.0,High Risk
387,Germany,Female,90,9,174955.97326637537,4,0,0,6052.551088949443,0,0,0.02,2.0,Low Risk
506,Spain,Female,88,9,233145.37056586044,2,1,0,143415.47529828092,0,1,0.02,2.0,Low Risk
428,France,Female,19,8,226256.765965266,4,1,0,73365.13570112234,0,0,0.01,1.0,Low Risk
302,Spain,Female,27,0,137792.52995187903,1,1,0,83605.36461329782,0,3,0.17,17.0,Low Risk
420,Germany,Male,19,10,226961.66484742507,1,0,0,121989.5737843452,1,5,0.96,96.0,High Risk
684,France,Female,77,6,136249.48779517104,2,1,0,93793.39811786312,1,4,1.0,100.0,High Risk
337,Spain,Female,62,0,26068.49977683548,2,0,1,149592.50144691268,1,8,0.92,92.0,High Risk
640,Germany,Female,25,0,207363.81982908593,3,1,1,119175.76443125014,0,1,0.02,2.0,Low Risk
320,Spain,Female,75,8,32800.61613193999,4,1,0,45214.72138384918,0,0,0.01,1.0,Low Risk
541,France,Female,24,9,78990.03346081162,4,1,0,174098.86208195714,0,2,0.06,6.0,Low Risk
754,Germany,Male,89,9,94948.19905856774,4,1,0,43166.397456230465,0,0,0.0,0.0,Low Risk
602,Spain,Male,38,5,201821.4850405928,2,0,1,142709.41429823282,0,1,0.01,1.0,Low Risk
368,France,Male,64,0,20884.1686682055,4,1,0,158443.94397397104,0,1,0.03,3.0,Low Risk
428,France,Female,18,6,111235.36616826926,2,0,1,137659.55644397796,0,0,0.0,0.0,Low Risk
495,Spain,Female,29,2,109178.95276594147,4,0,1,84366.68213192005,0,0,0.01,1.0,Low Risk
439,France,Male,65,9,145540.05987874858,2,0,0,175591.81494471207,1,3,0.99,99.0,High Risk
743,Germany,Female,21,3,88467.19543155198,4,0,1,65546.66596436876,1,7,0.98,98.0,High Risk
582,France,Female,51,3,144290.6245413291,1,0,0,137418.38216528093,1,5,0.99,99.0,High Risk
611,Spain,Male,49,7,246473.5699755063,2,0,0,175533.8354763434,1,2,0.31,31.0,Low Risk
834,Germany,Female,20,0,17887.296349779008,3,1,1,31094.031022773164,0,0,0.02,2.0,Low Risk
576,France,Female,85,7,218657.11417902255,1,0,1,130530.51601555342,0,1,0.02,2.0,Low Risk
360,France,Female,74,8,77157.35951769784,1,1,1,180192.83732353649,0,1,0.01,1.0,Low Risk
618,Germany,Female,41,10,116429.10905714377,2,1,1,20625.222736486307,0,2,0.06,6.0,Low Risk
351,Germany,Female,50,6,185279.370770578,4,0,0,29159.19365129208,1,4,0.98,98.0,High Risk
452,France,Female,20,0,227509.1158618187,4,1,1,75657.34173175423,0,0,0.02,2.0,Low Risk
610,Germany,Female,21,6,2268.8708841424323,2,0,1,198862.21034498213,1,5,0.94,94.0,High Risk
843,Spain,Male,47,5,165548.0685708801,4,1,0,44794.91769551311,0,1,0.03,3.0,Low Risk
688,France,Male,87,4,17388.084909894493,4,0,1,64950.80163915573,0,2,0.07,7.0,Low Risk
847,Spain,Female,66,4,131419.6297927705,4,0,1,167020.99445597376,0,0,0.01,1.0,Low Risk
476,France,Female,47,0,187440.02207913145,2,1,0,26157.364062193326,0,1,0.05,5.0,Low Risk
661,Spain,Male,89,5,42383.53532878375,2,0,0,199241.31380023423,0,1,0.04,4.0,Low Risk
613,Spain,Male,33,3,190946.2440820291,3,0,1,147774.94416591,0,0,0.0,0.0,Low Risk
396,Germany,Male,70,0,77384.46495273913,4,1,1,191834.47928519695,0,1,0.0,0.0,Low Risk
512,France,Male,23,7,152637.78273691933,4,0,0,28888.154928599142,0,1,0.0,0.0,Low Risk
436,Germany,Male,41,7,164510.25967684409,2,1,1,46495.141187738234,0,1,0.0,0.0,Low Risk
305,Germany,Male,45,10,162245.18179954644,3,0,1,74161.25954386627,0,0,0.0,0.0,Low Risk
408,France,Male,38,3,4636.199069535024,2,1,1,10211.76023364965,0,0,0.0,0.0,Low Risk
846,Spain,Female,25,6,38068.50193691971,2,0,1,12147.721926144017,0,0,0.02,2.0,Low Risk
338,France,Male,53,2,214050.67258930072,3,1,1,180765.24602988493,0,1,0.01,1.0,Low Risk
724,France,Male,26,7,234960.56814876056,2,0,1,8559.225089245328,0,0,0.01,1.0,Low Risk
560,France,Male,57,6,140916.97219461304,1,0,1,149994.44023284188,0,0,0.0,0.0,Low Risk
725,Germany,Female,68,4,149242.84048034754,3,0,1,143531.29044974025,1,9,0.98,98.0,High Risk
386,France,Female,18,4,188757.64751481195,4,1,0,14572.19349057026,0,0,0.03,3.0,Low Risk
764,France,Female,80,8,101526.32158063404,4,0,1,37535.27666197983,0,1,0.1,10.0,Low Risk
375,France,Male,85,5,82004.08612228686,3,0,0,90968.91297580766,0,0,0.0,0.0,Low Risk
770,Spain,Male,91,5,192050.41640998257,4,1,0,128335.02070272574,1,7,0.99,99.0,High Risk
713,Spain,Male,43,1,7071.414241228591,1,1,1,179166.41142381323,0,0,0.0,0.0,Low Risk
756,Spain,Female,57,10,221336.57203116175,4,0,1,105371.1108825703,0,0,0.01,1.0,Low Risk
584,Spain,Female,20,4,110225.6311982034,3,1,0,187273.9911587424,0,1,0.01,1.0,Low Risk
538,Germany,Female,26,3,126057.15372884528,2,0,1,38059.19516429813,0,0,0.01,1.0,Low Risk
671,Germany,Female,49,9,158569.53941601762,3,1,0,124559.77603309447,1,6,1.0,100.0,High Risk
794,France,Female,84,2,68596.4370827277,3,1,0,168929.64059851723,1,5,0.89,89.0,High Risk
344,Germany,Female,21,8,149346.87286242694,1,1,1,46672.597429065754,0,0,0.0,0.0,Low Risk
700,Spain,Male,23,10,173259.73671250202,4,0,1,157711.18233772053,0,0,0.0,0.0,Low Risk
546,France,Female,90,6,29482.86248398621,3,0,0,80063.84254126238,0,0,0.02,2.0,Low Risk
749,France,Female,43,3,130117.69514712118,4,0,1,199924.83864621544,1,5,0.83,83.0,High Risk
784,Spain,Female,19,8,82355.03403535868,2,0,1,18319.374988140793,0,2,0.01,1.0,Low Risk
317,Spain,Female,83,8,139339.43141766285,3,1,0,110658.92900087863,1,4,0.98,98.0,High Risk
588,Spain,Male,20,6,5323.57187422175,3,0,1,156609.1678186101,0,0,0.0,0.0,Low Risk
713,Germany,Male,52,4,185670.08905279203,4,0,1,135242.56651433374,1,4,1.0,100.0,High Risk
534,France,Female,76,8,42101.12613667858,1,0,0,101121.92985708835,0,1,0.04,4.0,Low Risk
715,Spain,Male,55,6,172346.73691371057,1,1,1,102626.6647198011,1,8,0.96,96.0,High Risk
798,France,Male,50,8,192203.72803818827,4,1,1,81091.85702233874,1,12,1.0,100.0,High Risk
414,France,Male,32,10,188152.99811095535,3,0,0,68466.66202748494,0,0,0.0,0.0,Low Risk
533,Germany,Male,91,2,204375.52364594096,2,1,1,118737.3722977154,0,1,0.05,5.0,Low Risk
839,France,Male,31,10,76936.2877953711,1,1,1,149676.00769401388,0,2,0.13,13.0,Low Risk
310,Spain,Male,83,8,241778.2913338231,1,1,0,55861.31495358746,1,6,0.99,99.0,High Risk
505,Spain,Male,62,0,5954.543783517147,2,1,0,189324.3122060136,0,0,0.05,5.0,Low Risk
546,France,Female,65,4,120300.02402872192,1,1,1,72970.03159304587,0,0,0.01,1.0,Low Risk
426,France,Male,61,1,67571.2345855739,4,0,1,86800.602269129,0,1,0.01,1.0,Low Risk
446,Germany,Female,54,0,184970.1124617186,3,1,1,82233.89503964015,0,0,0.01,1.0,Low Risk
417,Spain,Male,46,2,201305.82135196723,1,1,0,22276.8416956452,0,1,0.0,0.0,Low Risk
681,Spain,Male,51,6,205598.13187945675,2,1,1,23191.055768692597,0,1,0.01,1.0,Low Risk
711,France,Male,76,2,74226.01390867261,4,0,1,159056.23599711288,0,1,0.01,1.0,Low Risk
662,France,Female,60,9,68535.13402806025,4,1,0,76270.85144447692,0,0,0.0,0.0,Low Risk
808,France,Male,50,9,169233.92981961416,4,1,1,43205.35927472562,1,4,1.0,100.0,High Risk
436,Spain,Female,36,10,232046.09114580203,4,1,0,141543.01045070842,1,7,0.96,96.0,High Risk
474,France,Male,25,8,63551.30389652458,3,1,0,191948.54629463877,0,0,0.0,0.0,Low Risk
588,Germany,Male,48,2,227649.9248511928,4,0,1,187361.1125627008,0,0,0.05,5.0,Low Risk
780,Germany,Female,28,10,147865.34827031664,4,0,0,144684.17910072397,0,1,0.04,4.0,Low Risk
318,France,Male,25,5,184484.50548384272,4,0,0,38332.583591973926,0,0,0.0,0.0,Low Risk
494,Germany,Male,42,1,109973.01787695492,2,0,0,30827.007919742377,0,1,0.0,0.0,Low Risk
629,Germany,Male,37,7,201714.3054140263,2,1,0,174202.58355850764,1,4,0.98,98.0,High Risk
474,Germany,Female,55,9,242623.22319135335,2,0,0,192563.2243371699,0,0,0.07,7.0,Low Risk
748,Germany,Male,24,4,42643.93284741102,2,0,1,124467.5178968356,0,1,0.0,0.0,Low Risk
653,Germany,Male,56,1,96389.85625006232,1,0,0,180251.90957999483,1,5,0.99,99.0,High Risk
798,Spain,Male,91,6,215614.1615155585,4,1,0,162979.8401751327,0,0,0.01,1.0,Low Risk
440,France,Female,89,2,44168.22022181502,1,0,1,30811.01569434581,0,1,0.02,2.0,Low Risk
392,Germany,Male,37,4,103240.86086215152,1,1,0,44601.70173240773,1,5,0.99,99.0,High Risk
538,France,Female,28,10,41528.77742770686,1,1,1,13561.159522225797,0,0,0.0,0.0,Low Risk
504,Germany,Male,33,8,162092.06468936068,3,1,0,94816.64168418496,1,4,0.99,99.0,High Risk
732,Spain,Male,59,0,59579.78804985814,4,0,1,64796.40155717626,0,0,0.01,1.0,Low Risk
544,Spain,Female,69,1,95200.52634940034,4,0,1,85214.944544451,1,1,0.72,72.0,Medium Risk
616,Germany,Female,54,4,122783.41456341688,1,0,1,1742.7038287988712,1,6,1.0,100.0,High Risk
594,Germany,Female,69,3,74282.21966467056,2,0,1,144251.59042838524,0,0,0.01,1.0,Low Risk
581,Germany,Female,26,0,169975.23260665662,3,1,0,40122.33147891066,1,3,0.85,85.0,High Risk
316,Spain,Female,52,6,27812.363572098984,1,0,0,73659.49928034801,0,0,0.02,2.0,Low Risk
370,Spain,Male,84,8,219950.19118030535,1,0,0,80481.13437632807,1,10,1.0,100.0,High Risk
568,France,Male,24,0,120335.11412167973,3,0,0,13258.207173995526,0,1,0.01,1.0,Low Risk
624,Spain,Female,19,7,143203.53349633777,1,1,1,73109.29872614994,0,1,0.0,0.0,Low Risk
604,Germany,Male,42,8,155532.4193951133,4,1,0,179970.38105198383,1,9,0.98,98.0,High Risk
750,France,Male,58,1,14920.511920572391,2,1,1,178641.76105677648,0,0,0.01,1.0,Low Risk
306,Spain,Female,69,0,189247.6888833594,2,1,0,4927.736201306501,1,8,0.9,90.0,High Risk
613,Spain,Female,82,5,236485.46355085712,2,0,1,5967.6496228199285,0,1,0.01,1.0,Low Risk
402,Germany,Female,55,6,129976.99088986048,2,1,0,118797.19578779976,0,0,0.01,1.0,Low Risk
492,France,Male,84,1,97717.17725674978,1,1,0,40972.54705433765,0,0,0.0,0.0,Low Risk
828,Spain,Female,59,4,196198.9625278797,2,0,0,179703.2771346128,0,1,0.0,0.0,Low Risk
470,Spain,Male,88,4,180088.23959667576,1,0,0,96576.0141950548,0,0,0.0,0.0,Low Risk
836,Germany,Female,71,6,162743.9490908055,4,0,0,65165.34365381003,1,3,0.98,98.0,High Risk
550,France,Female,84,10,241337.85610478435,1,1,0,190655.85108433,1,6,0.97,97.0,High Risk
686,France,Female,81,0,145443.6054793869,1,1,0,63592.44711321621,1,5,1.0,100.0,High Risk
506,France,Female,21,9,62093.93598001597,1,0,1,64172.49783654821,0,1,0.0,0.0,Low Risk
840,France,Male,48,7,6191.511983056369,3,1,0,26628.09671628331,1,4,0.99,99.0,High Risk
715,Germany,Male,30,4,113365.50747044936,3,0,1,44458.18906841258,0,0,0.0,0.0,Low Risk
679,Spain,Male,44,2,163080.8892929476,3,0,1,152100.53311341046,0,1,0.0,0.0,Low Risk
443,Spain,Female,76,8,43034.78462350483,4,1,1,151951.56183949308,1,3,0.89,89.0,High Risk
324,France,Male,82,10,6440.934508586543,2,0,1,77325.90924517594,0,0,0.05,5.0,Low Risk
372,France,Male,81,2,227272.363817925,1,0,0,69881.53138698326,0,1,0.01,1.0,Low Risk
392,France,Male,42,6,75486.8569590273,1,1,1,83684.7407276675,0,1,0.0,0.0,Low Risk
804,Spain,Female,54,9,116512.35861176644,2,1,1,60174.36858061976,0,0,0.01,1.0,Low Risk
635,Spain,Male,90,6,22767.729047584035,3,1,1,121562.78665185964,0,2,0.01,1.0,Low Risk
724,France,Female,88,9,95403.32633792896,4,1,1,167318.12783499376,0,0,0.0,0.0,Low Risk
798,Germany,Female,31,7,105943.32574939451,1,0,0,1884.6285751801645,0,0,0.0,0.0,Low Risk
663,Spain,Male,41,9,225686.1342538256,2,1,0,187202.05427024077,0,0,0.04,4.0,Low Risk
498,Spain,Male,84,7,216364.3695958488,3,1,0,23599.49614106484,0,0,0.0,0.0,Low Risk
712,France,Female,65,3,47250.51032749167,4,0,1,179942.22763623492,0,1,0.0,0.0,Low Risk
638,Germany,Female,82,0,139015.55666642252,2,0,1,46719.124367790966,0,0,0.01,1.0,Low Risk
728,France,Female,55,3,182811.95103178287,2,0,0,183407.34808304557,1,5,0.99,99.0,High Risk
438,France,Male,87,5,72962.64150845628,1,0,0,157468.34353789577,1,7,1.0,100.0,High Risk
841,Germany,Female,76,9,98608.24594454742,4,1,1,53841.17479694171,0,0,0.05,5.0,Low Risk
356,Germany,Female,29,10,246220.3219732476,4,1,1,5664.97956904091,0,0,0.02,2.0,Low Risk
531,Germany,Female,71,5,189933.03393348664,3,1,1,143171.48315537075,1,5,0.99,99.0,High Risk
734,Spain,Male,68,5,109295.01568458886,3,0,1,164354.33134096465,0,1,0.01,1.0,Low Risk
683,France,Female,55,6,133520.42588329382,1,0,0,135956.02014054722,0,0,0.01,1.0,Low Risk
493,Spain,Female,63,10,156445.58868905794,4,0,1,76339.44485014156,0,0,0.01,1.0,Low Risk
833,Germany,Female,27,0,124710.13874712752,3,0,0,25487.155273416007,1,5,0.93,93.0,High Risk
817,Spain,Female,26,9,102905.0080276277,4,0,0,69416.2739229604,0,0,0.01,1.0,Low Risk
484,Germany,Female,69,0,89837.42753992358,2,1,0,53724.10777682476,0,0,0.0,0.0,Low Risk
591,Germany,Male,68,6,42245.408537895906,2,1,1,144620.7107346607,0,1,0.02,2.0,Low Risk
634,France,Male,39,3,243405.28170165335,2,0,0,31880.58979076381,0,0,0.0,0.0,Low Risk
415,France,Female,90,5,22853.17605957085,4,0,1,163910.3217563075,0,0,0.01,1.0,Low Risk
348,France,Female,89,5,150255.59805763146,1,1,1,122392.38368066374,0,2,0.34,34.0,Low Risk
381,Spain,Female,85,8,239900.61115791887,3,1,1,96518.90851969025,0,0,0.01,1.0,Low Risk
632,France,Female,22,1,93732.90426582829,1,1,0,72052.82578862051,0,0,0.0,0.0,Low Risk
634,Germany,Female,46,3,63105.33742791819,1,0,0,101503.65709262148,0,0,0.02,2.0,Low Risk
831,France,Female,23,3,238880.74495276215,1,0,0,108034.38113974304,0,1,0.02,2.0,Low Risk
520,Spain,Male,86,6,200434.8331988644,1,0,1,47404.611809096896,0,1,0.01,1.0,Low Risk
622,France,Female,75,0,163756.25884097206,3,1,0,197751.02492309985,1,2,0.78,78.0,High Risk
302,France,Female,60,4,152997.10675294284,2,1,0,181910.43616511996,0,0,0.0,0.0,Low Risk
505,France,Male,86,10,90031.53049854038,2,1,1,78165.68407217451,0,0,0.0,0.0,Low Risk
339,Spain,Male,89,3,160329.82455525687,2,0,0,50811.77671571844,0,0,0.02,2.0,Low Risk
358,Germany,Male,54,1,181256.3558134688,4,1,0,61416.00526298375,0,0,0.01,1.0,Low Risk
806,Germany,Male,75,4,7932.744139033832,4,0,0,196033.75893075104,0,1,0.07,7.0,Low Risk
421,Germany,Female,54,8,29422.5103155982,3,0,1,81418.84000293643,1,6,0.99,99.0,High Risk
778,France,Male,43,7,78777.60535967487,3,0,0,182386.90075127935,0,1,0.0,0.0,Low Risk
395,France,Male,59,8,80782.10423658136,3,0,1,11814.1467448073,0,1,0.03,3.0,Low Risk
713,Spain,Male,33,6,225128.983619666,2,1,1,155361.50191500442,0,1,0.0,0.0,Low Risk
534,Germany,Female,39,9,171126.34971247942,3,0,0,152427.5659598817,0,1,0.0,0.0,Low Risk
361,France,Female,40,6,93376.12045298595,2,1,0,130200.8099965229,0,1,0.0,0.0,Low Risk
555,France,Female,64,1,202300.53817226228,2,0,0,24232.440432176343,0,1,0.02,2.0,Low Risk
647,France,Male,84,2,80798.71786775925,1,1,0,196280.0413946793,0,1,0.02,2.0,Low Risk
423,Spain,Female,20,10,247689.03748727572,4,1,0,42563.78497419928,0,0,0.01,1.0,Low Risk
781,Germany,Male,29,9,195404.95204548156,4,0,1,141945.31899381883,1,6,0.99,99.0,High Risk
616,Spain,Male,40,7,202097.5070403769,3,0,0,150297.72467695386,0,0,0.0,0.0,Low Risk
803,Germany,Male,28,10,65243.13494131362,1,0,1,151986.1844779129,0,0,0.02,2.0,Low Risk
347,Germany,Male,69,1,36258.45622689919,3,1,0,165202.74194627025,1,3,0.77,77.0,High Risk
708,France,Female,67,6,97384.76182953888,3,1,0,197824.92492548333,0,2,0.16,16.0,Low Risk
435,France,Female,74,5,83558.93762231553,4,0,0,19207.060605695035,0,0,0.0,0.0,Low Risk
500,France,Female,81,9,192458.03502177575,1,0,1,94443.10761349776,0,0,0.0,0.0,Low Risk
549,France,Female,63,3,43572.02994491485,3,1,0,194968.35878161783,0,1,0.0,0.0,Low Risk
613,France,Male,46,10,131866.57126344432,3,0,0,176418.24187042197,1,3,0.93,93.0,High Risk
667,Germany,Male,87,3,157048.3249554807,3,0,1,198124.1704248881,1,6,0.99,99.0,High Risk
728,France,Male,63,2,96291.37146974106,2,0,0,116491.08680158372,0,0,0.01,1.0,Low Risk
779,France,Male,33,5,50151.828223129,4,0,1,134573.14445593234,0,1,0.01,1.0,Low Risk
613,Spain,Male,68,2,223916.69997563123,2,1,0,52768.03281841368,1,2,0.79,79.0,High Risk
799,Spain,Female,28,8,34710.0114290711,3,1,0,91671.45173692689,0,0,0.0,0.0,Low Risk
654,Germany,Female,28,3,75951.0934962589,1,0,0,4199.551242745582,0,3,0.28,28.0,Low Risk
784,Germany,Male,80,3,189141.84483130375,2,0,1,143946.96197731994,1,6,0.96,96.0,High Risk
510,Spain,Male,70,1,151327.88257800185,2,1,0,185176.216663346,1,4,1.0,100.0,High Risk
343,Spain,Female,75,1,182661.3873007033,3,0,1,22438.736080231236,0,0,0.0,0.0,Low Risk
840,France,Female,36,6,202191.65769743855,2,0,0,90881.04130001125,0,0,0.02,2.0,Low Risk
391,France,Male,49,4,223848.2218673441,1,1,1,124637.23785829658,0,0,0.03,3.0,Low Risk
564,Germany,Female,67,2,76141.25385127132,1,1,1,126439.32513867664,0,1,0.0,0.0,Low Risk
519,Spain,Female,89,5,118576.29007219928,4,1,0,61313.26717642479,0,0,0.01,1.0,Low Risk
741,Germany,Male,72,5,172077.53590728418,4,1,0,3966.734087065539,1,5,1.0,100.0,High Risk
700,France,Male,58,0,198686.4159521536,1,1,0,177564.16410489054,0,0,0.02,2.0,Low Risk
699,Germany,Female,87,2,144454.19097323722,1,1,0,18364.49522455331,0,0,0.0,0.0,Low Risk
789,Germany,Female,38,4,128437.04448916316,2,1,0,35544.17053668051,0,0,0.02,2.0,Low Risk
784,Germany,Male,43,10,172940.8863962468,4,0,1,192557.82567759597,0,1,0.03,3.0,Low Risk
769,France,Female,18,10,95507.2477334471,2,0,1,100079.6502535173,0,1,0.0,0.0,Low Risk
744,Germany,Female,44,6,223426.07404140045,1,1,1,174808.6459639177,0,1,0.02,2.0,Low Risk
568,France,Female,67,3,53054.73387998208,4,0,1,179390.1413967993,0,0,0.0,0.0,Low Risk
566,Spain,Male,83,7,221001.05249695425,2,1,0,197888.76283701963,1,5,0.93,93.0,High Risk
353,Germany,Female,82,2,160904.17494326676,4,1,1,8149.871531165973,1,6,0.98,98.0,High Risk
827,Germany,Female,27,5,150164.61358283323,3,1,1,10609.508381578791,0,1,0.02,2.0,Low Risk
819,France,Male,54,5,117488.7158621714,3,0,0,38152.50933458277,0,1,0.01,1.0,Low Risk
358,Germany,Male,86,8,38686.51067350851,3,1,1,131283.09621040718,0,1,0.01,1.0,Low Risk
339,France,Female,58,3,216233.53509257044,3,1,1,52400.56060792798,0,1,0.01,1.0,Low Risk
536,Germany,Male,63,6,13133.48959992705,3,0,0,99130.04195672086,0,1,0.0,0.0,Low Risk
685,Spain,Male,62,9,67491.41673691606,4,1,1,157273.62964329118,0,0,0.0,0.0,Low Risk
599,Spain,Female,44,0,27426.6867428396,1,0,1,37166.502215061715,0,0,0.0,0.0,Low Risk
694,Spain,Male,82,10,26708.827975285843,2,0,1,57184.053462059645,0,1,0.04,4.0,Low Risk
506,Germany,Female,25,0,97605.69130060634,1,1,0,145507.85271851928,1,1,0.58,58.0,Medium Risk
635,Germany,Female,84,1,40106.42336966466,1,1,0,1547.0975603156726,0,0,0.07,7.0,Low Risk
813,Spain,Male,66,3,145346.4465136907,1,0,0,151478.51338953423,1,8,1.0,100.0,High Risk
477,Spain,Female,31,5,156789.73490994287,2,1,1,135258.87017561658,0,0,0.0,0.0,Low Risk
695,France,Female,79,3,220523.4318542803,3,1,1,25925.917564713174,0,1,0.01,1.0,Low Risk
670,France,Female,60,5,74916.9816350036,4,1,1,48779.19592672921,0,0,0.0,0.0,Low Risk
617,Spain,Female,44,1,77294.5958510714,4,0,0,3090.708640758432,0,2,0.06,6.0,Low Risk
668,Spain,Female,44,8,61592.18120516863,1,1,1,116286.8350896704,0,2,0.07,7.0,Low Risk
683,Germany,Male,85,10,195452.58298789136,4,1,0,79424.70057561756,1,5,1.0,100.0,High Risk
361,Spain,Male,65,2,107015.0200466396,2,1,0,84692.39882739227,0,1,0.04,4.0,Low Risk
804,France,Female,84,6,138105.50333812315,1,0,0,20645.956634022932,0,0,0.02,2.0,Low Risk
538,France,Female,42,0,93654.37781847152,2,1,1,70468.3250655206,0,0,0.0,0.0,Low Risk
494,France,Male,81,7,39203.23236832271,1,0,0,183800.45317529544,0,1,0.0,0.0,Low Risk
521,France,Female,41,3,25632.42720525982,3,0,1,12956.615836997104,0,0,0.0,0.0,Low Risk
360,France,Female,26,10,217068.3665808253,4,0,1,194991.87558995443,0,0,0.01,1.0,Low Risk
428,France,Female,25,4,66370.42041448741,4,0,1,169603.4476672594,0,1,0.0,0.0,Low Risk
455,Spain,Male,76,6,235404.9788877642,2,0,1,40605.948088237135,1,8,0.98,98.0,High Risk
677,France,Female,34,2,236823.36031998825,4,0,1,141087.32558216315,0,0,0.0,0.0,Low Risk
736,France,Male,60,8,119730.3892932396,1,0,1,18198.402533061228,0,0,0.01,1.0,Low Risk
506,France,Female,85,8,239647.05663380996,3,0,1,31941.548867194462,0,2,0.06,6.0,Low Risk
687,France,Female,21,7,7121.804089269962,4,0,0,97597.35881150748,0,1,0.01,1.0,Low Risk
779,Spain,Male,25,0,22912.644936352975,3,1,0,80097.20891991309,0,0,0.02,2.0,Low Risk
639,Germany,Male,59,1,60827.41998705321,2,0,0,163007.59455688292,1,4,0.99,99.0,High Risk
639,Germany,Female,66,1,52298.35041100081,3,0,1,187851.60109464475,0,1,0.02,2.0,Low Risk
503,Germany,Female,23,2,63159.46130995578,4,1,0,188563.65311719512,0,0,0.01,1.0,Low Risk
460,Germany,Female,90,1,113073.5826098192,4,1,0,29409.11190725425,0,2,0.13,13.0,Low Risk
839,France,Male,59,0,15730.33833272122,2,0,0,137248.75387714567,1,6,0.99,99.0,High Risk
691,Germany,Female,89,10,138847.07092458702,2,1,1,114161.6787888861,0,1,0.0,0.0,Low Risk
833,Germany,Male,49,4,77363.55626931587,3,1,0,74052.36185390678,0,0,0.04,4.0,Low Risk
369,Spain,Female,32,5,17886.88303627145,3,0,0,198965.75414344895,0,1,0.04,4.0,Low Risk
704,Spain,Female,86,6,188302.31722643512,2,0,1,91214.46737653708,0,0,0.0,0.0,Low Risk
816,Spain,Female,44,9,163357.44231553268,4,0,1,133069.61549036225,0,0,0.0,0.0,Low Risk
419,France,Female,83,6,198357.51624159905,3,0,1,100573.31246918236,0,0,0.0,0.0,Low Risk
516,France,Female,76,1,234808.4895866121,2,0,0,20589.75837479185,0,0,0.0,0.0,Low Risk
355,France,Female,45,6,146441.31096302057,3,0,1,28228.636341313613,0,0,0.0,0.0,Low Risk
665,Spain,Female,41,1,196679.0005883423,2,0,0,150031.15072615157,1,6,0.96,96.0,High Risk
803,Germany,Male,68,1,49795.677094716,4,0,1,160338.75504023398,0,0,0.04,4.0,Low Risk
754,Spain,Female,38,5,102591.73894378512,3,0,1,72769.98465187263,0,0,0.0,0.0,Low Risk
403,France,Female,48,5,132517.7468739034,3,1,0,13401.160641763065,0,0,0.02,2.0,Low Risk
376,Spain,Female,67,7,135303.45150101467,1,1,0,191401.515167858,0,0,0.0,0.0,Low Risk
529,Germany,Female,57,4,179584.3283617946,1,1,1,99419.5086487434,0,0,0.02,2.0,Low Risk
557,France,Male,85,4,198985.25642053105,4,1,1,26838.323511131213,1,4,0.99,99.0,High Risk
563,Germany,Male,33,9,166713.23169850398,2,1,0,39699.97709759039,0,1,0.01,1.0,Low Risk
630,Germany,Female,80,0,11811.372337162396,1,0,0,9081.583450699234,1,6,0.98,98.0,High Risk
481,France,Female,73,3,87804.19053034914,1,0,1,141974.07807221962,0,0,0.0,0.0,Low Risk
849,Germany,Male,41,0,143109.75511190898,4,0,0,140821.7773767531,1,5,0.95,95.0,High Risk
326,Spain,Male,45,9,126967.3650142796,2,0,0,120504.85554289832,0,0,0.0,0.0,Low Risk
575,Germany,Male,48,4,11199.24187885804,4,1,0,109264.59354964049,0,0,0.01,1.0,Low Risk
598,Germany,Female,32,7,245159.14226322,3,0,0,76304.3628245073,1,5,0.98,98.0,High Risk
390,Germany,Male,59,0,239026.38181016268,3,0,0,190127.2116004121,1,3,0.92,92.0,High Risk
779,Spain,Male,67,2,193440.4481385406,2,1,0,160106.2409928282,1,5,0.99,99.0,High Risk
757,Germany,Female,22,0,13838.309907043822,1,0,0,181525.270217646,0,1,0.04,4.0,Low Risk
750,Germany,Female,65,5,107551.95887686488,4,1,1,62338.74218630782,0,1,0.0,0.0,Low Risk
664,Spain,Female,30,9,102442.38819220988,4,0,1,195656.95465267173,1,1,0.67,67.0,Medium Risk
650,France,Male,49,0,139506.50428119514,3,1,0,33078.40619710158,1,4,0.97,97.0,High Risk
699,France,Male,84,9,13982.114466451285,4,1,0,11263.943832887428,0,0,0.0,0.0,Low Risk
552,France,Male,47,2,105914.1614995943,1,0,0,63974.89322107738,1,6,1.0,100.0,High Risk
758,Germany,Male,23,4,189459.82924941112,2,0,0,40265.369629528024,0,1,0.0,0.0,Low Risk
798,France,Female,42,4,249501.9873918721,4,0,0,103509.52959356304,0,0,0.01,1.0,Low Risk
807,Spain,Male,45,1,148860.80353673836,1,0,0,70046.35083129759,0,1,0.0,0.0,Low Risk
603,Germany,Female,79,2,235153.07780950153,2,0,1,34357.50483162818,1,5,1.0,100.0,High Risk
800,Germany,Male,39,8,249634.62029657423,4,1,0,168853.22111606027,0,0,0.06,6.0,Low Risk
465,Germany,Male,85,0,108695.48197917252,4,1,0,101599.0245284536,1,4,1.0,100.0,High Risk
714,France,Male,32,0,167172.6078616742,2,1,0,21914.89237538083,0,0,0.0,0.0,Low Risk
761,France,Female,43,1,53303.78039986786,4,1,0,15075.87138071251,1,7,0.97,97.0,High Risk
413,France,Male,80,7,118911.61094040844,4,0,0,76642.25841733237,1,5,1.0,100.0,High Risk
732,Germany,Female,35,5,19602.88575092245,4,1,0,181597.50201471112,0,0,0.02,2.0,Low Risk
655,Spain,Female,90,3,7287.444626604383,3,0,0,101604.89992003774,0,1,0.02,2.0,Low Risk
506,Germany,Female,80,6,223229.83375116964,2,1,0,27835.686845157405,0,0,0.0,0.0,Low Risk
534,Spain,Female,79,5,214600.08290614348,3,0,0,49333.98888191483,0,0,0.0,0.0,Low Risk
741,Germany,Male,85,8,78016.16456444435,2,0,1,9905.482404610755,0,0,0.01,1.0,Low Risk
654,Spain,Male,65,5,114238.2609275167,3,0,0,166369.73849895704,0,1,0.01,1.0,Low Risk
814,Germany,Female,67,1,123402.57603305354,4,0,1,189210.99388972105,0,0,0.01,1.0,Low Risk
507,Germany,Female,80,2,130175.28080170382,1,1,0,15571.983535217842,0,0,0.0,0.0,Low Risk
424,Spain,Male,86,8,33642.75112620355,2,1,0,34604.46815111627,0,0,0.03,3.0,Low Risk
437,Spain,Male,23,6,193764.69042518747,1,1,1,34222.06992679623,0,0,0.0,0.0,Low Risk
638,Spain,Female,75,5,86953.92313880935,2,1,1,160743.20378261985,1,6,0.99,99.0,High Risk
836,Spain,Male,68,4,7923.795307485687,2,1,1,167856.06758155144,0,1,0.01,1.0,Low Risk
367,Spain,Male,29,2,169140.380667462,4,1,0,83860.54502123018,0,0,0.0,0.0,Low Risk
840,Spain,Male,64,3,207469.3740250636,2,0,0,193866.3696671229,0,0,0.03,3.0,Low Risk
682,Spain,Female,26,0,229531.6966767121,4,1,0,51902.75704732994,0,0,0.0,0.0,Low Risk
318,Spain,Female,24,4,168601.3301592799,4,0,0,105028.79145387856,0,0,0.0,0.0,Low Risk
749,Germany,Female,46,6,47819.754276460066,4,0,1,199257.73300886655,0,0,0.08,8.0,Low Risk
373,Spain,Female,68,1,147445.13286001328,3,0,1,165422.49630536238,0,0,0.0,0.0,Low Risk
575,Spain,Female,72,10,227940.49579030232,3,1,1,97442.06066784164,0,0,0.0,0.0,Low Risk
347,Germany,Male,76,7,87640.02440829044,4,0,1,21714.035159804516,1,11,1.0,100.0,High Risk
510,Germany,Male,73,9,238337.68044348527,1,1,0,180871.3620843056,1,4,0.99,99.0,High Risk
839,France,Male,39,5,24419.76793119732,1,1,0,108429.74156233258,0,0,0.01,1.0,Low Risk
490,France,Female,35,9,182013.18597638624,2,1,1,61676.408315535155,0,0,0.0,0.0,Low Risk
614,Spain,Male,75,2,29977.79312426674,1,0,1,90249.24103797218,0,1,0.01,1.0,Low Risk
412,Spain,Female,57,1,199718.82572628892,2,0,1,62192.535268218475,0,1,0.01,1.0,Low Risk
469,France,Female,48,7,24413.915961442905,2,1,1,110215.5875990477,0,0,0.02,2.0,Low Risk
767,France,Female,73,3,81431.26001621944,2,1,1,54594.430106273845,1,6,0.99,99.0,High Risk
313,Spain,Female,52,6,194215.42855345111,3,0,0,89202.25236985802,1,2,0.79,79.0,High Risk
587,France,Female,43,6,115048.31769358678,4,1,0,85257.79000762598,0,2,0.02,2.0,Low Risk
488,Spain,Female,85,9,220671.6177535965,1,1,0,123217.68001373972,0,0,0.01,1.0,Low Risk
454,Germany,Male,51,8,100434.46551435645,4,0,0,2843.062146225553,0,1,0.01,1.0,Low Risk
770,Germany,Female,33,9,248739.5300721377,4,1,1,119754.25235741936,0,0,0.02,2.0,Low Risk
374,France,Male,59,7,4668.698265079957,3,1,1,118626.82409525337,0,0,0.02,2.0,Low Risk
576,Germany,Female,22,7,174015.5515210719,2,1,0,78463.73341276268,1,8,0.98,98.0,High Risk
642,Germany,Male,78,6,228971.90696466953,4,1,1,49387.40911035843,0,0,0.01,1.0,Low Risk
724,Germany,Female,61,9,133996.61825312965,2,1,0,167851.8729877653,0,2,0.13,13.0,Low Risk
810,Germany,Female,52,4,247127.30968191163,3,1,1,68963.2364983576,1,5,0.99,99.0,High Risk
481,Spain,Male,18,8,177006.1253177342,4,1,0,62352.767519682864,0,0,0.01,1.0,Low Risk
757,Spain,Female,60,10,107381.57354752,1,0,1,92638.76127316736,0,1,0.01,1.0,Low Risk
363,France,Female,49,6,128844.34444241007,4,0,1,55605.191762149974,1,6,0.99,99.0,High Risk
559,Germany,Male,80,10,219367.3904140036,3,1,0,166154.36086227972,0,0,0.0,0.0,Low Risk
492,Germany,Male,50,2,239395.87456853848,3,0,1,112993.9690208764,1,3,0.91,91.0,High Risk
705,Germany,Female,83,5,138971.56809928874,4,1,0,150878.27886995437,0,0,0.0,0.0,Low Risk
392,France,Male,47,2,76787.56139660145,1,1,0,149078.99912622684,1,6,0.97,97.0,High Risk
729,Spain,Male,27,5,59831.27540028757,2,0,1,157643.57992640836,0,1,0.0,0.0,Low Risk
733,Germany,Female,40,7,119262.05242511805,4,0,0,173842.47782684566,0,0,0.0,0.0,Low Risk
703,Spain,Male,56,8,74084.641663556,4,1,1,183893.59782594343,1,3,0.85,85.0,High Risk
733,France,Female,62,1,105209.18093156836,1,0,1,76727.97623458333,1,5,0.97,97.0,High Risk
411,Spain,Male,46,5,208616.70126637333,1,0,1,88749.06507808437,1,4,0.97,97.0,High Risk
674,Germany,Female,47,2,117996.89646989077,3,0,1,10021.278430938772,0,1,0.04,4.0,Low Risk
358,Spain,Female,51,6,160219.72251403783,2,1,1,185142.01845828496,0,2,0.1,10.0,Low Risk
342,Spain,Female,69,10,22526.70964318626,2,1,0,117433.17046880176,0,0,0.02,2.0,Low Risk
506,France,Male,39,3,190531.80742540077,4,0,1,142465.77251716694,0,1,0.0,0.0,Low Risk
595,France,Female,22,4,120726.06065572875,2,1,0,87206.69089491265,1,7,0.96,96.0,High Risk
417,France,Male,28,9,90235.6344924236,3,1,0,94774.84541920984,0,0,0.0,0.0,Low Risk
831,France,Female,49,5,152747.35710680857,3,0,1,108639.8587242298,0,2,0.09,9.0,Low Risk
521,Spain,Female,41,10,25496.4481435139,1,1,0,159073.4024157906,0,1,0.0,0.0,Low Risk
465,Spain,Female,28,7,103499.66310679023,1,0,1,122597.58851329032,0,3,0.2,20.0,Low Risk
455,France,Male,28,1,202743.10775478583,3,0,0,162243.95268378736,0,1,0.02,2.0,Low Risk
483,France,Female,34,3,65516.01316029801,1,0,0,43345.04065526789,0,2,0.02,2.0,Low Risk
389,Germany,Female,49,10,228524.034023808,3,1,0,41175.71262711975,1,5,0.99,99.0,High Risk
393,Germany,Male,44,3,150910.89986247467,1,1,0,41370.65135113157,0,1,0.0,0.0,Low Risk
312,France,Female,49,5,135195.9126949058,4,1,1,978.7209790700164,1,4,0.93,93.0,High Risk
737,Spain,Female,78,3,99892.75017874473,2,1,0,35820.938494691654,0,2,0.17,17.0,Low Risk
837,France,Male,42,10,185499.86120222372,3,1,1,23758.195151831376,0,0,0.0,0.0,Low Risk
449,Spain,Male,81,4,141116.9151250504,1,0,0,90756.33450246732,1,6,0.99,99.0,High Risk
307,Spain,Male,81,4,199135.5690449137,3,0,1,25456.87033508478,0,1,0.1,10.0,Low Risk
328,Germany,Female,45,7,82919.72955118332,4,1,0,83176.17795651886,1,6,0.99,99.0,High Risk
595,France,Male,57,3,175503.6048767346,3,1,1,199900.62801792967,0,0,0.05,5.0,Low Risk
639,France,Female,31,5,235860.66828434204,1,1,1,100678.37720736027,0,1,0.0,0.0,Low Risk
738,Spain,Female,59,6,69979.69931764265,1,0,1,184930.18753499305,0,0,0.0,0.0,Low Risk
443,France,Male,56,7,245250.41909074693,3,1,1,140384.63606280714,0,0,0.0,0.0,Low Risk
818,Germany,Male,19,8,102631.81338367992,3,1,1,178865.2028308682,0,0,0.01,1.0,Low Risk
344,Germany,Female,18,9,9633.086925565054,1,1,1,125119.8796841762,0,0,0.0,0.0,Low Risk
538,France,Male,49,7,89425.2980826041,4,1,0,162020.80780646377,1,2,0.78,78.0,High Risk
454,France,Male,81,3,37410.58016061808,4,0,0,60567.04452332924,0,0,0.0,0.0,Low Risk
480,Germany,Female,48,3,76071.34357300075,4,1,1,74388.06267637335,1,10,0.99,99.0,High Risk
514,France,Male,75,9,23992.40433510394,2,1,1,192052.35925435583,1,7,1.0,100.0,High Risk
387,Spain,Male,31,10,44550.90137665915,2,1,0,53514.08337300371,0,0,0.0,0.0,Low Risk
555,France,Male,86,4,31674.738560697275,2,0,1,84280.18983561173,0,0,0.0,0.0,Low Risk
810,Spain,Female,33,2,10869.072988614282,3,1,0,130235.24754671536,0,2,0.09,9.0,Low Risk
372,France,Male,86,1,74046.59319638276,2,0,1,78486.71486492106,0,0,0.0,0.0,Low Risk
478,France,Male,71,1,235240.00614616423,3,1,1,4198.797716377911,0,3,0.24,24.0,Low Risk
511,Germany,Female,30,8,237348.3178640068,4,1,0,158448.15771536058,1,5,0.99,99.0,High Risk
533,Spain,Female,48,7,211661.62411924172,1,1,1,67136.45831892734,0,0,0.0,0.0,Low Risk
764,Germany,Female,86,5,3035.1306155580737,2,1,0,45540.67955493127,0,1,0.03,3.0,Low Risk
522,France,Female,38,8,7030.867354479054,1,1,1,101118.08599394507,0,0,0.0,0.0,Low Risk
563,Germany,Male,47,4,2589.3578427053367,2,0,1,1696.4233758832615,0,1,0.02,2.0,Low Risk
506,France,Female,40,9,91660.02137653608,2,1,1,172779.996721439,0,0,0.0,0.0,Low Risk
665,France,Female,55,0,245064.49037178024,1,0,0,52277.37876696623,0,0,0.03,3.0,Low Risk
575,France,Male,46,7,224209.45371452955,4,1,1,184550.13464651784,1,11,0.99,99.0,High Risk
679,Spain,Female,49,2,62633.765028546,4,1,0,135554.57118634105,0,0,0.0,0.0,Low Risk
608,Spain,Female,79,8,102548.71646473146,4,1,0,109734.27886507651,1,11,0.98,98.0,High Risk
567,Spain,Male,62,10,206107.09102163167,1,1,0,161253.02332727384,1,5,1.0,100.0,High Risk
363,Germany,Female,66,0,189645.87796777676,3,1,0,198651.36206538687,1,4,0.96,96.0,High Risk
649,France,Female,50,2,33154.50918373206,1,1,1,50249.29041955607,1,2,0.71,71.0,Medium Risk
793,Germany,Male,21,0,26944.218632419164,3,0,0,71025.67150521114,1,3,0.87,87.0,High Risk
822,Germany,Male,35,0,135930.13210321928,4,1,0,96890.06588596,0,2,0.07,7.0,Low Risk
397,France,Male,87,5,25527.95461996765,3,1,1,107900.1352890398,1,6,1.0,100.0,High Risk
370,Germany,Male,81,3,206254.66813017984,4,0,1,110598.59497773684,0,0,0.01,1.0,Low Risk
663,France,Male,45,9,63331.64742769498,4,1,1,109799.01124423748,0,0,0.0,0.0,Low Risk
575,France,Male,75,3,47082.43964806619,4,1,1,165650.0409851657,0,0,0.03,3.0,Low Risk
349,France,Male,73,4,46417.87168358066,4,1,0,80926.08165011712,1,7,1.0,100.0,High Risk
657,France,Male,37,2,11307.881325289232,1,0,0,2204.131788579093,0,1,0.05,5.0,Low Risk
784,Germany,Male,51,1,160458.70491272275,2,0,0,175139.97370106907,0,0,0.02,2.0,Low Risk
383,Germany,Male,27,9,41124.00700970506,2,1,1,132453.8147148609,0,0,0.0,0.0,Low Risk
595,Germany,Male,39,7,58334.4944318136,2,1,1,37904.41057327931,0,0,0.01,1.0,Low Risk
535,Spain,Male,22,10,187826.5091238416,1,1,0,5929.883161552183,0,1,0.0,0.0,Low Risk
355,Germany,Female,61,6,14370.313853180884,4,1,1,63162.81365486305,0,0,0.03,3.0,Low Risk
659,Germany,Male,26,9,50686.27816796867,4,0,0,24898.30230297426,0,0,0.02,2.0,Low Risk
409,Spain,Male,60,3,37337.13007623382,4,1,1,179366.13222412806,0,0,0.0,0.0,Low Risk
491,France,Male,21,1,1212.2533023889714,2,0,1,55580.49045090548,0,0,0.0,0.0,Low Risk
392,France,Male,59,8,134835.53712768003,4,0,1,141136.1614089566,0,1,0.0,0.0,Low Risk
359,France,Male,82,7,47508.49972336582,3,0,0,131601.2526802723,0,1,0.03,3.0,Low Risk
338,Spain,Female,58,3,158226.62594642537,1,0,1,142797.84680554576,0,0,0.01,1.0,Low Risk
839,Germany,Female,81,10,125444.8911159303,4,0,1,106013.15132550556,1,4,0.99,99.0,High Risk
348,Germany,Female,72,4,166969.51318746866,4,1,0,145938.85905384872,0,0,0.0,0.0,Low Risk
719,Germany,Female,35,9,245391.08482318497,4,1,0,102483.29745391745,0,2,0.04,4.0,Low Risk
312,Germany,Male,33,5,54968.51265727573,3,1,0,75527.65664984126,0,1,0.02,2.0,Low Risk
335,Spain,Female,63,3,166469.2862315102,4,1,1,171689.64736834585,0,0,0.01,1.0,Low Risk
400,Germany,Female,53,1,208402.7180919774,2,0,1,91750.6531905716,1,5,0.99,99.0,High Risk
385,France,Male,83,4,239346.5569700208,4,1,0,113611.73682058796,0,0,0.02,2.0,Low Risk
815,Spain,Female,61,10,155583.58399541024,2,1,1,93006.41657014888,1,6,1.0,100.0,High Risk
522,Spain,Female,22,0,32708.505251938637,2,1,0,155101.97732253902,0,1,0.03,3.0,Low Risk
637,France,Male,46,6,13461.976477477769,4,0,1,107955.41018029572,0,0,0.0,0.0,Low Risk
465,France,Male,21,8,69628.28473111746,3,1,1,94161.10811882198,0,0,0.0,0.0,Low Risk
682,Germany,Female,66,2,232039.32560296037,2,1,1,51572.49317887613,0,0,0.01,1.0,Low Risk
675,France,Male,89,5,134232.95732095267,4,1,0,182309.2333567184,0,0,0.02,2.0,Low Risk
770,Spain,Female,25,8,144826.38465871458,4,0,0,172635.40976275856,0,0,0.02,2.0,Low Risk
330,Spain,Male,69,10,152650.63211664493,3,0,1,86304.41717386438,0,1,0.02,2.0,Low Risk
674,Spain,Female,86,3,83053.81255172065,4,1,0,131947.28393851596,0,1,0.05,5.0,Low Risk
310,Germany,Female,38,5,45397.72154146407,1,1,0,101627.54627551344,1,2,0.68,68.0,Medium Risk
601,Germany,Female,44,2,238560.42329067903,1,1,1,35244.91264800527,0,1,0.03,3.0,Low Risk
395,France,Male,55,8,188846.268255702,1,0,1,75212.06543927266,0,0,0.01,1.0,Low Risk
489,Germany,Male,22,6,127762.53056973558,4,1,0,170645.0096790478,0,0,0.0,0.0,Low Risk
752,Germany,Female,78,6,94176.29241053246,2,0,0,159489.63557618685,1,6,1.0,100.0,High Risk
491,Spain,Male,25,3,120693.06893588552,3,1,1,20507.233449949726,1,6,0.91,91.0,High Risk
785,Spain,Male,35,5,8416.299125270616,4,0,1,15073.516582264694,0,0,0.0,0.0,Low Risk
565,France,Female,21,10,61873.37676627963,2,1,1,170704.8131559514,0,1,0.0,0.0,Low Risk
723,Spain,Male,21,10,62676.50144529782,4,0,1,179862.64794185036,0,0,0.01,1.0,Low Risk
427,Germany,Male,54,7,111336.8350058502,1,0,1,58853.68663652013,0,3,0.34,34.0,Low Risk
537,France,Female,32,5,59067.30239100644,1,0,0,69863.81184276594,0,0,0.0,0.0,Low Risk
654,France,Female,55,5,46364.28952103425,2,1,0,67167.20330284016,0,1,0.01,1.0,Low Risk
411,Spain,Male,44,3,191381.9393601695,2,0,0,25402.40662305381,0,0,0.0,0.0,Low Risk
745,Spain,Male,65,7,223376.3538722045,2,1,0,149004.67135224244,0,0,0.0,0.0,Low Risk
642,Spain,Male,63,9,16784.989886205083,3,1,0,74023.49969010307,0,0,0.01,1.0,Low Risk
444,France,Female,63,7,52413.4542567459,2,0,1,167247.0677576428,0,0,0.0,0.0,Low Risk
364,Spain,Male,65,8,193421.70138487237,1,0,1,175705.06517833887,0,0,0.01,1.0,Low Risk
546,Germany,Male,76,5,203958.69740895455,1,0,1,182559.5605853081,0,0,0.04,4.0,Low Risk
789,France,Male,21,1,125040.02552078276,3,1,1,163590.24319156408,0,1,0.0,0.0,Low Risk
738,Spain,Male,36,3,173720.70176798743,4,1,0,157784.2567322265,0,1,0.01,1.0,Low Risk
405,Germany,Male,74,3,19400.076747486753,2,0,0,89903.09273745757,0,1,0.08,8.0,Low Risk
480,Germany,Male,36,7,212382.18237204623,3,1,0,5399.22471309249,0,1,0.02,2.0,Low Risk
483,Spain,Female,59,4,208182.189104727,4,0,1,22421.40254460536,1,4,0.99,99.0,High Risk
525,Germany,Female,22,3,173350.51176667665,4,0,0,106179.76252713671,0,0,0.0,0.0,Low Risk
388,France,Female,65,7,229081.74337757376,2,1,1,72011.50644407087,0,0,0.0,0.0,Low Risk
829,France,Male,42,2,11908.565862204625,1,0,1,165818.06531258754,0,2,0.07,7.0,Low Risk
670,Germany,Male,84,1,57740.87613195186,2,0,0,112632.34669134556,1,7,1.0,100.0,High Risk
698,France,Female,43,3,90636.34026413356,2,1,1,19775.734010646327,0,0,0.0,0.0,Low Risk
405,Spain,Female,91,10,39647.2185206555,1,1,0,95711.43396390456,0,1,0.06,6.0,Low Risk
570,Germany,Female,79,0,203706.9153373697,1,0,0,164394.3964544946,0,0,0.01,1.0,Low Risk
802,France,Female,24,0,189298.30575443376,1,1,1,172617.60119115762,0,0,0.0,0.0,Low Risk
824,Spain,Female,61,4,193313.10861607615,4,0,1,33219.79996020028,0,0,0.03,3.0,Low Risk
331,Spain,Male,44,10,72823.36817703955,4,1,1,20068.94767546026,0,1,0.0,0.0,Low Risk
692,France,Male,59,0,190671.57726721984,2,0,0,77404.2472894747,0,1,0.02,2.0,Low Risk
339,Germany,Male,90,3,30764.348565883694,3,1,0,13112.433959504844,1,3,0.93,93.0,High Risk
517,Spain,Male,73,7,26700.12120318643,2,1,0,145274.63858311268,0,0,0.0,0.0,Low Risk
381,Spain,Male,20,7,146014.34171223172,3,1,0,89512.06303228701,0,0,0.0,0.0,Low Risk
500,Spain,Female,30,1,12167.164690449956,2,0,1,39652.56882343781,0,0,0.0,0.0,Low Risk
746,Spain,Female,87,2,234662.6484018677,2,1,1,20502.76158534874,0,1,0.04,4.0,Low Risk
727,Germany,Male,76,2,82211.60138425179,2,0,1,185471.14038718175,1,8,0.98,98.0,High Risk
337,France,Female,55,0,119258.15174547114,4,0,0,8621.536600282812,0,0,0.04,4.0,Low Risk
510,France,Male,85,10,203307.30904332083,2,0,0,19584.699709631823,0,0,0.0,0.0,Low Risk
743,France,Male,86,2,100013.21611025788,3,0,0,46854.89746440603,0,0,0.02,2.0,Low Risk
626,Spain,Female,18,7,107661.3321797138,4,1,1,18943.13138323003,0,1,0.0,0.0,Low Risk
526,Germany,Male,67,5,86985.9925494145,2,0,1,128860.3945072193,1,3,0.94,94.0,High Risk
347,France,Male,90,4,87930.86076524331,1,1,0,43651.60328843591,1,3,0.82,82.0,High Risk
317,Germany,Male,26,9,116988.82845875474,4,0,1,95991.2090065774,0,0,0.0,0.0,Low Risk
738,France,Female,70,8,236482.13809286445,1,1,0,172050.02442114466,0,0,0.0,0.0,Low Risk
486,Spain,Female,27,6,234004.53014719125,2,1,0,164956.1605449545,0,0,0.0,0.0,Low Risk
644,France,Male,46,5,136290.41532722485,3,0,1,29257.319843991303,1,2,0.18,18.0,Low Risk
523,Spain,Male,53,4,113989.94949876216,1,1,0,17755.370825719627,1,4,0.99,99.0,High Risk
787,Spain,Female,44,4,202040.28814215073,1,0,0,132853.61040829582,0,3,0.75,75.0,Medium Risk
528,France,Female,35,9,170232.2892341537,4,1,1,42068.934469422704,0,0,0.0,0.0,Low Risk
689,Germany,Female,35,8,220390.85053028524,1,0,1,156292.65773369177,0,0,0.0,0.0,Low Risk
487,Spain,Female,26,9,182652.96032216903,2,0,0,86903.37568699509,0,0,0.0,0.0,Low Risk
569,Germany,Male,84,5,238086.0804576631,4,0,0,30912.41770497079,1,4,0.99,99.0,High Risk
609,France,Male,24,10,221561.43515924076,1,1,1,194843.50055231512,0,1,0.01,1.0,Low Risk
431,Spain,Male,75,3,213812.2945424184,3,1,1,11132.283621757451,0,1,0.01,1.0,Low Risk
371,Germany,Female,47,3,97887.03245425252,4,1,0,24867.613984754746,1,0,0.62,62.0,Medium Risk
486,Spain,Female,90,3,96553.08417222864,3,1,0,162409.2748254866,1,2,0.34,34.0,Low Risk
785,France,Male,78,10,185300.70996055187,3,0,1,90542.51885271174,0,1,0.03,3.0,Low Risk
490,Spain,Female,34,5,20937.25156194459,4,1,0,187610.9669453706,0,1,0.0,0.0,Low Risk
721,France,Male,70,0,80553.61365777277,1,1,0,22606.655520532528,0,0,0.01,1.0,Low Risk
419,Germany,Female,23,8,233055.95946014285,1,1,1,31405.174739732953,0,0,0.02,2.0,Low Risk
519,Spain,Male,56,1,112525.30644968848,3,1,0,374.8727829764819,0,1,0.01,1.0,Low Risk
352,Germany,Male,42,1,67474.5622935347,1,0,1,43430.97694452619,0,0,0.01,1.0,Low Risk
750,France,Male,59,4,119113.05045433564,4,1,1,131455.53881707217,0,1,0.01,1.0,Low Risk
711,France,Male,59,10,72147.40269120842,3,1,0,144668.8551856368,0,1,0.02,2.0,Low Risk
536,Germany,Female,76,3,192065.22303135105,2,0,1,85993.60006601665,0,0,0.0,0.0,Low Risk
705,Germany,Male,55,2,212651.27172859656,2,1,1,51479.07376134054,0,0,0.01,1.0,Low Risk
721,France,Male,48,4,195664.56182377777,2,0,1,143268.78839934542,1,4,0.99,99.0,High Risk
546,Germany,Male,46,6,37261.76418899288,1,1,0,34530.22292711444,0,0,0.01,1.0,Low Risk
371,France,Male,26,9,84014.29141558411,2,1,1,153419.50951812512,0,0,0.0,0.0,Low Risk
484,Germany,Female,18,1,53492.75499827863,2,1,0,157320.07009444415,0,0,0.0,0.0,Low Risk
305,France,Male,89,5,10699.779701646234,3,0,1,88220.42239185519,0,1,0.02,2.0,Low Risk
505,France,Male,64,3,184793.85616889969,4,0,1,38729.56308911399,1,4,0.96,96.0,High Risk
843,Spain,Female,27,1,107089.89535572588,3,0,1,125978.48049573864,0,1,0.01,1.0,Low Risk
686,France,Male,33,0,69155.7721619952,3,1,1,170692.35272297298,0,0,0.0,0.0,Low Risk
375,France,Male,64,7,76881.87704789714,2,1,1,105906.16786935044,0,0,0.0,0.0,Low Risk
476,Spain,Male,60,4,33754.11592769239,3,0,0,92218.97684336104,0,2,0.08,8.0,Low Risk
648,Spain,Male,41,9,206690.15835572753,2,1,0,195844.98590289167,0,1,0.01,1.0,Low Risk
554,Germany,Female,25,1,35981.12145967233,1,0,1,107489.73793185804,0,0,0.0,0.0,Low Risk
607,Germany,Female,43,7,84579.0718493881,2,0,1,6852.94086238992,0,1,0.02,2.0,Low Risk
644,France,Female,24,2,1846.9835843609171,4,1,0,100414.97809528832,0,1,0.01,1.0,Low Risk
426,Germany,Female,32,6,109102.88256201622,3,1,1,89059.82201321634,0,2,0.09,9.0,Low Risk
586,Germany,Female,65,1,88700.14244072222,4,0,1,58427.879064287365,0,0,0.0,0.0,Low Risk
786,France,Female,20,6,179775.50174246344,4,0,0,63477.516581226264,0,1,0.0,0.0,Low Risk
682,Spain,Male,33,3,178828.40793687396,3,1,1,186165.7709506058,0,0,0.0,0.0,Low Risk
705,Spain,Male,31,9,9657.807986510696,3,1,0,26728.05166522025,0,0,0.01,1.0,Low Risk
687,France,Male,20,0,28965.98037197534,3,0,1,152809.78793907826,0,1,0.01,1.0,Low Risk
824,France,Male,90,4,226156.50165863437,4,1,0,180484.9205437875,0,0,0.04,4.0,Low Risk
575,France,Female,87,3,197949.5826959066,1,0,0,51904.24776262756,0,1,0.01,1.0,Low Risk
799,France,Male,48,7,97371.22305891872,4,1,0,13372.254748939697,0,0,0.06,6.0,Low Risk
636,France,Male,34,0,41593.62093579408,1,0,0,61436.16799958864,0,0,0.0,0.0,Low Risk
780,France,Female,66,1,65195.321706379094,2,1,1,86581.93362283031,0,1,0.0,0.0,Low Risk
572,Germany,Male,20,4,164506.6708720685,3,1,1,190285.34141363535,0,0,0.0,0.0,Low Risk
357,Germany,Male,72,9,236373.24654285552,4,1,0,86033.85661423426,0,0,0.01,1.0,Low Risk
627,Germany,Female,89,9,153934.52076034446,1,1,1,18420.449547976903,0,0,0.02,2.0,Low Risk
408,Spain,Male,57,1,6611.400462108091,1,1,1,29386.266359669113,0,1,0.01,1.0,Low Risk
578,France,Male,83,10,162679.5317801751,1,0,1,70553.03433691057,1,5,1.0,100.0,High Risk
627,France,Female,57,0,236187.91072536208,3,1,1,36845.72326567944,0,0,0.0,0.0,Low Risk
614,Germany,Male,47,5,89660.25303833639,1,1,0,12122.841447379846,0,0,0.0,0.0,Low Risk
773,Spain,Male,42,9,233388.91974622908,3,0,1,35060.21968541983,0,0,0.0,0.0,Low Risk
410,Germany,Male,24,3,167654.95630417415,4,1,1,21107.102657197884,0,2,0.16,16.0,Low Risk
528,France,Male,67,4,47458.87065945104,1,0,1,40547.63179708799,0,0,0.0,0.0,Low Risk
796,France,Male,18,2,36326.39677650604,1,1,1,199290.897988252,0,2,0.08,8.0,Low Risk
455,Germany,Female,61,9,44074.89967282485,3,1,1,89087.25753928511,1,10,1.0,100.0,High Risk
772,Germany,Male,66,5,174806.14363271024,3,0,0,131723.30730439266,1,6,0.99,99.0,High Risk
571,France,Male,24,3,147380.32157234548,4,0,1,33064.730115628394,0,0,0.0,0.0,Low Risk
301,Germany,Male,20,5,113885.89274912816,3,1,1,169859.84770412205,0,1,0.02,2.0,Low Risk
810,France,Female,18,4,65838.68209551976,4,1,1,53388.55693713703,0,1,0.0,0.0,Low Risk
585,Germany,Female,68,10,226807.80199778295,4,0,1,196498.2773265773,0,0,0.05,5.0,Low Risk
312,Spain,Female,55,1,53435.87380823683,1,0,0,167343.19880683304,0,0,0.01,1.0,Low Risk
797,France,Male,60,3,70901.5544639973,2,1,1,190174.7803083919,0,0,0.02,2.0,Low Risk
537,Spain,Male,72,1,13729.536663390634,2,1,1,133663.7225689855,0,1,0.0,0.0,Low Risk
393,Germany,Male,74,4,68831.32597018716,3,0,0,131621.7768673498,1,2,0.48,48.0,Low Risk
637,Spain,Male,70,2,230724.4191788511,3,0,1,168221.01530441418,0,1,0.02,2.0,Low Risk
470,Germany,Male,50,5,46901.00581387497,2,1,0,143075.29818641933,0,1,0.01,1.0,Low Risk
766,Spain,Female,79,10,50990.718654428805,4,0,1,121241.68648356234,0,0,0.01,1.0,Low Risk
442,Spain,Male,28,4,149994.34911419774,2,1,1,71660.18336198332,0,2,0.02,2.0,Low Risk
500,Spain,Male,89,1,141738.37263185906,4,1,0,44581.14396285167,1,3,0.96,96.0,High Risk
479,France,Female,69,9,43989.638407691375,4,0,0,156451.07339834067,0,1,0.01,1.0,Low Risk
663,Spain,Female,18,10,38566.21723232534,3,1,0,77216.11644065996,0,0,0.0,0.0,Low Risk
778,Germany,Female,31,7,29244.240841994782,3,0,1,12250.366518113142,0,0,0.0,0.0,Low Risk
770,Germany,Female,38,5,215271.37037807115,3,1,1,95929.61917141423,0,3,0.4,40.0,Low Risk
683,France,Female,51,8,163608.805250967,2,0,1,131505.7582062429,0,2,0.1,10.0,Low Risk
716,France,Male,31,2,238361.41796355828,2,0,0,4617.462923814009,0,0,0.01,1.0,Low Risk
607,Germany,Male,57,10,41458.379876273015,2,0,0,141027.16399289158,1,10,1.0,100.0,High Risk
666,Spain,Male,52,3,115150.90647042503,4,1,1,44944.35670997052,0,1,0.02,2.0,Low Risk
300,Germany,Male,59,10,185761.59866301264,3,0,1,44479.22492517173,0,0,0.05,5.0,Low Risk
343,France,Male,37,7,53387.08031122513,1,1,0,112580.67285135789,0,1,0.0,0.0,Low Risk
397,France,Female,77,6,171169.18581566238,2,1,0,67465.46889262719,0,0,0.0,0.0,Low Risk
564,Germany,Male,26,7,118450.83918986628,1,1,1,90122.2416718463,0,0,0.0,0.0,Low Risk
439,Spain,Male,50,8,107707.20041624364,1,0,1,102613.37940394889,1,5,0.99,99.0,High Risk
780,Spain,Female,66,7,161249.41113487876,2,1,1,184205.42404797996,0,0,0.0,0.0,Low Risk
536,France,Female,85,7,116923.61376317308,2,1,1,40988.0646173961,0,0,0.0,0.0,Low Risk
371,Germany,Male,21,5,205003.24980054548,2,1,0,92866.78237984994,0,0,0.0,0.0,Low Risk
489,Germany,Male,65,10,232630.34186680368,3,1,1,157199.55435206983,0,0,0.01,1.0,Low Risk
567,France,Female,33,1,147214.6828609979,1,1,0,41041.39044083331,1,9,0.96,96.0,High Risk
620,Germany,Male,64,6,75148.62527548516,4,0,1,16485.513772601364,0,0,0.01,1.0,Low Risk
406,France,Female,43,3,194305.54601741373,1,0,1,3562.7234968542843,0,0,0.0,0.0,Low Risk
531,Spain,Male,87,2,42622.43643664193,4,1,1,20755.562404609675,0,0,0.01,1.0,Low Risk
341,Spain,Female,54,3,23747.707067604708,1,0,0,54925.36184279039,0,1,0.0,0.0,Low Risk
438,Germany,Female,39,3,129682.87876347342,1,0,1,81857.1964753526,0,1,0.01,1.0,Low Risk
572,Spain,Female,24,2,161683.9584346221,3,1,0,118758.84426842102,0,0,0.02,2.0,Low Risk
780,Spain,Male,59,8,208749.49264182377,4,0,1,40026.101214260816,0,1,0.03,3.0,Low Risk
715,France,Female,47,2,238803.1012972681,2,0,1,53946.44833096799,0,0,0.0,0.0,Low Risk
805,France,Female,91,1,218334.52146524633,2,0,0,139819.09711551602,0,0,0.02,2.0,Low Risk
723,Germany,Male,23,0,247174.89338654076,3,0,1,181802.49859317075,0,1,0.01,1.0,Low Risk
706,France,Male,41,10,118924.99983113988,2,1,0,27111.594400716913,0,0,0.0,0.0,Low Risk
689,Germany,Male,83,0,79134.40457946977,1,0,0,94508.2991720968,1,8,1.0,100.0,High Risk
641,Germany,Female,57,4,114926.56966740362,3,0,0,59090.623903196814,1,7,0.99,99.0,High Risk
792,France,Female,32,4,161032.6250602203,4,1,1,105598.77139505712,0,0,0.0,0.0,Low Risk
491,Spain,Female,70,8,126814.15238511228,3,0,1,23835.035595525496,0,0,0.0,0.0,Low Risk
798,Spain,Male,22,3,158529.9554662958,1,1,0,54215.104671408175,1,4,0.98,98.0,High Risk
532,Spain,Male,53,4,221680.65604595983,3,0,1,141775.2647013358,0,0,0.01,1.0,Low Risk
526,Spain,Female,91,5,41452.96657302278,1,0,1,163863.7986660958,0,0,0.0,0.0,Low Risk
670,Germany,Male,63,9,30066.003862322337,3,0,1,124332.8725441246,0,0,0.0,0.0,Low Risk
438,Spain,Male,40,6,124629.70322987728,4,0,0,188892.35014663063,0,0,0.0,0.0,Low Risk
448,Germany,Female,62,8,245442.029399182,4,1,0,130583.57420076354,1,6,0.99,99.0,High Risk
414,France,Female,27,5,14760.875300450616,2,1,1,149321.15212338162,0,1,0.0,0.0,Low Risk
749,France,Male,71,0,246639.32624693308,1,0,0,71491.86694401546,1,1,0.59,59.0,Medium Risk
362,Germany,Female,87,7,241926.65367619848,2,1,1,33981.95625853988,0,0,0.01,1.0,Low Risk
403,Spain,Male,49,1,73149.87853640575,3,1,1,131578.88310721997,0,0,0.0,0.0,Low Risk
572,Germany,Male,60,8,222750.9490783064,3,0,1,183818.18218583593,0,0,0.02,2.0,Low Risk
305,Spain,Female,32,10,1939.6459213590624,3,1,1,196380.3808963447,0,0,0.01,1.0,Low Risk
446,Spain,Female,83,6,113515.28650768902,3,1,1,90014.91719849347,0,3,0.26,26.0,Low Risk
483,Germany,Male,32,6,100530.8728093217,4,1,1,107945.97132370902,0,0,0.0,0.0,Low Risk
327,Germany,Male,37,9,225664.50169487455,3,0,0,62249.8988713727,1,7,0.99,99.0,High Risk
849,Spain,Female,67,9,118074.0439798614,4,0,1,134506.23306641032,1,6,0.97,97.0,High Risk
418,Germany,Male,23,4,104484.6883722241,2,0,0,153046.50407753175,0,1,0.0,0.0,Low Risk
592,Spain,Male,34,7,159898.6525933092,4,0,0,8248.896245609929,1,3,0.95,95.0,High Risk
670,Germany,Male,43,9,93949.79713899954,4,0,1,169327.29769072976,0,0,0.0,0.0,Low Risk
543,France,Male,39,0,134139.8919423754,1,0,0,102764.52683319704,0,1,0.01,1.0,Low Risk
517,Spain,Male,90,2,238891.64379244184,3,0,1,115947.1874573282,0,1,0.02,2.0,Low Risk
476,France,Female,81,8,50654.327202106055,3,0,0,41253.165324467765,0,0,0.01,1.0,Low Risk
598,Germany,Male,75,0,114728.19966029258,3,1,1,2069.995230195111,0,0,0.02,2.0,Low Risk
357,France,Male,54,10,3844.33358675379,2,1,1,190441.1413405395,0,0,0.01,1.0,Low Risk
568,Germany,Female,89,7,210559.27039361783,3,0,0,185680.7958799883,0,0,0.0,0.0,Low Risk
607,Spain,Female,45,5,23004.340276272265,3,0,1,154870.2926261464,0,1,0.0,0.0,Low Risk
587,Germany,Female,66,9,23690.58624443285,3,0,1,94724.73018324598,0,1,0.01,1.0,Low Risk
404,Germany,Male,90,4,220709.84452972695,1,1,0,63531.02439712222,1,7,1.0,100.0,High Risk
527,Spain,Male,84,5,102324.00713150116,4,0,1,31224.060733492763,0,0,0.01,1.0,Low Risk
546,Germany,Female,84,10,171823.86182107625,1,1,0,16193.272463711955,0,1,0.11,11.0,Low Risk
793,Spain,Female,58,4,214461.59255651385,3,0,1,91466.4418227776,0,0,0.0,0.0,Low Risk
382,Germany,Female,63,8,93619.38863140298,4,0,1,158451.52364478886,0,0,0.01,1.0,Low Risk
485,Spain,Female,72,1,65386.86395071655,1,1,0,145187.1803468945,0,1,0.02,2.0,Low Risk
551,France,Female,28,9,42379.49834883539,3,1,1,151189.23818854569,0,0,0.0,0.0,Low Risk
654,Germany,Male,43,5,151779.85325041978,3,1,0,23738.845834905616,0,0,0.0,0.0,Low Risk
509,Germany,Female,89,3,63068.11282920838,1,1,0,172551.19162017538,1,4,0.99,99.0,High Risk
746,Germany,Male,30,2,158571.99645534036,4,0,0,160796.43412997806,0,0,0.06,6.0,Low Risk
759,Spain,Male,53,4,79285.54135288643,4,1,1,18826.817772745595,0,0,0.0,0.0,Low Risk
771,Germany,Female,81,1,86944.19731875022,1,0,0,71312.99644459749,0,1,0.03,3.0,Low Risk
669,Spain,Female,68,2,62278.599817639304,3,0,0,75051.08839754073,0,0,0.0,0.0,Low Risk
791,Germany,Female,39,6,104617.0517360124,4,1,1,147024.96755214772,0,1,0.0,0.0,Low Risk
436,France,Female,77,0,40532.480521679456,1,0,0,172098.07515358413,0,0,0.01,1.0,Low Risk
666,Germany,Female,19,1,79926.65688060243,1,0,1,75151.37035650494,0,0,0.0,0.0,Low Risk
483,France,Male,73,2,194470.0438312328,1,0,0,26176.468447957475,0,1,0.05,5.0,Low Risk
586,Spain,Female,57,9,53904.72290727707,4,1,1,16521.511103557474,1,8,0.98,98.0,High Risk
771,France,Female,45,6,236778.30441411023,2,1,1,127772.02729947244,0,0,0.0,0.0,Low Risk
674,Germany,Male,20,3,123230.44487340342,2,1,1,99600.64926263472,1,4,0.94,94.0,High Risk
836,Germany,Female,80,7,26730.011608690456,2,0,1,180410.61774202864,0,0,0.0,0.0,Low Risk
810,Spain,Female,40,7,235765.30299781464,2,0,1,190706.08660214947,0,0,0.0,0.0,Low Risk
549,Germany,Female,72,0,114169.56634854314,2,1,1,179612.53530419237,1,3,0.76,76.0,High Risk
809,Germany,Male,49,4,139241.29810831093,3,1,0,15135.960718532144,1,4,0.98,98.0,High Risk
372,Spain,Female,45,0,46298.693643129416,1,1,0,56859.92156651936,0,0,0.01,1.0,Low Risk
581,Spain,Female,25,6,83327.24696959682,2,1,1,47769.0947622586,0,0,0.0,0.0,Low Risk
659,France,Female,20,3,175909.50885025362,4,0,0,13741.948653098018,1,2,0.66,66.0,Medium Risk
309,Spain,Female,70,7,30992.34887803945,1,0,1,183655.32507271387,0,0,0.0,0.0,Low Risk
510,Germany,Male,46,7,142614.71233568483,4,0,0,178958.2636502391,0,0,0.01,1.0,Low Risk
451,Spain,Female,76,8,173380.69155103696,4,0,1,78159.52464900483,0,0,0.0,0.0,Low Risk
304,Germany,Male,41,10,459.1600647046168,4,1,0,191742.404955314,1,8,0.94,94.0,High Risk
494,France,Female,55,5,209394.1077965388,3,1,0,112673.49232336586,0,0,0.0,0.0,Low Risk
582,Spain,Female,45,6,14083.323981117725,4,0,1,86811.9837489627,0,0,0.0,0.0,Low Risk
763,Germany,Female,79,6,61730.047800891334,1,1,0,109934.50776513333,0,1,0.01,1.0,Low Risk
412,Spain,Male,68,4,240886.22457242923,1,0,1,84416.89245190848,0,1,0.01,1.0,Low Risk
570,Spain,Female,24,6,20260.19908614926,3,1,1,58384.5264911189,0,0,0.0,0.0,Low Risk
462,Spain,Female,40,8,206485.13987411672,3,1,0,36228.61755649479,0,0,0.0,0.0,Low Risk
759,Spain,Male,63,10,162999.57241247877,1,0,0,92130.43038237552,0,1,0.02,2.0,Low Risk
404,France,Female,45,3,149594.65583124923,1,0,0,106160.05497054671,1,6,0.99,99.0,High Risk
581,Germany,Female,41,1,145420.61029813156,4,0,1,164326.1261822432,0,2,0.01,1.0,Low Risk
461,Spain,Female,24,7,41614.64959497555,4,0,0,94680.9700010118,0,0,0.0,0.0,Low Risk
650,Germany,Female,66,6,167205.50152347324,3,0,0,165884.04625810715,0,1,0.03,3.0,Low Risk
733,France,Male,20,5,237907.93593999936,2,1,0,190930.89367237283,0,1,0.02,2.0,Low Risk
439,Germany,Male,19,6,19258.626356936176,4,1,0,144300.3042335156,0,0,0.01,1.0,Low Risk
770,Germany,Male,24,2,83103.13274585856,4,1,0,23951.697575393177,0,0,0.02,2.0,Low Risk
431,France,Female,38,5,118062.92375447504,2,0,0,92258.45120427557,0,1,0.0,0.0,Low Risk
386,Spain,Female,26,9,58072.794092280776,4,0,1,171343.3788770409,0,1,0.0,0.0,Low Risk
482,Germany,Female,29,6,185222.81020448336,2,0,0,98333.48462644896,1,6,0.99,99.0,High Risk
667,Germany,Female,41,6,172155.71081272748,2,1,1,162147.43051559158,0,0,0.0,0.0,Low Risk
428,Spain,Male,50,4,29444.27950821732,1,1,1,155181.165659834,0,0,0.02,2.0,Low Risk
545,Spain,Female,60,2,142365.60191359688,2,1,0,31977.35716046481,0,0,0.0,0.0,Low Risk
677,Germany,Male,22,1,92218.24417557444,2,1,1,65904.36229668763,0,0,0.0,0.0,Low Risk
448,France,Female,88,6,57095.49209348208,3,1,0,152784.5622620802,0,1,0.01,1.0,Low Risk
732,Spain,Female,31,3,212073.41253428097,3,0,1,31843.99747915034,0,0,0.0,0.0,Low Risk
768,Spain,Male,53,1,13668.501399048628,3,1,0,84563.71345907205,1,2,0.7,70.0,Medium Risk
745,France,Female,52,7,116847.5696453975,4,0,1,27479.903634875653,0,0,0.01,1.0,Low Risk
780,Germany,Male,67,1,118827.89061647828,3,0,0,47148.460289019415,1,3,0.93,93.0,High Risk
593,Spain,Male,28,5,142530.59933937908,1,1,0,57131.35135869738,0,1,0.01,1.0,Low Risk
442,Germany,Female,41,3,49398.54912350369,1,1,0,106057.7416733932,0,0,0.0,0.0,Low Risk
549,Germany,Male,61,8,217800.26893617792,1,1,1,182381.80422629093,0,1,0.08,8.0,Low Risk
601,Germany,Male,68,4,241325.6659243212,4,1,0,77117.68653299453,1,3,0.99,99.0,High Risk
324,France,Female,34,3,137238.7230012193,2,0,1,169994.6298843797,0,1,0.01,1.0,Low Risk
369,Germany,Male,87,7,64031.340325661295,2,0,0,139038.58444323044,0,0,0.03,3.0,Low Risk
411,Germany,Male,25,2,219206.60848577067,1,0,0,156092.93387905718,0,3,0.28,28.0,Low Risk
663,Spain,Female,91,8,247043.22480707004,2,1,1,152443.6307150259,0,0,0.02,2.0,Low Risk
602,Spain,Male,45,7,185469.87043679433,2,0,0,60430.58264123699,0,2,0.01,1.0,Low Risk
770,France,Female,29,7,83426.11838993666,2,0,1,47257.73233339143,0,0,0.0,0.0,Low Risk
390,France,Male,60,9,59005.07329312479,4,0,0,195516.8715402742,0,0,0.01,1.0,Low Risk
829,Spain,Female,54,4,39154.7582423899,2,0,1,147568.11008695845,1,4,0.98,98.0,High Risk
491,Spain,Female,80,0,58734.76137627421,2,0,1,73161.9978419908,0,3,0.22,22.0,Low Risk
541,France,Female,80,10,56837.443207445715,4,0,0,110880.92096300724,0,1,0.01,1.0,Low Risk
437,Germany,Female,27,9,241854.7168871833,3,0,0,155176.62540812773,0,1,0.01,1.0,Low Risk
644,France,Female,54,8,160809.59884456143,1,0,1,11163.083830461475,1,1,0.67,67.0,Medium Risk
479,Germany,Male,28,1,41743.86764868293,4,1,0,19815.512942335667,0,1,0.01,1.0,Low Risk
802,Spain,Female,36,0,122010.31485009182,4,0,1,5025.643973531189,0,0,0.02,2.0,Low Risk
502,Spain,Female,69,5,46158.95406830503,1,1,1,32821.74837248668,0,1,0.0,0.0,Low Risk
491,Spain,Male,35,0,151504.2002842494,2,1,0,23879.68935442225,0,0,0.0,0.0,Low Risk
304,Germany,Female,49,9,85351.5510493048,2,0,1,92615.96503056271,1,4,0.94,94.0,High Risk
536,France,Male,40,9,48898.16776664727,4,0,1,57447.02361891325,0,1,0.0,0.0,Low Risk
610,Germany,Male,29,9,60697.74700666,3,0,1,9127.454444238698,0,0,0.0,0.0,Low Risk
848,France,Female,75,6,168774.67204381674,1,1,0,89894.2692892515,1,8,0.96,96.0,High Risk
355,France,Male,38,6,102008.91974737894,3,0,0,115719.56596185916,0,0,0.0,0.0,Low Risk
742,France,Male,38,0,128289.74582999886,4,0,0,74052.35106934528,0,1,0.0,0.0,Low Risk
536,Spain,Male,46,9,205334.7246820138,3,1,0,52077.20168415912,1,9,0.99,99.0,High Risk
496,France,Female,64,4,163855.3506577277,4,0,1,78097.21347184319,0,1,0.01,1.0,Low Risk
813,Spain,Male,29,2,115603.39052865664,1,0,0,103984.44300387794,0,0,0.01,1.0,Low Risk
748,France,Female,75,10,238514.20127272472,3,1,0,87211.18935245072,0,0,0.0,0.0,Low Risk
659,France,Female,58,1,53626.27411007681,3,1,0,18664.170017398857,0,0,0.03,3.0,Low Risk
329,Spain,Male,36,10,72247.99813112918,1,0,0,91373.0816724446,0,0,0.0,0.0,Low Risk
407,Spain,Female,29,4,227857.86268778009,1,0,0,144069.44539423852,0,1,0.0,0.0,Low Risk
744,Germany,Male,40,4,213306.3105478798,4,0,1,164001.2091711289,1,5,0.99,99.0,High Risk
737,France,Male,22,1,32514.3504815642,4,1,0,87913.28301569253,0,0,0.01,1.0,Low Risk
756,Spain,Female,43,5,232486.77763633573,4,1,0,198758.6903568901,0,0,0.03,3.0,Low Risk
794,Germany,Female,80,6,2542.181104922214,4,1,0,168573.22763409914,0,0,0.02,2.0,Low Risk
546,Germany,Female,69,0,205605.2196119669,4,0,0,43084.85038495192,1,11,0.98,98.0,High Risk
842,Spain,Male,27,2,69700.60470295022,1,1,1,91359.45484941668,0,0,0.0,0.0,Low Risk
738,France,Male,56,3,47164.24929479762,3,0,0,59099.84144919462,0,0,0.0,0.0,Low Risk
577,Germany,Male,40,1,112177.4075474618,2,1,1,110052.47793777646,0,0,0.0,0.0,Low Risk
410,France,Female,28,9,224270.72305098895,2,0,0,44831.54059374985,0,1,0.0,0.0,Low Risk
684,France,Male,89,10,196474.46823121497,4,1,1,7055.507844429328,1,6,0.99,99.0,High Risk
490,Germany,Male,65,4,241767.2085067345,2,0,0,180877.31914961973,1,5,0.99,99.0,High Risk
789,Spain,Male,33,3,135249.7082474358,3,1,1,103956.95063476409,0,0,0.0,0.0,Low Risk
725,France,Male,63,10,127639.98652089023,3,0,1,182993.28594345183,0,2,0.19,19.0,Low Risk
704,Spain,Female,64,1,3257.9979059974285,4,1,0,23639.13114252192,0,0,0.01,1.0,Low Risk
634,Germany,Male,65,10,45151.89572538245,2,0,1,30304.999946905067,0,0,0.03,3.0,Low Risk
508,France,Female,86,0,124405.07392979602,1,1,1,45304.547428417834,0,1,0.01,1.0,Low Risk
321,Spain,Male,42,7,188141.76133036375,1,1,0,91429.21950148667,1,6,1.0,100.0,High Risk
507,Spain,Male,54,1,205650.64450519416,4,0,1,176001.61878783224,0,1,0.01,1.0,Low Risk
307,France,Male,80,3,70816.58522920364,3,0,0,130085.8779533711,0,2,0.08,8.0,Low Risk
828,Spain,Female,46,9,178114.3105811083,2,1,1,11010.401067605017,0,2,0.01,1.0,Low Risk
465,Spain,Female,75,4,207132.36011252797,3,1,0,81445.02312699605,1,3,0.78,78.0,High Risk
795,Germany,Female,48,1,93701.10358117455,4,0,1,144653.68273696178,0,0,0.06,6.0,Low Risk
728,Germany,Male,85,9,173888.96567720606,3,1,1,64484.04753062761,1,4,1.0,100.0,High Risk
462,Spain,Male,58,8,109320.28433963284,2,1,1,98517.3921174831,0,1,0.0,0.0,Low Risk
665,Spain,Female,67,1,246413.06184304025,3,0,1,142289.02667496915,0,0,0.0,0.0,Low Risk
825,France,Male,61,5,1666.8862878175817,4,1,1,192997.37223226277,0,2,0.12,12.0,Low Risk
538,Germany,Male,26,6,103586.25990985971,1,0,0,66649.3606430463,1,6,0.98,98.0,High Risk
371,France,Female,76,5,65929.10071989408,1,0,0,148878.04820616526,1,7,1.0,100.0,High Risk
744,Spain,Male,44,10,212434.13830540417,2,0,1,149483.1704432795,0,0,0.0,0.0,Low Risk
808,France,Male,76,10,71781.45828074314,4,1,1,108545.0217647133,0,0,0.0,0.0,Low Risk
568,Spain,Male,20,3,135961.368394512,4,1,1,162674.77684115025,0,1,0.0,0.0,Low Risk
714,Germany,Female,24,0,185067.36204931524,3,1,1,107227.90963149932,0,1,0.0,0.0,Low Risk
544,Germany,Male,33,1,124307.5684915741,1,1,1,125003.5585492952,0,0,0.0,0.0,Low Risk
359,Spain,Female,66,9,102600.63742144308,2,0,1,167446.04330062668,1,5,1.0,100.0,High Risk
305,Germany,Male,49,9,10629.50123907777,2,0,1,95258.35182069888,0,0,0.05,5.0,Low Risk
706,Spain,Female,61,5,5733.042188670434,2,1,0,95596.3066573974,0,0,0.0,0.0,Low Risk
516,France,Female,36,7,239330.54876425973,3,0,1,118211.89504809616,0,0,0.01,1.0,Low Risk
325,Spain,Female,20,2,160811.01437505454,4,1,1,160840.87922181797,0,0,0.01,1.0,Low Risk
304,France,Female,77,6,206313.44957731737,2,1,0,25445.954781211825,0,0,0.0,0.0,Low Risk
831,Spain,Male,52,8,120109.5955562109,3,0,0,154245.68609098793,1,5,1.0,100.0,High Risk
689,Germany,Female,46,3,65395.24904273719,2,1,0,58958.87399604151,0,0,0.05,5.0,Low Risk
747,Spain,Male,87,10,73634.44493997499,3,0,0,14215.938661412654,1,5,1.0,100.0,High Risk
445,Spain,Male,62,6,10872.904626481688,1,0,1,158437.19418208493,0,0,0.0,0.0,Low Risk
687,Spain,Female,44,6,197720.8790821371,3,1,1,29037.185387860885,0,0,0.0,0.0,Low Risk
548,Germany,Male,86,9,145392.6951745964,4,0,0,42660.380730166406,0,0,0.01,1.0,Low Risk
825,Spain,Male,52,8,120200.44422210708,1,0,1,141236.50067032434,0,0,0.02,2.0,Low Risk
761,Germany,Male,36,2,213074.2611669714,1,1,1,112908.89945213273,0,3,0.65,65.0,Medium Risk
312,Spain,Male,34,10,111211.25690677066,2,0,0,184100.048770349,0,1,0.0,0.0,Low Risk
683,France,Female,52,0,236982.53745858447,1,1,1,190867.3629294713,0,0,0.01,1.0,Low Risk
698,Spain,Male,47,7,3309.1323456151677,3,0,1,62799.17825274836,1,5,0.99,99.0,High Risk
318,France,Male,65,3,246154.09029054997,4,0,1,64846.24643627229,0,0,0.0,0.0,Low Risk
790,Germany,Male,74,1,203970.88311182667,1,1,1,41956.25607652811,1,5,0.99,99.0,High Risk
718,Germany,Male,34,4,88734.80054394586,4,1,0,103528.1358462323,0,1,0.05,5.0,Low Risk
636,Spain,Male,32,3,148840.89002964552,3,0,0,75603.74896696607,0,0,0.0,0.0,Low Risk
718,Germany,Female,31,0,216151.2530388133,3,1,1,2940.418348125805,0,1,0.01,1.0,Low Risk
421,Spain,Male,31,6,120399.5882701189,4,0,1,78997.1056737967,0,0,0.0,0.0,Low Risk
731,Germany,Female,62,3,12762.42799703861,3,0,1,12349.719198457811,0,0,0.04,4.0,Low Risk
343,France,Male,55,7,225924.0205522232,4,1,1,159810.816434494,0,0,0.01,1.0,Low Risk
616,Germany,Female,80,8,129254.06171938892,2,0,0,185779.3236303121,1,4,1.0,100.0,High Risk
680,France,Male,28,7,136289.31030038532,3,0,1,59171.808979455935,0,2,0.02,2.0,Low Risk
444,Spain,Male,65,0,3429.544174672561,2,1,0,130146.13899768692,0,1,0.02,2.0,Low Risk
626,Spain,Female,43,7,25016.517485875327,1,1,1,17713.307100993494,0,0,0.0,0.0,Low Risk
662,Spain,Female,84,4,194349.46138300523,1,1,1,72711.13799692276,1,8,0.97,97.0,High Risk
349,France,Female,42,0,108737.33716869538,2,1,1,115186.85766717244,0,0,0.0,0.0,Low Risk
364,Spain,Male,78,8,249514.57821949103,1,0,0,20843.48567215155,0,0,0.0,0.0,Low Risk
654,Spain,Female,43,8,173919.41892832617,1,0,0,75434.2081670318,0,1,0.01,1.0,Low Risk
463,France,Female,51,6,237400.28609772897,1,0,1,191048.6842502129,0,0,0.02,2.0,Low Risk
440,Germany,Female,26,6,69838.0319425673,1,0,1,33224.885045625444,0,0,0.0,0.0,Low Risk
427,Spain,Male,57,10,44038.39126299136,3,0,0,124049.7107511375,1,4,1.0,100.0,High Risk
697,Germany,Male,24,0,94147.35637013424,1,0,1,166671.2270269241,0,0,0.01,1.0,Low Risk
762,Germany,Male,47,8,66192.13637622015,3,1,1,154236.4624517908,0,1,0.03,3.0,Low Risk
486,Spain,Female,83,0,153341.42013510157,4,1,0,154278.67037157505,1,6,0.98,98.0,High Risk
489,Spain,Male,47,6,186110.51155264105,1,0,0,11833.939734947042,1,6,0.99,99.0,High Risk
687,France,Male,85,8,100524.3782355832,4,0,0,194720.62196760596,0,0,0.01,1.0,Low Risk
728,France,Male,75,8,22461.50670833,2,0,1,145431.62103047522,0,0,0.01,1.0,Low Risk
583,Spain,Male,72,4,6582.990365991886,2,1,1,190868.64287682337,0,1,0.02,2.0,Low Risk
536,Germany,Female,31,5,54506.9267237146,3,0,1,195851.96430068763,0,0,0.01,1.0,Low Risk
493,France,Male,54,1,183121.85897634985,2,1,1,71406.993133157,0,1,0.01,1.0,Low Risk
586,France,Female,61,1,55388.10332620353,3,0,1,108681.03766801416,0,0,0.0,0.0,Low Risk
435,Spain,Female,23,9,227743.56554792207,4,1,0,145895.7577945847,0,0,0.01,1.0,Low Risk
470,Spain,Female,43,8,162910.87732240563,4,0,0,169818.26659700592,0,0,0.0,0.0,Low Risk
458,Spain,Female,31,0,215522.4092915287,1,1,1,194189.78408229025,0,2,0.04,4.0,Low Risk
500,Spain,Female,25,9,96453.68120212606,4,1,1,194891.46082213536,0,0,0.06,6.0,Low Risk
786,France,Female,41,4,245887.465630763,2,1,1,65557.51980608361,0,0,0.0,0.0,Low Risk
803,France,Male,56,6,169874.60272633092,3,0,1,136098.82295598963,1,3,0.95,95.0,High Risk
670,France,Female,66,9,89239.9688765983,3,0,0,29395.06812363135,1,3,0.97,97.0,High Risk
402,Germany,Male,80,5,53134.78320998285,1,1,1,162106.74306430412,1,10,0.98,98.0,High Risk
424,France,Female,43,5,216632.8328272429,1,0,1,31908.62126778978,0,0,0.0,0.0,Low Risk
612,France,Male,27,5,79524.56896885404,2,1,0,178137.1562500932,0,1,0.01,1.0,Low Risk
757,Spain,Female,75,7,11091.060638315052,3,1,1,195820.1988641675,0,0,0.02,2.0,Low Risk
529,France,Male,31,6,69664.67818530746,1,1,1,17278.798922985552,0,1,0.0,0.0,Low Risk
496,France,Male,90,4,44862.84249061659,4,1,1,102476.69330819877,0,0,0.03,3.0,Low Risk
722,France,Female,88,9,79932.80399399727,2,0,1,52953.69887243619,1,5,1.0,100.0,High Risk
470,Spain,Female,56,1,153316.54490606184,4,0,0,94012.15814932964,0,1,0.0,0.0,Low Risk
681,France,Female,48,9,125107.97185968742,3,1,1,58762.00051822121,0,0,0.02,2.0,Low Risk
472,France,Female,67,5,177712.59558557658,1,1,1,13138.7731440598,0,0,0.0,0.0,Low Risk
752,Germany,Male,33,9,83458.03465918949,2,1,1,78831.84353385567,0,1,0.0,0.0,Low Risk
649,Germany,Male,89,4,29952.10494749073,2,0,1,40921.90060308875,0,0,0.0,0.0,Low Risk
793,Germany,Female,68,3,40066.942733672615,1,1,0,109862.44274576656,1,5,0.98,98.0,High Risk
303,Germany,Female,32,9,199320.69119115555,1,0,0,136114.5035956956,0,0,0.02,2.0,Low Risk
392,Spain,Male,55,10,24497.664420141256,3,1,1,81067.37505254721,0,1,0.03,3.0,Low Risk
305,Germany,Female,88,4,199531.55442160997,4,0,1,40735.95800037697,0,0,0.01,1.0,Low Risk
587,France,Male,89,8,53157.337620245075,4,1,0,38349.062886985535,0,0,0.0,0.0,Low Risk
445,Germany,Female,38,1,169601.15450664234,4,1,1,487.39718085236296,0,0,0.04,4.0,Low Risk
723,Spain,Female,33,5,155774.07218298165,3,0,0,140479.98478739383,0,0,0.02,2.0,Low Risk
756,Germany,Male,84,10,24565.109190110317,1,0,1,50632.69414924902,0,0,0.01,1.0,Low Risk
501,Germany,Male,82,8,166465.87552096098,2,1,0,194148.25373220304,0,0,0.02,2.0,Low Risk
511,Spain,Female,30,9,111876.87301870374,4,1,1,149413.96286221352,0,0,0.0,0.0,Low Risk
305,Spain,Male,81,4,176790.48407028266,1,1,1,59082.73885714861,0,0,0.03,3.0,Low Risk
675,Spain,Female,78,10,208868.46714432427,4,1,1,31797.5594209139,0,0,0.02,2.0,Low Risk
746,Spain,Male,49,5,9874.842301337008,3,1,0,124872.53445239933,0,0,0.01,1.0,Low Risk
405,Spain,Female,29,9,161990.70796960965,3,0,1,172912.8809211491,0,0,0.0,0.0,Low Risk
700,Spain,Female,58,3,26239.456900945257,1,1,1,116868.71121662713,0,0,0.02,2.0,Low Risk
395,France,Female,83,4,94718.89359920796,3,0,0,2204.721189655492,0,0,0.05,5.0,Low Risk
687,Germany,Male,25,7,3169.6265068254793,2,0,1,157261.46981209473,0,0,0.0,0.0,Low Risk
751,Germany,Male,76,0,82160.95284502381,3,0,0,192844.92611619917,0,0,0.02,2.0,Low Risk
715,Spain,Male,42,0,42338.71232238964,2,0,1,9503.93228484005,0,0,0.0,0.0,Low Risk
803,Spain,Male,22,9,139066.07371167588,4,1,1,161827.98745428034,0,0,0.0,0.0,Low Risk
753,France,Female,62,3,128067.87153375911,3,1,0,143801.85648783896,0,0,0.01,1.0,Low Risk
590,France,Male,19,9,198318.60507594596,2,1,1,79505.25510741217,0,0,0.0,0.0,Low Risk
833,Spain,Male,59,2,159990.32837437483,4,0,0,126817.899306399,1,7,0.98,98.0,High Risk
492,France,Male,55,4,178656.47085516152,4,1,0,31769.456809855237,0,0,0.02,2.0,Low Risk
449,France,Female,20,10,23120.019387803502,4,0,0,144021.80675540204,0,0,0.0,0.0,Low Risk
814,Spain,Male,63,9,6941.206771757496,4,1,0,116252.49664273836,1,5,0.97,97.0,High Risk
692,Spain,Male,39,7,242385.3849125268,1,1,0,17325.8606770886,1,6,0.98,98.0,High Risk
615,Spain,Female,50,0,106758.10212710548,2,1,0,173649.02659639166,1,4,0.98,98.0,High Risk
375,Spain,Female,49,4,98743.59216985291,1,1,1,25681.090202365085,0,1,0.01,1.0,Low Risk
569,Germany,Female,34,4,8753.102681289676,4,0,1,87666.34746122347,0,0,0.01,1.0,Low Risk
524,Germany,Female,73,1,29727.70154417059,3,0,0,26243.38723729625,0,0,0.01,1.0,Low Risk
829,Spain,Female,20,4,235118.48189023155,2,1,0,129227.86578142794,0,0,0.0,0.0,Low Risk
412,France,Female,87,7,173711.26649175413,2,1,0,147573.67344259206,0,0,0.0,0.0,Low Risk
550,Spain,Female,66,9,102303.0123930874,4,0,1,189447.01371569777,0,1,0.03,3.0,Low Risk
532,Germany,Male,72,6,226121.03318207077,3,0,1,50528.26763730476,0,0,0.0,0.0,Low Risk
382,France,Female,48,1,147473.21096295083,3,0,0,73265.79338978027,0,1,0.01,1.0,Low Risk
424,Germany,Female,38,5,186617.0121463717,2,0,0,77349.74399652885,0,0,0.0,0.0,Low Risk
474,Spain,Female,33,9,107899.8910223348,1,0,0,19409.23906965239,1,6,0.99,99.0,High Risk
368,Germany,Female,34,10,107882.01655837132,3,0,0,161583.3274385151,0,0,0.0,0.0,Low Risk
346,Germany,Female,18,10,17087.62494588387,2,1,1,16550.892670794274,0,2,0.25,25.0,Low Risk
555,Germany,Male,89,0,183493.3172924142,3,0,0,67715.5318193575,1,7,1.0,100.0,High Risk
329,France,Male,82,9,24779.35086510288,4,0,1,38084.88860586016,0,0,0.02,2.0,Low Risk
580,Germany,Male,83,9,191066.84705690973,3,0,1,132879.29615423037,0,1,0.01,1.0,Low Risk
536,France,Male,54,2,47714.521970565664,1,1,0,181114.9513113187,0,1,0.02,2.0,Low Risk
547,Spain,Male,41,10,61841.81291971171,1,1,0,149299.4463090438,0,0,0.0,0.0,Low Risk
667,Spain,Male,79,10,229472.43890124312,1,1,0,154905.94431628622,0,1,0.01,1.0,Low Risk
794,Germany,Male,38,5,117891.9161203606,2,1,0,15709.772404006975,0,0,0.0,0.0,Low Risk
324,France,Female,54,8,31310.631551200535,3,0,1,147794.81895470075,0,1,0.01,1.0,Low Risk
789,Spain,Female,52,0,226270.38737989668,1,0,1,12515.483610447814,0,0,0.0,0.0,Low Risk
793,France,Female,55,5,113099.25480528726,4,0,1,96846.52085932206,0,1,0.0,0.0,Low Risk
613,France,Female,70,1,32637.832161365037,4,0,0,138392.0007757235,0,0,0.0,0.0,Low Risk
674,Germany,Female,32,8,97705.74288307736,4,1,1,50954.393036799585,0,0,0.02,2.0,Low Risk
324,Germany,Female,59,1,147332.31326415754,2,1,0,136516.81021694271,0,1,0.02,2.0,Low Risk
633,France,Male,21,2,90585.5073033425,1,0,0,176107.33902386783,0,1,0.0,0.0,Low Risk
654,France,Female,56,1,231081.63954028365,1,1,0,175594.3290893806,1,3,0.9,90.0,High Risk
415,Germany,Female,40,10,67420.95592818792,3,1,1,38428.84420048209,0,0,0.0,0.0,Low Risk
347,France,Female,32,3,43956.35388719274,2,0,0,54910.36098820429,0,0,0.0,0.0,Low Risk
398,Germany,Male,29,3,55237.7929093886,4,1,0,133210.88846652576,0,1,0.01,1.0,Low Risk
758,France,Male,87,9,20937.4866498743,3,0,0,168264.70754136587,1,6,1.0,100.0,High Risk
822,Germany,Male,71,0,113074.03353970771,4,1,1,91049.18629469964,0,0,0.01,1.0,Low Risk
704,France,Female,55,7,219583.48199367305,4,0,1,184440.7764354796,0,0,0.0,0.0,Low Risk
513,Germany,Female,45,4,76334.90136968163,1,0,0,114927.16315465064,1,1,0.69,69.0,Medium Risk
802,France,Female,36,7,64584.404623623195,3,0,1,52396.89218072886,0,0,0.0,0.0,Low Risk
747,Spain,Male,86,5,209346.16606186665,2,0,1,4002.9912891740896,1,2,0.66,66.0,Medium Risk
557,Spain,Male,81,1,76498.71385773274,4,0,1,161473.68538129237,0,0,0.0,0.0,Low Risk
420,France,Female,21,6,119222.99488875552,1,1,0,18569.9015235575,0,0,0.0,0.0,Low Risk
353,Spain,Male,27,9,7809.5242420067325,1,0,1,15697.811584779683,0,4,0.29,29.0,Low Risk
630,France,Female,29,8,71767.93713846874,4,0,0,155428.89059946907,0,1,0.01,1.0,Low Risk
540,France,Male,86,6,32639.992514956168,1,1,1,6339.631423808588,0,1,0.0,0.0,Low Risk
829,Spain,Male,24,10,26461.527993125983,1,1,1,168553.58878471146,0,1,0.0,0.0,Low Risk
782,France,Male,61,4,107854.34982990466,4,1,1,119748.9391701568,0,1,0.01,1.0,Low Risk
486,Germany,Female,40,3,69333.09747801322,2,1,0,127312.70478373236,1,4,0.96,96.0,High Risk
561,France,Male,19,10,41611.691024980355,4,0,0,187610.83421626763,0,2,0.07,7.0,Low Risk
663,France,Female,54,7,127871.31756757092,3,0,1,173339.61335987787,0,0,0.0,0.0,Low Risk
790,Spain,Female,86,5,196010.9957361371,4,1,0,15208.320247406844,1,8,1.0,100.0,High Risk
730,Germany,Female,37,4,183714.78748865417,4,1,1,170598.58190623057,0,0,0.0,0.0,Low Risk
538,France,Male,61,6,62690.73309565373,2,1,1,133432.33506505986,1,8,0.99,99.0,High Risk
603,France,Male,87,10,65783.66170976807,4,0,1,63361.487959810926,0,1,0.03,3.0,Low Risk
597,France,Male,91,2,182975.45356465157,4,0,1,170673.62005041318,0,0,0.03,3.0,Low Risk
375,France,Female,68,8,139292.1316339135,1,1,0,4669.523260690075,0,0,0.01,1.0,Low Risk
632,France,Male,48,3,185604.12365669757,4,1,0,167510.39080475023,0,0,0.01,1.0,Low Risk
773,France,Male,58,3,341.34120973811076,2,0,0,124041.98163871464,1,7,0.96,96.0,High Risk
582,Germany,Female,75,7,21784.52996549179,1,0,0,52240.94926350268,1,3,0.96,96.0,High Risk
371,Germany,Female,22,5,200492.51615635387,4,1,1,1201.3591697737013,0,1,0.01,1.0,Low Risk
562,France,Female,50,10,212779.6976939716,1,0,0,104269.8227457641,0,1,0.01,1.0,Low Risk
311,France,Male,60,0,85860.04456044624,3,1,0,84457.05255973405,0,3,0.73,73.0,Medium Risk
440,Spain,Male,36,1,239583.7147393203,4,1,0,172510.9283579646,1,7,0.98,98.0,High Risk
316,Germany,Female,49,8,75392.35815536382,4,1,0,157585.2058605684,0,0,0.01,1.0,Low Risk
362,Germany,Male,20,5,222570.8100463676,1,0,1,117935.6827815552,0,0,0.0,0.0,Low Risk
552,France,Female,18,6,105427.27122661009,4,0,0,30178.299272263168,0,1,0.02,2.0,Low Risk
764,Germany,Male,58,10,140452.16460463972,4,0,0,145227.54032214335,0,1,0.05,5.0,Low Risk
675,Germany,Female,65,8,160818.0673328971,2,1,1,118728.5478032562,0,0,0.0,0.0,Low Risk
819,Spain,Male,56,2,33277.069426662725,4,1,1,4518.443012108251,0,2,0.12,12.0,Low Risk
389,Spain,Female,22,4,9277.850490010593,2,1,1,152363.78338647546,0,1,0.01,1.0,Low Risk
474,Germany,Female,28,4,106700.07186004089,3,1,1,166345.7873642365,0,1,0.0,0.0,Low Risk
375,Germany,Female,39,9,40089.130855829935,3,1,0,154901.07319260974,0,1,0.01,1.0,Low Risk
699,Germany,Male,81,6,137233.45411959177,1,1,1,35274.34650819028,1,6,1.0,100.0,High Risk
370,France,Male,29,1,113410.48739481551,1,1,1,100505.08715004512,0,0,0.0,0.0,Low Risk
479,Spain,Male,70,3,30524.40572537241,1,1,1,105461.05159561709,0,0,0.01,1.0,Low Risk
423,France,Female,72,10,166446.26173625517,1,0,0,186871.54525175647,0,0,0.03,3.0,Low Risk
680,Spain,Female,70,3,5123.697180120957,4,1,0,185121.51907957852,1,4,0.97,97.0,High Risk
592,Spain,Female,38,7,31595.826667621175,2,1,0,12465.265050699008,0,0,0.0,0.0,Low Risk
494,Spain,Female,36,9,175041.0552111684,1,1,0,199839.45102931705,0,1,0.04,4.0,Low Risk
527,Germany,Female,86,2,131963.85494661354,3,0,0,157340.1303087691,0,0,0.02,2.0,Low Risk
730,Spain,Female,89,1,70483.24195523212,4,0,1,75112.5694142494,1,6,0.99,99.0,High Risk
735,France,Female,83,8,45061.532665967155,2,1,0,148659.06787412858,1,9,0.99,99.0,High Risk
760,Spain,Female,76,10,160570.93255639164,2,0,0,75336.25175027741,1,6,1.0,100.0,High Risk
320,France,Female,66,3,51399.16624922031,1,1,0,187256.4843673973,0,0,0.0,0.0,Low Risk
363,Spain,Male,76,8,246152.76993664057,1,0,1,75628.85483447334,0,0,0.0,0.0,Low Risk
464,Spain,Female,40,5,217327.80521054848,2,0,1,153222.00212178056,0,0,0.0,0.0,Low Risk
326,Germany,Male,20,0,33039.487454394446,3,1,1,31063.292531740404,0,1,0.02,2.0,Low Risk
610,France,Female,73,10,214788.1407359704,1,0,1,170464.9981946388,0,2,0.06,6.0,Low Risk
584,Spain,Male,75,2,86260.69542699787,2,1,0,124092.57034393992,0,0,0.0,0.0,Low Risk
580,Spain,Female,79,6,122495.45505293502,4,1,1,161522.0431602966,0,2,0.06,6.0,Low Risk
463,France,Male,35,8,35706.07378809174,2,0,1,83597.69854807036,0,1,0.0,0.0,Low Risk
523,Spain,Female,78,7,29643.06032628297,1,0,1,69269.54280420045,0,0,0.0,0.0,Low Risk
445,Germany,Female,54,4,216373.24151557084,4,1,0,106529.08238101826,1,2,0.3,30.0,Low Risk
329,France,Female,71,7,157475.5602584247,3,1,0,77643.89468156094,0,0,0.0,0.0,Low Risk
344,Germany,Male,82,1,115115.25250419488,2,1,0,102834.38772523128,0,1,0.03,3.0,Low Risk
770,France,Female,31,2,9040.964093373876,2,1,1,86135.00889964453,0,0,0.0,0.0,Low Risk
333,France,Male,22,7,230490.49681070977,2,0,0,39336.71356518512,0,1,0.01,1.0,Low Risk
726,France,Male,79,8,94022.05678315728,4,0,0,195326.023900035,0,0,0.02,2.0,Low Risk
520,Spain,Male,18,9,104162.29264927888,1,1,1,3226.907192712041,0,1,0.0,0.0,Low Risk
833,France,Male,80,7,72452.38234780077,2,1,0,185130.2261542868,0,0,0.04,4.0,Low Risk
666,France,Male,84,3,222822.50497352044,4,1,0,165480.51899889426,0,0,0.0,0.0,Low Risk
849,France,Female,37,5,86146.19217946407,2,1,1,84186.48074919506,0,0,0.01,1.0,Low Risk
415,Germany,Male,60,10,43562.3269647033,1,1,0,64426.18058893427,0,1,0.02,2.0,Low Risk
538,France,Male,59,4,125139.29873111118,4,1,0,32945.6401789318,0,2,0.07,7.0,Low Risk
634,Spain,Male,86,3,195373.1648265299,3,1,0,26620.62601919486,1,5,0.97,97.0,High Risk
740,France,Male,91,8,92834.61908619704,2,0,0,110188.2205097547,0,1,0.13,13.0,Low Risk
447,France,Female,56,9,163011.5357190934,1,0,1,21094.28644239111,0,0,0.04,4.0,Low Risk
308,Germany,Female,79,2,76056.07577682144,3,1,1,95299.50723509102,0,0,0.02,2.0,Low Risk
587,Spain,Female,65,0,179940.57749248663,1,0,0,162943.928751336,1,4,0.98,98.0,High Risk
687,Spain,Male,23,6,167180.96839585487,3,1,0,151406.08571100034,0,0,0.0,0.0,Low Risk
349,Spain,Male,91,9,170188.70035565246,1,0,1,26511.052132886343,0,0,0.0,0.0,Low Risk
816,France,Male,59,7,161476.91064850628,3,1,0,192215.59805506383,1,6,0.97,97.0,High Risk
577,France,Female,75,10,39078.08329772458,4,1,0,57241.1159147307,1,8,1.0,100.0,High Risk
599,Spain,Male,60,2,221997.7461687271,3,1,1,141141.06252167348,0,0,0.0,0.0,Low Risk
434,Spain,Female,27,2,146438.1832515517,1,0,0,60106.31678875822,0,0,0.0,0.0,Low Risk
446,Germany,Male,56,5,95596.7650053427,2,0,0,123489.05726829462,0,1,0.03,3.0,Low Risk
789,Spain,Male,30,1,43083.824588113275,3,0,0,114502.00665604229,0,1,0.01,1.0,Low Risk
777,France,Female,56,5,195895.27499739613,1,1,1,35671.413444903475,0,0,0.0,0.0,Low Risk
458,France,Male,28,4,127262.07335650544,2,0,0,130515.26399476964,1,3,0.83,83.0,High Risk
683,France,Female,33,6,36823.27026668727,4,1,1,65207.9555840108,0,1,0.0,0.0,Low Risk
462,Germany,Male,50,8,230355.21393297796,4,1,0,122233.98754614907,0,0,0.0,0.0,Low Risk
740,Spain,Female,77,8,26520.607700861787,2,1,0,108280.03026029067,0,0,0.0,0.0,Low Risk
488,France,Male,76,0,131055.29885977576,1,0,1,168532.06910560085,1,10,0.98,98.0,High Risk
714,Germany,Male,91,6,152645.34919754945,1,0,0,42726.295087528226,0,1,0.04,4.0,Low Risk
638,Germany,Male,68,2,249746.14878679332,3,0,1,30290.95315366616,0,1,0.17,17.0,Low Risk
480,France,Male,32,3,35228.92744062667,4,0,1,170981.07138805746,0,2,0.01,1.0,Low Risk
587,Germany,Male,60,1,153390.04931466066,4,0,1,88914.67943321183,0,1,0.0,0.0,Low Risk
486,Germany,Female,44,0,119178.94861983942,4,0,0,156370.7978740536,1,5,0.99,99.0,High Risk
437,France,Female,73,9,64278.64609405856,4,1,1,191914.93966204528,0,2,0.38,38.0,Low Risk
429,Germany,Male,77,2,235552.5424638912,1,1,0,108869.98825180628,1,5,0.99,99.0,High Risk
493,France,Female,87,9,197710.9207654506,4,0,1,60142.92360543252,1,5,0.94,94.0,High Risk
615,France,Female,64,8,194264.44648072755,2,1,1,158847.92431369342,0,0,0.0,0.0,Low Risk
443,Germany,Female,25,0,224796.51133053724,1,1,1,186189.35965979737,0,1,0.04,4.0,Low Risk
315,France,Female,80,2,181261.01564424264,2,1,0,49037.37738547458,0,1,0.02,2.0,Low Risk
601,France,Male,24,10,126684.86524159453,2,0,0,137672.05911919344,0,0,0.0,0.0,Low Risk
722,Spain,Female,19,4,97884.12625498818,1,0,1,156119.0156746398,0,0,0.0,0.0,Low Risk
544,France,Female,34,2,176033.38174085904,2,0,1,5322.212890052127,0,0,0.0,0.0,Low Risk
406,Spain,Male,21,3,150702.9506879438,2,1,1,118457.71262207508,0,2,0.02,2.0,Low Risk
387,Spain,Male,43,3,135719.11917173932,3,0,0,126636.74295179865,0,0,0.0,0.0,Low Risk
428,Spain,Male,89,0,147264.28756134643,4,1,0,127311.90208629784,1,7,0.98,98.0,High Risk
640,Spain,Male,86,5,163836.89815485684,2,0,0,16830.565831100994,0,1,0.02,2.0,Low Risk
303,Germany,Male,22,10,242176.0481730144,3,1,0,4347.408813253156,1,5,0.95,95.0,High Risk
626,Germany,Male,22,6,188289.51539879764,3,0,0,58745.778565007226,0,0,0.0,0.0,Low Risk
709,France,Male,86,6,44108.17209191961,4,1,0,71572.91202532113,0,0,0.01,1.0,Low Risk
605,France,Male,20,5,116692.19446641604,3,1,1,28933.314919992143,0,0,0.0,0.0,Low Risk
524,France,Female,55,6,169560.4189831127,3,1,1,101922.1929970568,0,0,0.0,0.0,Low Risk
647,Germany,Male,18,2,43913.48353258667,2,0,1,45516.89190345471,0,0,0.0,0.0,Low Risk
620,Spain,Female,25,4,233176.64128610565,4,0,1,67512.91958222202,0,0,0.0,0.0,Low Risk
480,Germany,Male,30,6,19256.32362948196,4,1,0,58571.81760319416,0,1,0.01,1.0,Low Risk
685,Germany,Male,87,9,152745.80228148017,2,0,1,154408.57041679736,0,1,0.0,0.0,Low Risk
407,France,Female,67,4,243983.83671247365,1,0,0,175416.2572759746,0,0,0.0,0.0,Low Risk
830,France,Male,25,9,181967.0733168071,3,0,1,59701.53375306995,0,0,0.0,0.0,Low Risk
709,France,Male,47,1,169314.54357898328,2,0,1,75336.08995400842,1,3,0.91,91.0,High Risk
595,Spain,Female,57,5,249355.1010502708,3,1,1,163056.5116640267,0,0,0.0,0.0,Low Risk
470,Spain,Female,91,6,197949.3570134129,4,1,1,151822.3365309123,0,0,0.02,2.0,Low Risk
630,Germany,Female,50,10,242573.35798649112,4,1,1,141761.64522276446,0,0,0.03,3.0,Low Risk
792,Spain,Female,90,1,174723.0565728598,3,1,1,141574.4097124247,1,4,0.99,99.0,High Risk
494,France,Female,69,9,166364.69356687332,4,1,1,59442.81318897917,0,1,0.0,0.0,Low Risk
311,Spain,Female,50,7,190641.86945628008,4,1,0,187306.4090474363,1,2,0.77,77.0,High Risk
494,Spain,Male,90,4,47188.50081234274,1,1,1,161840.72860007815,0,0,0.0,0.0,Low Risk
789,Spain,Male,54,10,201446.24800460448,4,0,1,42394.22855421135,0,1,0.02,2.0,Low Risk
481,Spain,Male,87,7,242535.08222463375,4,1,1,132433.67794684993,1,4,0.99,99.0,High Risk
615,France,Male,86,2,152910.81868907608,3,1,1,30987.091913345703,1,9,0.94,94.0,High Risk
329,France,Male,21,1,3088.835748372293,2,1,1,115531.27814540248,0,1,0.01,1.0,Low Risk
395,Germany,Female,77,6,18023.097961223142,4,0,0,57826.61937816134,1,7,0.96,96.0,High Risk
680,Germany,Female,91,4,58676.80559011352,4,0,1,21058.19860060125,1,4,0.99,99.0,High Risk
743,Germany,Male,48,4,122774.4158010764,2,1,0,120639.12772994571,1,9,1.0,100.0,High Risk
597,Spain,Female,31,7,103438.9557994657,2,1,0,176860.64441562927,0,0,0.0,0.0,Low Risk
660,Spain,Male,77,8,244803.00013477137,2,0,0,28150.74102982209,0,2,0.13,13.0,Low Risk
673,France,Female,85,7,236396.91377945177,3,0,0,179813.9108134958,1,6,0.99,99.0,High Risk
602,Germany,Male,43,9,98180.62240997815,4,1,1,25571.4300852922,1,7,0.94,94.0,High Risk
720,France,Male,41,1,198579.1198192095,4,1,1,148378.13054821553,0,0,0.0,0.0,Low Risk
545,Germany,Male,73,9,159090.83718347034,2,1,1,197919.74600060735,1,6,1.0,100.0,High Risk
536,Germany,Female,26,10,60783.919803098026,1,1,0,18745.063794259368,0,1,0.0,0.0,Low Risk
833,Germany,Female,52,6,232794.31397741564,3,1,1,42542.139578457805,1,3,0.98,98.0,High Risk
484,Spain,Male,41,10,64879.39239506349,2,1,1,92716.4558438019,0,0,0.0,0.0,Low Risk
767,Germany,Female,48,4,217585.84884452884,2,1,1,147522.03325566047,0,1,0.02,2.0,Low Risk
662,Germany,Male,83,6,159410.18249291624,4,0,1,179582.61155710576,0,0,0.01,1.0,Low Risk
582,Spain,Male,83,2,155281.7772645842,1,1,1,145824.6152744881,1,7,0.99,99.0,High Risk
635,Germany,Female,58,3,209602.49819150247,3,0,0,154246.46140873412,0,0,0.01,1.0,Low Risk
461,Spain,Male,53,6,123577.55130864326,1,0,0,90432.72104085068,0,1,0.0,0.0,Low Risk
459,Spain,Male,51,1,213343.48736740724,1,0,0,71169.54102909451,1,5,0.98,98.0,High Risk
773,France,Male,56,1,137557.1153479459,4,1,1,101557.74742189878,0,0,0.0,0.0,Low Risk
621,Spain,Female,40,0,246161.96538899,2,0,1,129908.67451697408,0,1,0.0,0.0,Low Risk
311,Spain,Male,61,0,164982.51351822636,2,0,0,100473.41178329525,0,2,0.04,4.0,Low Risk
723,Spain,Male,87,0,93515.14372979356,1,1,1,158067.85884456962,0,0,0.0,0.0,Low Risk
372,Germany,Male,75,5,190840.9943322264,3,1,1,31423.296195035684,0,0,0.01,1.0,Low Risk
500,France,Male,76,4,127474.32499023262,3,1,1,79243.60369053672,0,0,0.01,1.0,Low Risk
821,Germany,Female,43,9,201506.24960640547,4,1,1,13311.224822493105,0,1,0.01,1.0,Low Risk
804,Spain,Male,39,7,208365.6667150708,3,1,1,134290.81836041893,0,0,0.0,0.0,Low Risk
338,Spain,Male,57,4,154228.29782572552,4,1,0,151408.8260243445,0,0,0.0,0.0,Low Risk
359,France,Female,28,0,218047.1065777472,1,1,0,133480.38121346853,0,0,0.0,0.0,Low Risk
620,France,Female,26,7,100856.7560122213,3,1,1,191031.48696500628,0,0,0.01,1.0,Low Risk
734,Spain,Female,29,5,14344.25283847124,2,1,1,186429.28282154893,0,0,0.01,1.0,Low Risk
707,Spain,Female,43,7,165662.04386455155,1,1,1,54090.46702197853,1,7,0.97,97.0,High Risk
685,Germany,Female,55,1,191112.95155741728,4,0,0,48642.14176251156,0,0,0.0,0.0,Low Risk
377,Spain,Female,20,9,18200.37847234518,1,1,0,5074.375560367923,0,0,0.02,2.0,Low Risk
493,Germany,Male,32,7,192727.4354700544,1,0,0,100518.61116018772,0,0,0.02,2.0,Low Risk
584,France,Male,64,5,159790.42363598078,4,0,0,172225.3675575236,1,7,1.0,100.0,High Risk
826,Germany,Female,22,0,29102.811445985448,3,1,1,31509.777346009043,0,0,0.0,0.0,Low Risk
823,Spain,Male,71,0,134985.03340650178,3,1,0,118680.16206371538,1,4,0.98,98.0,High Risk
455,Germany,Female,41,9,27185.52610163144,2,1,0,144075.9834074988,1,3,0.91,91.0,High Risk
639,Germany,Male,28,4,80404.6874318253,3,1,1,73543.67477086159,0,1,0.0,0.0,Low Risk
424,France,Female,50,6,200996.23156013072,4,0,0,140591.88158748226,0,0,0.0,0.0,Low Risk
579,Germany,Female,91,3,25197.2579232872,4,1,1,167464.9550600527,0,1,0.04,4.0,Low Risk
427,Spain,Male,74,9,114846.95277601056,4,0,0,2111.840449420113,0,0,0.03,3.0,Low Risk
613,Germany,Female,69,4,151428.25052072344,3,0,1,147048.26295586387,0,1,0.01,1.0,Low Risk
631,Germany,Male,81,9,235127.86197568613,4,1,0,119971.81491285826,0,1,0.0,0.0,Low Risk
449,Germany,Female,60,2,184316.369516981,3,1,1,168968.79102692514,1,2,0.75,75.0,Medium Risk
753,Spain,Female,61,1,34811.79341855145,4,0,1,27729.76165564473,0,0,0.0,0.0,Low Risk
335,Germany,Male,53,1,242217.13325984316,4,1,1,161421.99840166164,1,5,0.97,97.0,High Risk
719,Spain,Female,29,4,119489.41029755832,3,1,0,28244.64109609871,0,1,0.0,0.0,Low Risk
321,Germany,Male,73,3,92429.34714218786,2,1,0,116980.52541132573,1,4,1.0,100.0,High Risk
505,France,Male,20,1,32177.801718827253,2,1,1,54184.20703531195,0,1,0.0,0.0,Low Risk
655,France,Male,67,4,233370.56457026216,2,1,0,48009.05467338561,0,0,0.01,1.0,Low Risk
739,France,Male,46,9,146551.48383487714,3,1,0,99753.07244685492,0,1,0.03,3.0,Low Risk
395,Spain,Male,33,8,246996.88140144135,4,1,1,151468.4303535368,0,0,0.0,0.0,Low Risk
463,Spain,Female,57,7,43466.46882184765,3,0,0,129048.09710372127,0,0,0.0,0.0,Low Risk
447,Spain,Female,44,8,136458.89462945706,1,1,1,197712.5534893265,0,1,0.0,0.0,Low Risk
829,Germany,Male,87,8,27471.549420800908,1,0,1,23820.99546970786,0,0,0.04,4.0,Low Risk
593,Spain,Female,59,7,131068.95670680208,3,0,0,144354.6475465575,0,0,0.0,0.0,Low Risk
494,Spain,Male,74,8,222447.9559730736,1,1,1,11103.495983719153,0,1,0.08,8.0,Low Risk
779,Spain,Female,27,3,27330.2129966628,2,1,0,71496.96363649932,0,1,0.0,0.0,Low Risk
422,Spain,Male,55,7,67412.20186053542,2,1,1,68706.87416041487,0,1,0.01,1.0,Low Risk
699,France,Female,25,1,170600.4780516326,2,0,1,51250.115242548214,0,1,0.0,0.0,Low Risk
751,Germany,Male,35,8,19071.75902000563,1,0,1,106485.21051854915,0,1,0.01,1.0,Low Risk
403,France,Female,34,8,113496.23111862892,2,1,0,48734.230751134026,0,0,0.0,0.0,Low Risk
761,Germany,Male,75,10,83265.40692441142,2,1,0,73520.73277774695,0,0,0.02,2.0,Low Risk
695,Germany,Male,83,2,209537.04844100896,2,1,1,171900.5144723203,0,0,0.0,0.0,Low Risk
636,France,Female,61,5,12268.99827905112,3,1,1,64750.10106216864,0,0,0.0,0.0,Low Risk
441,Spain,Male,91,6,215848.8669359425,4,0,0,197192.01099613128,0,0,0.03,3.0,Low Risk
616,France,Male,26,2,175908.00904858395,4,0,1,55215.938095423415,0,0,0.0,0.0,Low Risk
826,Germany,Female,65,4,74297.63193983462,3,0,1,180601.7423564506,0,1,0.02,2.0,Low Risk
700,Germany,Female,56,0,49442.13362337346,2,0,0,86260.81133355472,0,0,0.0,0.0,Low Risk
609,Spain,Male,23,10,237544.0844763441,2,0,1,181506.60970290785,0,0,0.01,1.0,Low Risk
794,France,Male,47,2,138476.995827153,3,1,1,85364.31096567483,0,0,0.0,0.0,Low Risk
408,Germany,Male,91,7,86194.4058920841,3,0,0,154074.39326631484,1,2,0.72,72.0,Medium Risk
671,France,Male,35,2,11117.126379778492,1,1,0,80005.52087540887,0,2,0.01,1.0,Low Risk
505,Spain,Female,60,7,41446.06262220493,3,0,1,124184.52496110566,0,1,0.01,1.0,Low Risk
342,Spain,Male,50,8,149541.25376562652,2,0,0,10307.117245991309,0,1,0.01,1.0,Low Risk
544,Germany,Male,70,5,128277.3992135974,3,1,1,119804.02915797551,0,0,0.0,0.0,Low Risk
586,Spain,Female,73,6,189402.52913988673,2,0,0,63196.78923791521,1,5,1.0,100.0,High Risk
654,Germany,Female,36,5,208709.393259683,1,1,1,199257.49222601633,0,1,0.01,1.0,Low Risk
775,Germany,Male,86,7,99293.70066299534,3,1,1,162126.31313554646,0,0,0.05,5.0,Low Risk
382,Spain,Female,43,6,25232.478956607185,1,1,1,15923.968103893108,0,0,0.0,0.0,Low Risk
409,Spain,Female,46,9,197882.44001786484,2,1,0,39661.91944182565,0,1,0.04,4.0,Low Risk
489,France,Female,41,0,138435.02508241075,2,0,0,123218.62953507587,0,0,0.0,0.0,Low Risk
550,France,Male,23,2,244947.9721097416,2,0,0,60092.58903617901,0,0,0.0,0.0,Low Risk
590,Germany,Male,71,2,199087.47905319615,2,1,1,42588.562384608325,0,1,0.03,3.0,Low Risk
500,France,Male,56,2,82268.18040277567,1,1,0,71145.30645755887,0,0,0.0,0.0,Low Risk
625,Germany,Female,21,3,107122.53391281064,3,0,0,21250.154553318796,1,9,0.99,99.0,High Risk
810,Spain,Male,75,0,58893.993364506874,3,0,0,110898.9282544924,0,0,0.03,3.0,Low Risk
708,Spain,Male,65,10,127999.62425895796,2,1,0,56608.630825671265,0,0,0.02,2.0,Low Risk
807,France,Male,77,1,177681.24000157948,2,1,1,173403.3067567441,1,5,1.0,100.0,High Risk
371,Germany,Female,43,4,153122.18994068683,1,1,0,6560.194342737231,1,5,1.0,100.0,High Risk
546,Germany,Male,57,10,85520.86568343359,1,1,0,70194.87419716295,1,3,0.96,96.0,High Risk
643,France,Male,73,5,205824.976931436,2,0,1,109924.58362305496,0,0,0.0,0.0,Low Risk
353,Germany,Male,56,8,26264.689174999552,2,1,1,47040.39092940053,1,2,0.5,50.0,Low Risk
827,Germany,Male,56,1,35638.673249540676,3,0,0,11479.889905310834,0,3,0.37,37.0,Low Risk
831,Spain,Female,65,8,101039.89169331356,3,1,0,14500.421878746454,1,4,1.0,100.0,High Risk
492,Germany,Male,42,6,175560.82842285326,3,1,1,31873.064084396337,0,0,0.0,0.0,Low Risk
357,Germany,Male,51,8,173546.4195243162,2,0,1,54385.46547937429,0,1,0.02,2.0,Low Risk
736,Germany,Female,38,3,91630.86067908946,4,0,0,141149.8633815531,0,0,0.04,4.0,Low Risk
410,France,Female,42,6,174151.97611229678,1,0,0,94934.24176111944,0,0,0.0,0.0,Low Risk
428,France,Female,39,0,15146.443813182696,1,0,0,6594.595928295518,0,0,0.0,0.0,Low Risk
625,France,Female,40,7,72505.4874562151,1,1,0,31015.095533760716,0,2,0.04,4.0,Low Risk
307,Germany,Female,42,6,173443.32831852802,2,1,1,73591.330515078,0,0,0.01,1.0,Low Risk
328,Germany,Male,43,6,46010.35026047431,2,1,1,83960.4527479609,0,0,0.0,0.0,Low Risk
411,France,Female,47,1,53178.00715211415,1,1,1,12638.556480205105,0,0,0.03,3.0,Low Risk
430,France,Female,55,9,21720.65473370402,1,0,1,24220.62817082995,0,0,0.02,2.0,Low Risk
487,Germany,Female,51,8,91117.75403584944,1,1,0,52445.695447393846,1,3,0.92,92.0,High Risk
774,Germany,Male,90,10,206231.8101482933,2,0,1,167332.5537678448,1,3,0.89,89.0,High Risk
663,Spain,Male,32,7,209089.78095567977,4,1,1,41847.7180313154,0,0,0.0,0.0,Low Risk
503,France,Male,61,0,215590.63320020863,4,1,0,45366.662738760686,1,7,0.98,98.0,High Risk
511,Germany,Female,27,10,9176.00737222038,4,0,1,98910.02413793856,0,0,0.01,1.0,Low Risk
575,France,Male,54,0,248372.176471651,3,1,1,178294.99530579697,0,0,0.02,2.0,Low Risk
372,France,Female,24,4,125660.30973866674,3,1,0,105642.22351748732,0,0,0.0,0.0,Low Risk
542,France,Female,49,1,218181.75758293387,2,0,1,15880.803702265195,1,3,0.85,85.0,High Risk
401,Spain,Male,28,0,226278.6586768075,4,0,1,37295.964667413464,0,0,0.0,0.0,Low Risk
470,Germany,Male,65,9,128624.55997485729,4,0,0,171161.57113187475,0,0,0.01,1.0,Low Risk
487,Germany,Male,85,10,12772.437753963806,3,1,0,175352.8019139743,1,4,0.98,98.0,High Risk
740,France,Female,65,7,149367.44160353823,4,0,0,159092.74139857036,1,7,1.0,100.0,High Risk
385,Germany,Male,62,3,83523.3635878185,1,0,1,108371.57190986568,1,3,0.93,93.0,High Risk
775,Spain,Male,50,1,51691.6681273232,3,1,1,87835.77075848944,0,0,0.0,0.0,Low Risk
351,France,Male,21,4,45625.254560455905,1,0,1,53651.91935300884,0,1,0.0,0.0,Low Risk
410,Spain,Male,64,10,139816.05703803964,4,1,0,109563.36507602628,0,1,0.01,1.0,Low Risk
342,Spain,Male,70,5,26118.7042930576,2,0,1,136567.30752382902,1,8,0.98,98.0,High Risk
510,Germany,Female,48,7,205411.13853310744,4,1,1,119854.8703911835,0,0,0.03,3.0,Low Risk
499,Germany,Female,48,6,56823.33771874809,2,0,0,45119.14914552333,0,0,0.01,1.0,Low Risk
325,Spain,Male,44,6,137322.71257998626,1,0,0,180621.8792201676,0,0,0.0,0.0,Low Risk
598,Germany,Female,65,0,31365.052091551297,1,0,1,78092.86797251705,0,0,0.0,0.0,Low Risk
376,Spain,Female,53,2,214907.2991199451,4,0,0,176979.6460600632,0,0,0.0,0.0,Low Risk
436,Spain,Female,66,2,173021.84532240068,3,1,0,79495.7096563112,0,1,0.0,0.0,Low Risk
319,France,Male,48,6,51630.46934423904,1,0,0,7700.530763802702,0,0,0.0,0.0,Low Risk
739,Spain,Female,61,1,178935.18920006172,2,1,0,147593.4387683994,1,6,0.99,99.0,High Risk
510,Spain,Male,76,9,20725.03338346915,2,1,1,184028.63692325432,1,5,1.0,100.0,High Risk
734,Germany,Female,40,6,193054.17036348704,3,1,1,50959.479277705585,0,0,0.0,0.0,Low Risk
506,France,Male,85,8,122586.69458521048,4,0,0,108501.20265569392,0,0,0.01,1.0,Low Risk
738,Germany,Female,59,0,30045.916428189877,1,0,1,161525.65556004646,0,0,0.02,2.0,Low Risk
341,France,Female,59,1,137619.56421640312,4,0,0,64223.848889928995,1,5,0.95,95.0,High Risk
710,Germany,Male,30,10,50216.57618477574,1,0,0,57242.11140889019,0,0,0.04,4.0,Low Risk
822,Spain,Male,18,5,168193.17035460568,4,1,0,82218.93000363697,0,1,0.0,0.0,Low Risk
726,France,Female,70,1,177154.90280186088,3,1,0,110119.46668494484,0,0,0.0,0.0,Low Risk
574,France,Male,57,1,190210.013415064,2,1,0,110511.13053462606,0,0,0.0,0.0,Low Risk
747,France,Male,63,4,223717.6244878976,4,0,0,97276.21161545524,1,4,1.0,100.0,High Risk
668,France,Male,39,6,163734.88203739145,4,1,1,164069.51605844792,0,0,0.0,0.0,Low Risk
519,Germany,Male,69,3,122942.27779697486,1,1,1,30592.2467977816,0,1,0.02,2.0,Low Risk
531,Germany,Female,45,5,213556.4090660593,4,1,0,17041.430270824207,0,0,0.0,0.0,Low Risk
627,France,Male,70,2,224961.01870313956,4,1,1,33720.67463350989,0,0,0.0,0.0,Low Risk
742,France,Female,80,3,195438.3447264539,3,1,0,140803.91873065612,0,1,0.01,1.0,Low Risk
351,France,Female,34,3,235607.04682748616,4,0,1,29057.47433053576,0,0,0.0,0.0,Low Risk
675,Germany,Male,81,3,244858.48613514905,3,1,1,64571.95449528239,0,0,0.01,1.0,Low Risk
562,France,Male,23,0,62827.940633421815,3,1,1,175937.34634590134,0,1,0.0,0.0,Low Risk
566,France,Male,31,3,45923.68534932842,3,1,0,28054.38989292403,0,1,0.0,0.0,Low Risk
658,France,Male,34,3,112148.0904219601,1,1,1,105639.51735859172,0,0,0.0,0.0,Low Risk
616,Germany,Female,55,5,249231.6803098448,3,1,0,101213.12039542108,0,1,0.02,2.0,Low Risk
623,Spain,Female,86,8,22118.33794145368,1,0,0,6818.896220814235,0,1,0.06,6.0,Low Risk
720,Spain,Male,30,9,177998.50116513288,2,1,0,23091.82270280919,0,0,0.0,0.0,Low Risk
345,Germany,Female,70,5,212708.9117552405,3,0,1,190078.9809486934,0,0,0.04,4.0,Low Risk
568,Spain,Male,26,5,249111.9112275101,4,0,0,192205.5033056666,0,1,0.0,0.0,Low Risk
680,France,Female,61,6,154928.11793122347,3,0,1,174932.92920654247,0,1,0.0,0.0,Low Risk
417,France,Female,43,6,95023.6113838947,2,0,1,86377.77175464501,0,0,0.0,0.0,Low Risk
415,Germany,Female,36,0,41623.44589846046,3,0,1,118592.35452100328,0,1,0.01,1.0,Low Risk
559,Germany,Male,65,7,245440.5173062765,1,1,0,164832.09719197723,1,5,1.0,100.0,High Risk
374,Spain,Male,47,0,231050.813296201,2,1,0,135232.15207917077,0,1,0.06,6.0,Low Risk
779,Spain,Female,49,8,201129.70607194104,2,0,1,179027.57690130835,0,1,0.0,0.0,Low Risk
604,France,Male,86,3,235943.66890259268,1,0,0,63155.015867175,0,0,0.02,2.0,Low Risk
306,Germany,Male,28,8,15213.601811995744,1,0,1,124833.81564033413,0,1,0.0,0.0,Low Risk
665,Spain,Female,43,7,157873.21111811066,4,0,0,113412.08715434694,0,0,0.0,0.0,Low Risk
822,Spain,Male,43,8,68699.07412570076,2,1,1,196919.1349335529,0,0,0.0,0.0,Low Risk
647,France,Male,34,5,191398.01607814725,3,1,0,175616.64974261916,0,0,0.02,2.0,Low Risk
737,France,Female,61,8,23929.15611233956,1,0,1,33046.5399776038,0,1,0.01,1.0,Low Risk
514,France,Female,40,3,64679.992188158925,4,1,0,11787.980019911452,1,3,0.92,92.0,High Risk
728,France,Female,42,2,212563.01115066896,1,0,0,89286.10515648041,0,0,0.0,0.0,Low Risk
797,Spain,Female,54,2,187361.7329930983,1,1,1,109107.72805350913,0,2,0.01,1.0,Low Risk
839,Germany,Male,82,7,248005.50675529576,4,0,0,157975.33517454632,0,1,0.06,6.0,Low Risk
666,Germany,Male,19,1,160995.88766795857,2,1,1,31953.818755496497,0,0,0.01,1.0,Low Risk
612,France,Female,91,5,75768.80317389061,3,1,0,183986.30290652264,0,1,0.01,1.0,Low Risk
837,France,Female,49,8,136970.8861345263,1,0,1,114321.53241950794,0,1,0.01,1.0,Low Risk
353,Spain,Male,91,8,235991.6018186497,2,0,1,168551.09383771734,0,1,0.03,3.0,Low Risk
840,France,Male,72,7,162940.89117536388,4,1,0,167297.00604972328,0,0,0.03,3.0,Low Risk
766,Germany,Male,67,7,220374.7244758978,4,0,1,190373.3785699895,1,8,0.99,99.0,High Risk
463,France,Female,82,0,5721.725307547526,4,0,1,131750.4898520606,0,0,0.0,0.0,Low Risk
633,Germany,Female,49,10,92387.74404574552,2,1,0,156767.18130122172,0,0,0.08,8.0,Low Risk
846,France,Female,54,6,233826.8024744964,3,0,1,164107.2432810997,0,1,0.02,2.0,Low Risk
647,France,Female,30,0,9822.400448327357,2,0,0,93628.77559269455,0,1,0.03,3.0,Low Risk
572,Germany,Male,71,8,129775.36805002778,2,1,1,86461.65386564848,1,6,1.0,100.0,High Risk
713,Spain,Female,20,2,86632.37981715427,4,0,0,189323.6077471077,1,4,0.95,95.0,High Risk
799,Spain,Female,59,0,161551.047139482,1,1,1,13403.659400277824,0,0,0.0,0.0,Low Risk
392,France,Male,57,7,40555.69687583993,1,1,1,190589.3099325768,0,0,0.0,0.0,Low Risk
378,France,Female,91,6,163325.08286578374,4,0,0,115700.84847511815,0,0,0.02,2.0,Low Risk
516,Germany,Male,83,1,247960.3828886598,1,0,1,58943.34824645531,0,0,0.04,4.0,Low Risk
657,Germany,Female,77,6,67790.92273850928,4,0,1,111444.97895791596,0,0,0.01,1.0,Low Risk
806,France,Male,28,4,115356.98653119685,2,1,1,127561.90631563902,0,1,0.0,0.0,Low Risk
480,Germany,Male,18,6,7424.803607411268,4,0,1,22166.18606970099,1,7,0.96,96.0,High Risk
545,Spain,Male,43,9,108512.1806063107,3,1,1,133988.20862324064,0,0,0.0,0.0,Low Risk
543,Spain,Female,59,6,101498.11609875198,3,0,1,180516.75536073575,0,1,0.0,0.0,Low Risk
805,Germany,Female,79,1,141176.80401714798,3,1,1,194259.25219548485,0,0,0.02,2.0,Low Risk
721,Germany,Female,78,1,64192.64068963404,2,0,1,119961.73303465242,0,0,0.0,0.0,Low Risk
619,Germany,Female,79,6,82163.52520448517,1,1,1,65415.69997672146,0,0,0.03,3.0,Low Risk
386,Spain,Female,91,2,152474.17218662455,2,0,1,112698.86166721758,0,1,0.09,9.0,Low Risk
516,France,Female,29,3,227118.7165159356,1,0,0,579.4890623611949,0,0,0.04,4.0,Low Risk
789,Germany,Male,44,6,58799.537333399734,2,1,0,183848.6226879146,0,1,0.02,2.0,Low Risk
818,Germany,Female,84,1,169364.55170357908,2,1,0,156929.9522416728,1,6,1.0,100.0,High Risk
577,Germany,Female,45,1,130970.85402736404,3,1,0,33296.234647161225,0,0,0.0,0.0,Low Risk
468,France,Male,83,8,26152.290675534816,2,1,0,121877.272833958,0,0,0.01,1.0,Low Risk
629,Germany,Male,45,10,141358.3171130271,3,1,1,4130.023290208622,0,0,0.0,0.0,Low Risk
740,Germany,Female,38,0,177201.99378782115,2,1,1,43216.20078119577,0,1,0.0,0.0,Low Risk
690,Spain,Male,24,2,149563.47317559517,4,0,1,34010.70572910075,0,0,0.0,0.0,Low Risk
795,Germany,Female,31,9,26103.553532452304,3,1,0,31238.416015905776,0,0,0.01,1.0,Low Risk
680,Spain,Male,56,3,213634.8960109279,4,0,0,110424.79544135764,0,1,0.0,0.0,Low Risk
605,France,Female,90,4,10250.89899739154,2,1,1,192885.6594514702,0,0,0.0,0.0,Low Risk
812,Germany,Male,79,2,59001.17132917426,2,1,1,26076.11942911412,1,6,1.0,100.0,High Risk
487,Germany,Male,29,8,153927.41977160054,4,1,1,174564.4173016361,0,1,0.0,0.0,Low Risk
815,Spain,Female,55,4,54503.16198320116,1,1,1,16460.639255237777,1,9,1.0,100.0,High Risk
726,France,Female,75,6,25449.685164649403,1,1,0,16577.55138479841,0,0,0.01,1.0,Low Risk
801,France,Male,73,10,127979.56641445195,1,0,0,125619.21463234922,1,5,0.99,99.0,High Risk
559,Spain,Male,56,6,180615.03770684233,2,0,0,114905.428424591,0,0,0.0,0.0,Low Risk
812,France,Male,21,10,102688.78316567796,1,1,0,68852.20186855354,0,1,0.02,2.0,Low Risk
370,France,Male,65,8,174615.25950597975,1,0,1,106682.36383331662,0,0,0.01,1.0,Low Risk
777,France,Female,24,1,215163.5458294443,2,0,1,150985.69442375287,0,0,0.01,1.0,Low Risk
477,France,Male,77,2,239699.16020989325,2,1,1,154661.20948267367,0,0,0.0,0.0,Low Risk
756,France,Male,57,3,58316.22243318976,1,1,1,2406.858141317298,0,0,0.01,1.0,Low Risk
488,France,Female,25,7,151340.2782469006,1,1,0,15625.864731696774,0,1,0.0,0.0,Low Risk
590,France,Female,75,0,66718.49556147374,4,0,1,696.0722259934083,0,0,0.02,2.0,Low Risk
819,France,Female,74,8,217729.62919521797,2,1,1,3138.1584161230494,0,0,0.03,3.0,Low Risk
591,Germany,Female,52,4,222571.96702085197,2,0,0,167929.3324150591,0,1,0.02,2.0,Low Risk
582,Spain,Female,90,3,80540.23001742442,4,0,1,16719.73911969549,0,1,0.14,14.0,Low Risk
843,France,Female,30,7,161335.8115813217,3,1,1,142204.13290734866,0,0,0.01,1.0,Low Risk
676,Spain,Male,56,8,221918.8420439753,3,0,0,196006.76527975636,0,0,0.0,0.0,Low Risk
455,France,Male,38,2,127090.90831351292,2,0,0,164183.68849624685,0,0,0.0,0.0,Low Risk
807,France,Male,64,3,180117.66084668727,2,1,1,13288.49528279958,0,0,0.0,0.0,Low Risk
712,Germany,Female,19,0,200213.87594809756,1,1,0,178776.91507134837,1,3,0.59,59.0,Medium Risk
827,Spain,Female,61,2,217974.0240092039,3,1,1,191634.0321513055,1,2,0.68,68.0,Medium Risk
654,Spain,Male,47,9,128801.89663146554,1,0,1,141277.52826276165,1,5,0.98,98.0,High Risk
486,Germany,Male,72,4,235456.0936290432,3,1,1,123265.9914044111,0,0,0.02,2.0,Low Risk
330,Germany,Female,57,7,157238.308670267,4,1,0,120363.12137671748,1,6,1.0,100.0,High Risk
559,Spain,Female,41,0,37931.89054021956,1,0,1,164052.26048905778,0,0,0.0,0.0,Low Risk
720,France,Male,59,0,153114.18898203174,4,0,1,110694.8668822022,0,0,0.0,0.0,Low Risk
828,France,Male,45,2,74618.46109594594,4,1,1,66762.37616575892,0,1,0.0,0.0,Low Risk
603,Spain,Male,68,8,93021.33568472772,3,0,1,194087.23722815423,0,0,0.0,0.0,Low Risk
338,France,Male,39,8,202214.88088443197,2,1,1,9701.145776632486,0,0,0.0,0.0,Low Risk
788,Germany,Male,91,0,243336.86717684177,2,0,1,133072.9937053831,0,1,0.01,1.0,Low Risk
841,Germany,Female,91,3,217463.4868253837,4,0,0,117129.48835360567,0,1,0.08,8.0,Low Risk
577,Germany,Male,25,7,81450.90434335673,2,0,0,127833.54485797776,1,7,0.95,95.0,High Risk
502,Spain,Male,31,1,113414.7027208922,1,1,0,128444.9277570314,1,8,1.0,100.0,High Risk
365,Spain,Female,62,3,245874.43667480713,3,0,0,24714.58719089952,0,1,0.0,0.0,Low Risk
407,Spain,Male,55,6,230882.72064382484,1,0,1,26710.946294257737,0,1,0.01,1.0,Low Risk
567,France,Female,49,6,244237.23627698,2,0,1,13483.772829452571,0,0,0.01,1.0,Low Risk
521,Spain,Female,79,4,108229.37126000748,4,1,0,187677.167044945,0,0,0.0,0.0,Low Risk
829,Spain,Male,84,6,200140.8174602225,3,0,0,121984.62971045556,0,0,0.0,0.0,Low Risk
389,Germany,Male,78,5,217804.3143352504,4,1,0,15431.092836507663,1,6,0.99,99.0,High Risk
554,France,Female,30,1,11065.83803681896,3,1,0,86737.14908392116,0,0,0.02,2.0,Low Risk
754,France,Female,64,8,66521.94083856669,1,1,1,71870.99328469265,0,1,0.0,0.0,Low Risk
552,Germany,Female,71,4,220870.9845148633,2,1,0,29649.244394524223,0,0,0.0,0.0,Low Risk
556,France,Male,88,1,97185.62168815357,1,1,1,164405.38293745893,0,0,0.02,2.0,Low Risk
682,Spain,Male,69,5,69655.51961615038,4,0,1,155123.47284483595,0,1,0.03,3.0,Low Risk
741,France,Male,89,9,68172.87326471494,1,0,1,92820.26082179988,1,7,0.98,98.0,High Risk
389,Germany,Male,42,4,93851.24344622892,2,1,0,104498.32989527566,1,2,0.72,72.0,Medium Risk
689,France,Male,40,1,60990.70488161615,2,1,0,87291.79424280148,0,1,0.0,0.0,Low Risk
343,Germany,Female,91,9,840.8280895630394,1,0,0,110208.48403198946,0,0,0.05,5.0,Low Risk
318,Spain,Male,47,9,43148.78685822665,3,0,1,146515.3561748228,0,2,0.19,19.0,Low Risk
400,Spain,Male,28,6,220643.76366358093,2,1,0,175195.30890493552,0,1,0.0,0.0,Low Risk
656,Germany,Female,52,9,18912.14933287791,2,1,1,118468.05830655158,0,1,0.0,0.0,Low Risk
841,Spain,Male,44,1,103250.5100303143,2,1,1,25168.189122253934,0,0,0.0,0.0,Low Risk
332,Spain,Male,84,6,114121.96354138864,2,1,1,154413.36246019244,0,0,0.0,0.0,Low Risk
528,France,Male,64,5,194538.49094809743,3,0,1,74462.05345941668,0,0,0.0,0.0,Low Risk
823,Spain,Female,67,3,63147.49437295439,3,1,0,125979.27365730844,1,6,0.99,99.0,High Risk
454,Germany,Female,25,3,77410.4470894035,4,1,1,39725.82326664489,1,4,0.97,97.0,High Risk
722,Spain,Male,72,5,3568.9894710129456,4,1,1,32690.21754409242,0,0,0.04,4.0,Low Risk
545,France,Male,59,8,225707.6537535556,4,0,1,10544.298835141091,1,10,1.0,100.0,High Risk
704,Germany,Male,84,9,171389.23483067338,1,1,1,62897.982496586534,0,0,0.01,1.0,Low Risk
840,Spain,Female,37,5,65711.55719031366,1,1,0,119432.7964811283,0,0,0.01,1.0,Low Risk
460,Spain,Female,62,5,221878.736659154,4,0,1,63761.891469386435,0,0,0.0,0.0,Low Risk
416,Spain,Male,52,10,21645.368860857772,2,1,1,48183.48666179093,1,6,1.0,100.0,High Risk
570,Germany,Male,37,0,92098.91373681495,4,1,1,198973.17756246813,1,5,0.99,99.0,High Risk
786,France,Male,41,4,140899.3836675939,1,0,0,199768.35300216728,0,0,0.01,1.0,Low Risk
471,Germany,Male,74,0,126377.91719045994,3,1,0,120993.49668457896,0,1,0.04,4.0,Low Risk
573,Germany,Female,72,10,163726.88700867523,2,1,0,64724.995027846,0,0,0.04,4.0,Low Risk
558,France,Female,26,8,74398.7606282675,2,0,1,172327.15618848268,0,0,0.0,0.0,Low Risk
434,Germany,Male,33,9,189460.36566234689,2,1,0,147360.63917743045,0,1,0.02,2.0,Low Risk
721,Germany,Female,72,3,101361.54560739292,1,1,1,123191.49580492971,0,1,0.01,1.0,Low Risk
720,Spain,Female,89,1,31324.29842324344,2,1,0,181651.79851293415,0,1,0.01,1.0,Low Risk
485,Germany,Male,75,8,185100.36198264192,2,1,0,89068.02173587811,0,0,0.0,0.0,Low Risk
663,Spain,Male,81,5,227985.7453282475,3,0,1,51098.70864636519,1,10,1.0,100.0,High Risk
677,Germany,Male,66,10,91106.11937367244,2,1,0,193409.3273520768,0,1,0.03,3.0,Low Risk
822,Spain,Male,46,9,147413.20595552085,1,0,0,172050.2715423419,0,0,0.02,2.0,Low Risk
495,Spain,Female,24,2,171956.13201788077,2,1,1,182413.91141993148,0,0,0.0,0.0,Low Risk
397,Spain,Male,86,1,207880.8805555495,1,1,1,183642.0651059769,0,1,0.04,4.0,Low Risk
321,France,Male,19,5,49498.37682225572,3,1,1,76528.75988295263,0,0,0.0,0.0,Low Risk
749,Germany,Male,50,9,142494.58970028677,3,1,0,172162.9873065494,0,1,0.0,0.0,Low Risk
471,Germany,Male,65,5,185090.84950998207,2,1,1,177856.99083143185,0,0,0.03,3.0,Low Risk
682,Germany,Female,54,8,49781.543423381234,4,0,1,109521.78310128814,1,4,1.0,100.0,High Risk
433,France,Male,47,4,118120.3679322754,3,1,0,125055.29056049636,1,4,0.99,99.0,High Risk
725,Spain,Male,58,10,116090.52211720994,2,1,1,115503.48186302226,1,11,1.0,100.0,High Risk
324,Germany,Female,21,8,209836.3138972982,3,0,0,3215.331271555637,1,5,0.98,98.0,High Risk
802,France,Male,56,4,194326.60011305523,3,0,1,107111.21568790286,0,1,0.01,1.0,Low Risk
484,France,Male,41,1,57981.623831504374,1,1,1,7576.967945395862,0,0,0.0,0.0,Low Risk
384,Germany,Male,67,0,58238.168167267904,4,0,1,90220.2542216372,0,2,0.25,25.0,Low Risk
443,Spain,Female,54,8,180838.53235083495,1,1,0,9146.757427661198,0,0,0.0,0.0,Low Risk
711,France,Male,70,9,184903.1203496341,2,1,1,91076.96330598602,0,0,0.01,1.0,Low Risk
523,Germany,Male,42,6,44724.968099844744,2,1,1,60956.7416006511,0,1,0.0,0.0,Low Risk
519,Spain,Male,48,2,102795.09759717442,1,0,0,154787.2870382662,0,0,0.0,0.0,Low Risk
478,France,Female,55,5,206442.7155877516,4,1,1,95825.42953796976,0,1,0.02,2.0,Low Risk
732,France,Male,75,9,19855.163463596946,4,0,1,102423.85655462848,0,0,0.03,3.0,Low Risk
564,Germany,Male,70,3,93473.64069633004,4,0,0,180738.1506465113,0,0,0.0,0.0,Low Risk
728,Germany,Male,67,8,161135.25798457954,3,0,0,96464.89283547144,1,4,1.0,100.0,High Risk
715,Spain,Female,21,1,192771.6980467441,2,1,1,31282.76474074312,0,0,0.0,0.0,Low Risk
752,Germany,Female,69,10,163164.4722282987,3,1,1,22524.360135432875,0,0,0.01,1.0,Low Risk
496,Germany,Male,48,3,99380.19325393674,1,1,0,61171.36675203612,0,0,0.02,2.0,Low Risk
352,Spain,Male,31,0,247987.7741829829,4,0,0,53082.74736779978,0,1,0.0,0.0,Low Risk
779,Germany,Female,18,6,10383.0896051183,3,0,0,163700.87085196603,0,0,0.01,1.0,Low Risk
742,Spain,Male,60,3,123688.9656865804,4,1,1,151779.1716176257,1,2,0.62,62.0,Medium Risk
629,Spain,Female,76,4,127513.75399067377,3,0,1,11734.172919940407,0,0,0.01,1.0,Low Risk
550,Spain,Female,78,0,59947.793448852455,2,0,0,40207.87756149481,0,1,0.04,4.0,Low Risk
422,Germany,Female,58,1,139676.85315742253,4,0,0,89770.60828659894,1,5,1.0,100.0,High Risk
686,Spain,Male,35,3,55014.35179303588,3,0,1,17448.79071305425,0,0,0.0,0.0,Low Risk
638,Germany,Female,77,1,110853.01659561494,1,0,1,33251.89220772819,0,0,0.01,1.0,Low Risk
647,Spain,Female,86,0,107908.56842617,3,1,0,181689.9680785055,1,7,0.97,97.0,High Risk
328,Germany,Male,76,9,193280.589059262,1,1,0,108243.90017198453,1,4,1.0,100.0,High Risk
334,Spain,Male,59,0,235647.97145517304,1,1,0,159331.15128354583,0,0,0.03,3.0,Low Risk
817,France,Male,53,5,50710.81442028902,4,1,0,66116.4371785449,0,0,0.01,1.0,Low Risk
695,France,Female,57,1,247879.3202096896,2,1,1,74964.19746602236,1,8,0.97,97.0,High Risk
593,France,Female,47,2,235079.11501826503,1,0,0,171671.90553735328,1,5,0.96,96.0,High Risk
648,Spain,Male,28,4,28163.30004095025,1,0,1,131439.60146022524,0,0,0.0,0.0,Low Risk
446,Germany,Female,42,2,228091.5089140754,2,1,0,135679.49221386042,1,5,0.98,98.0,High Risk
366,Spain,Male,62,5,141144.4824126412,2,1,0,127791.75445656566,1,3,0.97,97.0,High Risk
819,Spain,Male,68,6,219739.1018666497,2,1,1,108231.41118859584,0,0,0.01,1.0,Low Risk
421,Spain,Male,60,9,236408.8041788732,1,1,0,198225.9457406615,1,6,1.0,100.0,High Risk
639,Spain,Male,83,5,214726.8006180844,2,0,0,178842.85331886043,0,1,0.02,2.0,Low Risk
474,Germany,Male,64,1,100719.39668842328,1,1,1,142183.55086432092,0,0,0.02,2.0,Low Risk
750,Spain,Female,41,8,159189.79836738805,1,0,0,135634.70906304137,0,0,0.0,0.0,Low Risk
435,France,Female,54,1,116192.57976163704,1,1,1,16862.118316678334,0,0,0.02,2.0,Low Risk
315,France,Male,73,5,91611.97814657746,2,0,1,97041.91524242576,1,3,0.86,86.0,High Risk
632,France,Female,63,8,62677.48681035645,1,1,1,99206.42224284034,1,11,0.97,97.0,High Risk
494,Spain,Female,45,8,110376.98274674876,4,0,1,10397.325640037585,0,1,0.0,0.0,Low Risk
795,Germany,Male,69,1,201492.9813133182,1,1,0,151122.7303830416,1,6,1.0,100.0,High Risk
308,Germany,Female,32,8,211005.67377060867,2,0,1,403.25686200052206,0,1,0.04,4.0,Low Risk
633,Germany,Female,62,7,239501.37977194384,2,1,1,85047.54111152524,0,0,0.01,1.0,Low Risk
632,Spain,Male,75,6,72654.16311108503,1,1,1,180651.201603242,0,0,0.03,3.0,Low Risk
626,Germany,Female,84,10,162599.37635100482,1,0,0,68078.35479420496,0,1,0.03,3.0,Low Risk
314,France,Female,90,7,173444.73703434973,1,0,1,116533.57223754196,1,4,0.95,95.0,High Risk
525,Germany,Female,89,9,47833.08350831239,4,1,1,61597.85116212121,1,5,1.0,100.0,High Risk
724,Spain,Female,90,7,91720.47823102846,2,1,0,35804.52071175244,0,1,0.03,3.0,Low Risk
707,Spain,Female,58,0,85564.2141830049,4,0,1,146006.4790288457,0,1,0.02,2.0,Low Risk
412,Germany,Male,82,8,246477.49868506184,2,0,0,40921.99463408071,0,2,0.11,11.0,Low Risk
727,Spain,Male,57,5,239594.6407803921,3,0,1,14448.147110011758,0,0,0.02,2.0,Low Risk
300,Germany,Male,22,0,205441.9749612399,2,1,0,87031.66723991148,1,2,0.17,17.0,Low Risk
565,Germany,Male,45,0,118208.98882389728,1,0,1,141778.21293005502,1,5,0.97,97.0,High Risk
790,France,Male,55,6,66017.95345411135,2,1,0,116005.58550698117,1,6,0.99,99.0,High Risk
507,Spain,Female,35,9,228991.06062179033,2,0,0,48888.51763598256,0,0,0.0,0.0,Low Risk
668,France,Female,54,1,67010.90052115785,3,0,1,163552.65012841442,0,1,0.0,0.0,Low Risk
605,Spain,Male,44,5,130485.75453970564,3,1,0,19427.46860217063,0,0,0.01,1.0,Low Risk
311,Germany,Male,42,4,61268.13064414085,4,1,0,134066.72408756195,1,8,0.98,98.0,High Risk
644,Spain,Male,86,4,242814.47315621676,4,0,1,121339.52901407296,0,0,0.11,11.0,Low Risk
764,Germany,Female,44,9,10440.402031758722,1,1,0,179785.41891890738,1,4,0.99,99.0,High Risk
793,Spain,Female,71,5,43587.45456028645,4,1,0,105390.06004752291,0,0,0.01,1.0,Low Risk
667,France,Female,24,10,191262.3098100629,4,1,0,163798.6489629446,0,0,0.0,0.0,Low Risk
719,France,Female,44,7,37861.32169556783,3,0,0,43066.9589860818,0,1,0.01,1.0,Low Risk
470,Germany,Female,76,4,244837.38591727967,1,1,0,109067.60216098104,1,3,0.9,90.0,High Risk
433,France,Female,89,7,80338.07870200285,1,1,0,106530.51688661562,0,0,0.01,1.0,Low Risk
726,Germany,Male,48,4,229661.54001455585,4,0,1,59073.43190490951,1,2,0.36,36.0,Low Risk
324,Germany,Female,85,9,165569.57531207328,1,0,0,1027.253109463043,1,7,1.0,100.0,High Risk
829,Germany,Male,21,5,158529.3723122382,1,1,0,148852.46322943762,0,0,0.02,2.0,Low Risk
489,Spain,Male,35,7,228843.1122165118,3,0,0,79340.72947523979,0,2,0.04,4.0,Low Risk
440,Germany,Female,80,1,128319.8330630819,4,1,1,60025.64979817415,0,2,0.56,56.0,Medium Risk
614,France,Female,69,6,100194.50772200192,1,1,1,38826.2240642555,0,0,0.0,0.0,Low Risk
743,Spain,Female,80,2,54405.688851483086,4,0,0,170345.01060955023,0,0,0.0,0.0,Low Risk
618,France,Female,62,8,36134.048627607466,4,0,1,66781.8313945972,0,0,0.0,0.0,Low Risk
740,Germany,Female,29,9,197942.20361741373,1,1,0,40798.3638659601,0,1,0.0,0.0,Low Risk
391,Germany,Female,25,6,31984.581330006033,2,1,1,104696.00241121934,0,0,0.0,0.0,Low Risk
478,France,Female,39,2,98504.38806070268,1,0,1,156372.1504692843,0,0,0.0,0.0,Low Risk
355,Spain,Female,58,7,102304.20740488917,2,0,1,120496.78690272146,0,1,0.01,1.0,Low Risk
454,France,Male,58,9,166124.84458817978,3,0,1,192039.03120669653,0,0,0.02,2.0,Low Risk
410,Germany,Male,74,1,69628.62679797293,4,1,0,191354.24326935917,1,2,0.67,67.0,Medium Risk
436,Spain,Female,49,9,209557.23455245045,2,0,0,180475.4458424689,1,6,0.99,99.0,High Risk
531,Germany,Male,72,7,51871.03804026527,4,1,0,113035.21967427264,1,8,1.0,100.0,High Risk
767,Germany,Female,23,6,197287.1637331815,3,1,1,153656.47326580822,0,0,0.02,2.0,Low Risk
780,France,Male,56,4,212439.79360536885,3,0,0,57707.59348822341,1,10,0.99,99.0,High Risk
367,Germany,Male,26,3,48295.16006013387,2,0,1,115076.43425195494,0,2,0.09,9.0,Low Risk
548,France,Female,49,10,202353.95850671263,3,1,0,13308.16534582175,0,1,0.02,2.0,Low Risk
622,Spain,Female,53,9,178435.03705081702,4,0,1,52693.77983312084,0,1,0.02,2.0,Low Risk
817,Germany,Female,33,9,218594.47628303256,3,1,0,65075.02133463634,0,0,0.01,1.0,Low Risk
731,Germany,Male,29,0,127492.07929688333,3,0,0,72254.71714271857,0,0,0.01,1.0,Low Risk
786,Spain,Male,58,3,58464.12696781853,2,1,0,32211.66628188824,0,1,0.0,0.0,Low Risk
728,France,Female,84,5,228009.9341822361,3,1,0,16661.97804112554,0,1,0.0,0.0,Low Risk
568,Germany,Male,75,5,197510.90422708984,1,1,0,115678.36013541586,1,4,1.0,100.0,High Risk
836,Spain,Female,26,1,5246.342974619095,4,1,1,98269.63072200284,0,0,0.0,0.0,Low Risk
447,Germany,Male,34,8,234853.39657362064,2,0,1,116910.65023012138,0,1,0.03,3.0,Low Risk
417,France,Female,22,0,237131.3146623582,1,1,0,25869.76723697997,1,5,0.89,89.0,High Risk
666,France,Male,43,3,88826.03269412841,2,1,1,189538.81395367737,0,0,0.0,0.0,Low Risk
365,France,Female,18,3,2504.5643185622466,1,0,0,82676.65461785089,0,2,0.04,4.0,Low Risk
669,France,Female,18,1,138134.33030251382,3,1,1,89900.05965041641,0,1,0.0,0.0,Low Risk
474,Spain,Female,52,7,228418.9432735879,1,0,0,109397.76769026923,1,4,1.0,100.0,High Risk
794,Germany,Male,26,10,31110.070899277725,1,1,0,138028.3975568143,0,0,0.01,1.0,Low Risk
413,Spain,Female,55,1,147627.42181443048,1,0,0,76977.83781164938,0,0,0.0,0.0,Low Risk
410,France,Male,21,1,182942.3200524132,4,0,0,28638.58742350334,0,0,0.0,0.0,Low Risk
738,France,Female,69,1,33672.465130968834,2,1,1,156626.35642063897,0,0,0.03,3.0,Low Risk
446,France,Female,36,0,128318.3524128634,3,1,1,52118.89579059821,0,2,0.04,4.0,Low Risk
334,France,Female,22,4,22201.068458783004,3,0,1,88578.8521463499,0,0,0.01,1.0,Low Risk
608,Germany,Male,65,10,139531.54343349888,4,0,1,126469.42942154848,0,1,0.03,3.0,Low Risk
837,France,Male,80,3,110528.9021022706,4,1,0,193073.59016691585,0,0,0.05,5.0,Low Risk
313,Germany,Male,55,1,66174.50582608803,4,1,1,6726.664153971952,0,1,0.02,2.0,Low Risk
673,France,Female,69,0,213270.1347950543,1,1,1,103778.398950093,0,0,0.01,1.0,Low Risk
727,Germany,Male,63,0,95447.3692560474,4,1,0,187225.4684545849,1,7,0.98,98.0,High Risk
532,Germany,Female,26,1,174954.26953452092,4,0,1,51036.7991900325,0,1,0.0,0.0,Low Risk
739,France,Female,67,0,197670.666977172,1,0,0,22468.710414941354,0,1,0.05,5.0,Low Risk
801,Spain,Female,91,8,44656.975104695935,2,0,1,119371.9251263136,0,2,0.05,5.0,Low Risk
574,Spain,Female,83,1,29778.375718412768,4,0,1,30447.067417102448,0,0,0.02,2.0,Low Risk
375,Spain,Female,55,2,1958.7932782150483,4,1,0,175775.52435022112,0,2,0.16,16.0,Low Risk
738,Spain,Male,44,8,76451.97229989967,1,0,0,144637.17320580457,0,1,0.02,2.0,Low Risk
588,Spain,Male,37,4,203988.92060446524,1,1,1,24213.54875958988,0,1,0.0,0.0,Low Risk
839,France,Female,79,7,193191.45717150404,1,1,0,115493.80808951551,1,7,1.0,100.0,High Risk
552,France,Female,91,6,217951.48527434943,2,1,0,5432.7386638866365,0,0,0.02,2.0,Low Risk
425,France,Male,33,5,190150.05081165704,4,1,1,169035.53130098924,0,0,0.0,0.0,Low Risk
476,France,Female,30,1,5997.8933637654945,4,1,1,41095.49581608097,0,2,0.02,2.0,Low Risk
336,France,Female,37,3,96379.40973551189,1,0,1,146365.97822985006,0,0,0.0,0.0,Low Risk
709,France,Female,41,8,1481.8067329703256,1,0,1,21273.385237970175,0,1,0.0,0.0,Low Risk
426,Germany,Female,67,6,9012.75345948288,4,0,1,94490.15540841573,0,2,0.25,25.0,Low Risk
782,Germany,Male,24,2,119639.68261228278,4,1,1,185846.9291751071,0,0,0.02,2.0,Low Risk
467,France,Female,46,5,90001.38595281473,4,0,1,14904.839714602194,0,0,0.04,4.0,Low Risk
593,France,Male,22,7,139630.87730826688,1,1,0,59081.32870064322,1,3,0.8,80.0,High Risk
642,Germany,Male,52,7,16540.23528124199,2,0,1,156527.36109639995,0,1,0.0,0.0,Low Risk
609,Germany,Male,82,7,147075.0287849199,2,0,1,92678.06460900592,0,0,0.01,1.0,Low Risk
827,France,Male,87,7,16250.592199594294,4,1,1,130063.9310351764,0,0,0.02,2.0,Low Risk
839,Germany,Female,91,9,105921.05131057036,3,1,1,162403.507320835,0,2,0.07,7.0,Low Risk
718,Spain,Female,24,5,88089.40724988961,2,0,0,156812.28574518187,0,2,0.12,12.0,Low Risk
743,Spain,Female,61,10,55986.98531518681,3,1,1,79080.76147172999,0,1,0.01,1.0,Low Risk
535,Spain,Male,89,9,77992.81693584744,3,1,0,86130.38676658891,0,0,0.04,4.0,Low Risk
738,Germany,Male,30,10,131.0260176201894,4,1,1,114228.16780740413,0,0,0.01,1.0,Low Risk
513,France,Male,55,2,81023.3858732273,1,0,1,24560.6729590178,0,1,0.0,0.0,Low Risk
384,France,Female,30,8,19602.08555906495,3,0,0,173905.89849492483,0,1,0.0,0.0,Low Risk
384,France,Female,71,2,230325.5431870353,4,0,0,18706.05494419473,0,0,0.03,3.0,Low Risk
788,Germany,Female,61,3,18583.220011711503,1,1,0,36971.07285973182,1,8,1.0,100.0,High Risk
364,Germany,Male,30,9,238276.4719289186,2,1,0,188960.60158955777,0,0,0.0,0.0,Low Risk
363,Spain,Male,42,0,122856.58368586596,4,1,1,56374.948263311264,0,0,0.0,0.0,Low Risk
642,Germany,Female,41,1,128293.28882332314,2,1,1,48850.62091091895,0,0,0.0,0.0,Low Risk
651,Spain,Male,46,5,197031.4346702816,4,1,0,85075.22111074242,0,0,0.02,2.0,Low Risk
457,Spain,Male,87,0,173844.9281421131,3,0,1,144859.92250747752,0,1,0.02,2.0,Low Risk
790,France,Female,35,8,59265.28072229894,1,0,1,73250.89966670467,0,1,0.0,0.0,Low Risk
762,Germany,Male,22,7,6366.587261015716,3,0,1,174946.20168180205,0,0,0.01,1.0,Low Risk
524,France,Male,35,1,194612.30228866663,4,1,0,29880.663424897688,0,0,0.0,0.0,Low Risk
612,France,Female,80,1,32435.69980601807,4,0,1,23597.42710450014,0,0,0.0,0.0,Low Risk
765,Germany,Male,54,7,149592.30713088418,3,0,1,15489.264685672742,1,5,1.0,100.0,High Risk
387,Germany,Male,88,10,235657.9434844448,4,0,1,59678.7135438673,1,6,0.98,98.0,High Risk
602,Spain,Male,72,7,137360.87247304985,2,1,1,39919.37279183272,0,1,0.04,4.0,Low Risk
734,Spain,Male,90,0,71393.31464444412,3,1,0,92271.43095980409,0,0,0.01,1.0,Low Risk
434,Spain,Female,29,4,44700.53057850082,1,0,1,199140.057444725,0,0,0.01,1.0,Low Risk
349,Spain,Female,69,10,6737.477717057572,2,0,0,173709.5378810029,0,0,0.02,2.0,Low Risk
731,France,Male,74,1,155811.23553423496,2,0,1,178993.92251652337,0,0,0.02,2.0,Low Risk
639,France,Female,63,0,139499.7672528406,4,0,0,166149.46056087228,1,10,0.98,98.0,High Risk
646,Germany,Female,61,2,115431.4788528377,3,1,0,54349.30836301227,1,3,0.96,96.0,High Risk
646,Spain,Female,41,2,48442.857266875275,4,0,1,45272.62256589016,0,1,0.0,0.0,Low Risk
544,Spain,Male,26,9,59157.9666588877,3,1,1,146424.81674020138,0,3,0.13,13.0,Low Risk
408,Spain,Male,29,8,239632.25075493296,3,0,0,119797.21636356616,0,0,0.0,0.0,Low Risk
832,France,Female,26,9,5101.022087383666,1,1,1,41232.64366103854,0,1,0.01,1.0,Low Risk
389,Germany,Female,39,0,90858.66624070444,4,1,1,193468.00710005657,0,0,0.02,2.0,Low Risk
595,France,Female,34,10,9703.126247610411,3,1,1,84848.08731032007,0,0,0.0,0.0,Low Risk
411,Germany,Female,50,1,47892.33478661637,1,0,0,162886.86652834053,1,6,0.91,91.0,High Risk
476,Germany,Male,64,8,233284.0716902037,3,1,1,14770.551501632208,0,1,0.04,4.0,Low Risk
642,France,Female,32,4,37390.69408315085,4,1,0,7042.904210062638,0,0,0.01,1.0,Low Risk
400,France,Male,50,8,150196.32711324043,3,0,1,91166.54479528044,0,0,0.0,0.0,Low Risk
700,Germany,Male,32,5,86736.26845867663,2,0,1,23887.07178705125,1,7,0.98,98.0,High Risk
327,France,Male,44,9,158262.03058586436,4,1,0,195852.9939638079,0,0,0.02,2.0,Low Risk
836,France,Male,78,9,213035.71463478543,2,1,1,162406.0508180082,0,2,0.06,6.0,Low Risk
357,Germany,Male,85,2,71636.10259346988,1,0,0,90820.3248766642,1,4,0.98,98.0,High Risk
797,Germany,Male,65,7,19655.78303361848,3,0,0,195903.27626868832,0,1,0.03,3.0,Low Risk
596,Spain,Male,25,8,51044.972840804505,4,1,1,47662.383528234706,0,1,0.0,0.0,Low Risk
433,France,Female,23,1,109772.55336838534,1,0,0,135798.25568300486,0,0,0.0,0.0,Low Risk
630,Germany,Male,80,8,128765.96551241976,2,0,1,3515.7128993056485,0,0,0.01,1.0,Low Risk
548,France,Female,19,3,235473.81801949427,2,1,1,74459.28594963162,0,0,0.0,0.0,Low Risk
849,France,Female,39,7,4025.494582171718,2,0,1,15874.293757474705,0,1,0.0,0.0,Low Risk
374,Germany,Female,38,4,189406.76827749668,2,1,1,73481.07642192661,0,1,0.0,0.0,Low Risk
467,Spain,Female,23,5,18127.43396217023,1,0,0,76125.86043110472,0,1,0.0,0.0,Low Risk
802,Germany,Female,87,3,19480.52633175987,3,0,0,75040.40128989931,0,0,0.0,0.0,Low Risk
654,Germany,Male,30,4,163533.07294495148,1,0,1,82892.18864214652,1,5,0.97,97.0,High Risk
524,France,Male,18,0,227233.1391690043,3,0,0,123374.49978729544,1,7,0.98,98.0,High Risk
830,Spain,Female,39,2,71924.0835362876,4,0,0,37893.371394589594,1,3,0.88,88.0,High Risk
445,Germany,Female,41,3,67326.54472885793,2,0,0,46886.96289989481,0,0,0.0,0.0,Low Risk
540,France,Female,81,0,154427.95594648487,1,1,1,129089.77951471078,0,0,0.01,1.0,Low Risk
643,Germany,Male,58,2,194070.2077158914,4,0,0,93252.78554914526,0,0,0.0,0.0,Low Risk
334,France,Female,39,3,217239.7799312487,3,1,1,32392.280263547767,0,1,0.01,1.0,Low Risk
300,Germany,Male,78,8,62426.53714624494,4,0,1,157450.9139821681,0,0,0.02,2.0,Low Risk
452,Spain,Male,29,2,185049.79477527,4,0,0,186176.93423946455,1,8,0.98,98.0,High Risk
728,Germany,Female,21,10,76803.02262353314,3,0,1,93072.40100800204,0,1,0.02,2.0,Low Risk
807,France,Male,29,2,136202.98007255633,4,0,0,122809.86058053098,0,0,0.01,1.0,Low Risk
425,Germany,Male,50,3,47713.117823521,2,0,1,163070.74840744014,0,0,0.03,3.0,Low Risk
790,Spain,Male,38,8,36500.50602076843,3,0,1,192750.7733391738,0,0,0.02,2.0,Low Risk
781,Spain,Female,90,8,233825.8875334594,3,1,0,193830.0446666852,0,0,0.0,0.0,Low Risk
644,Spain,Female,89,0,136799.8126011403,1,1,0,184568.2759507117,0,0,0.05,5.0,Low Risk
520,Spain,Female,91,7,1147.3867482638125,4,0,0,163204.07744401877,0,1,0.04,4.0,Low Risk
324,France,Female,91,9,198359.136028657,2,1,1,85161.40818589802,1,7,0.99,99.0,High Risk
827,Germany,Female,89,0,172717.5330078397,2,0,1,133931.8057248614,0,1,0.02,2.0,Low Risk
481,Spain,Female,69,1,81470.70114437414,3,1,0,152686.5478538908,0,0,0.0,0.0,Low Risk
798,Germany,Female,64,9,115991.07062308084,4,1,0,18389.47460775902,0,1,0.02,2.0,Low Risk
341,France,Female,76,10,112469.87432815396,3,0,1,23281.75522181705,0,1,0.04,4.0,Low Risk
780,Germany,Male,64,4,68692.42380213115,2,1,1,141082.8461766459,0,1,0.03,3.0,Low Risk
738,Germany,Female,73,10,245139.26002433625,2,0,0,133386.13641019198,1,6,1.0,100.0,High Risk
701,Spain,Male,30,10,135971.27068247215,2,0,1,160773.5035914344,0,0,0.01,1.0,Low Risk
845,Spain,Male,61,5,224319.86023816728,3,1,0,36923.91296031873,1,5,0.97,97.0,High Risk
644,France,Female,52,1,146338.84641543575,4,0,0,187336.6241503193,1,8,0.97,97.0,High Risk
344,Germany,Male,46,9,172545.7808921264,4,1,0,47678.80700192385,0,0,0.04,4.0,Low Risk
320,France,Male,73,4,7385.610869271753,3,0,0,27028.580939150623,0,0,0.01,1.0,Low Risk
369,France,Female,22,2,127954.63734859682,2,1,0,64873.80872660819,0,1,0.01,1.0,Low Risk
347,France,Male,84,6,180319.19572205975,4,1,1,161714.7160249062,0,0,0.02,2.0,Low Risk
790,Spain,Female,70,0,30465.75955950801,2,1,1,5657.50037922349,0,0,0.01,1.0,Low Risk
586,Spain,Male,77,4,169581.24063371294,3,0,1,45373.909147582126,0,1,0.0,0.0,Low Risk
309,Germany,Male,23,2,21068.05673333326,4,1,1,191120.6195971737,0,0,0.01,1.0,Low Risk
841,Germany,Female,65,10,201755.72945220867,4,1,0,3411.779731037612,0,0,0.02,2.0,Low Risk
573,Germany,Male,52,1,244445.9600440688,3,0,0,55658.76128957915,1,4,0.99,99.0,High Risk
680,Spain,Male,35,2,156683.65029481318,3,1,1,65161.17620280748,0,0,0.0,0.0,Low Risk
628,Spain,Female,28,9,19269.47319579772,4,1,1,184783.050236464,0,1,0.0,0.0,Low Risk
778,France,Female,68,3,146688.36237460776,1,0,0,170243.19787067195,1,4,0.99,99.0,High Risk
314,Spain,Male,40,10,185215.7699493956,2,1,1,92023.13790828556,0,1,0.01,1.0,Low Risk
815,France,Male,64,1,233273.99905619383,1,1,0,63518.19722199042,0,0,0.02,2.0,Low Risk
490,France,Female,76,1,11364.672951305194,4,0,1,188886.10996344587,0,1,0.03,3.0,Low Risk
467,Spain,Male,74,2,193760.5772031827,1,0,1,37668.23115691652,0,0,0.0,0.0,Low Risk
820,France,Female,73,1,33145.42672589371,3,0,0,95369.40072348094,0,0,0.06,6.0,Low Risk
436,France,Female,44,5,197646.59430732767,2,1,1,83693.47952574553,0,0,0.0,0.0,Low Risk
453,Germany,Female,90,1,222177.57146814623,3,0,1,187041.6193240456,0,1,0.02,2.0,Low Risk
687,France,Male,52,0,215310.7078582561,3,0,0,151164.5412678439,0,1,0.03,3.0,Low Risk
508,Spain,Male,72,7,163218.28936434753,3,0,0,92680.68031328073,0,0,0.0,0.0,Low Risk
571,Spain,Male,26,9,125191.40720007762,3,1,1,121414.50871916536,0,0,0.01,1.0,Low Risk
442,France,Female,35,3,218646.6781001802,2,0,0,181505.2650248256,0,1,0.0,0.0,Low Risk
368,Germany,Male,61,1,129767.81506340428,4,0,0,166247.39971501005,0,0,0.01,1.0,Low Risk
546,Spain,Female,38,3,47527.78199437296,4,0,1,123094.54259748128,0,0,0.0,0.0,Low Risk
560,Spain,Male,73,10,235708.25802605876,2,1,0,183064.54366913225,0,0,0.02,2.0,Low Risk
378,Germany,Female,65,1,93322.66496922834,3,0,0,76063.59015436935,0,1,0.0,0.0,Low Risk
824,France,Female,18,10,156087.2570396087,1,0,0,146638.75840074738,0,0,0.02,2.0,Low Risk
629,Spain,Male,44,4,49786.45199854755,4,1,1,3232.8618933228136,0,3,0.55,55.0,Medium Risk
488,France,Female,62,6,27634.908997890256,3,1,1,116598.92538397564,0,0,0.0,0.0,Low Risk
394,France,Male,80,5,137759.61255469554,1,0,0,27404.411625907454,0,0,0.0,0.0,Low Risk
307,France,Male,75,1,138648.6374583835,1,0,1,104864.91223374227,0,0,0.01,1.0,Low Risk
366,France,Male,57,10,92435.58487529938,3,1,1,49309.797633710026,0,0,0.01,1.0,Low Risk
795,Spain,Male,80,3,77934.63316042956,2,0,0,76142.801587347,0,2,0.14,14.0,Low Risk
490,Germany,Male,55,7,93543.37188373374,3,0,1,158434.99741984787,0,0,0.01,1.0,Low Risk
665,Spain,Female,46,6,198786.3999656254,2,1,1,11730.37626266181,0,0,0.0,0.0,Low Risk
820,Germany,Male,57,6,89433.69798130829,1,0,0,107484.91501974897,0,0,0.01,1.0,Low Risk
416,France,Female,36,3,230343.1684137924,4,1,0,28983.26858362995,0,1,0.0,0.0,Low Risk
566,Germany,Male,73,0,28240.616947770053,2,1,1,114652.48224593292,0,0,0.01,1.0,Low Risk
784,France,Female,61,6,232894.07370147845,2,0,0,126722.29920301816,0,2,0.08,8.0,Low Risk
808,Spain,Female,82,5,172387.00138451316,2,1,1,36425.36666075716,0,0,0.01,1.0,Low Risk
597,Spain,Male,30,7,86087.73137185255,4,1,0,1203.2818550073089,0,1,0.04,4.0,Low Risk
463,Germany,Female,47,10,1713.805819081593,3,0,1,17099.80796702776,1,4,0.9,90.0,High Risk
675,France,Male,66,4,200607.90550285857,1,0,0,137925.67960185022,0,0,0.01,1.0,Low Risk
567,France,Male,80,7,242331.86574289523,1,1,0,76025.96434957047,1,3,0.97,97.0,High Risk
848,Germany,Male,88,9,245609.84022823416,2,1,0,74585.27045332859,1,7,0.93,93.0,High Risk
373,France,Female,52,10,105851.30255921236,1,0,1,138381.17000667143,0,0,0.0,0.0,Low Risk
807,France,Female,28,7,17626.09888423847,2,0,1,99431.50830681292,0,0,0.0,0.0,Low Risk
372,France,Female,66,8,78438.44643556084,4,1,1,127420.67103596164,0,0,0.01,1.0,Low Risk
607,Spain,Female,57,0,77435.05750335802,2,0,0,183866.57982246124,0,0,0.01,1.0,Low Risk
498,Spain,Male,38,2,25595.31048584912,4,1,1,101377.75694705352,0,0,0.0,0.0,Low Risk
429,Spain,Male,64,10,131179.14939164364,2,0,0,127610.65104468272,1,6,1.0,100.0,High Risk
786,France,Female,20,5,151144.6196210946,2,1,0,127946.27793018028,0,0,0.0,0.0,Low Risk
450,Spain,Female,47,3,182204.76957639895,4,1,0,106944.35387608402,0,3,0.38,38.0,Low Risk
505,France,Male,84,7,12753.436141405062,3,1,0,132890.0418422347,0,0,0.01,1.0,Low Risk
478,France,Female,79,9,68849.33244645508,4,0,1,166870.71969004022,1,3,0.87,87.0,High Risk
496,Germany,Male,54,0,88800.87556818653,2,1,1,161568.1499747398,0,1,0.02,2.0,Low Risk
388,France,Female,39,4,223060.339918188,1,0,1,11463.33945090502,0,1,0.01,1.0,Low Risk
733,Spain,Female,48,3,225348.00288465037,3,0,0,190357.94600286096,1,5,0.99,99.0,High Risk
482,Spain,Female,63,0,64992.96602988921,1,1,1,169441.68324026105,0,1,0.01,1.0,Low Risk
508,France,Male,62,9,121832.7643492666,3,0,1,194120.78517333863,1,5,1.0,100.0,High Risk
792,Spain,Male,31,5,106189.0907745842,2,0,1,38823.93620923471,0,1,0.0,0.0,Low Risk
429,France,Female,29,9,131676.894282373,3,1,0,107286.298209281,0,0,0.0,0.0,Low Risk
312,Germany,Female,80,2,71528.69623687888,1,1,1,87984.31489219761,1,3,0.69,69.0,Medium Risk
405,France,Female,55,10,115730.41185929134,4,0,0,75397.7227963207,0,0,0.0,0.0,Low Risk
674,France,Female,64,10,36342.602311791205,3,1,0,81309.11826235687,0,0,0.0,0.0,Low Risk
398,Germany,Female,71,4,177387.6123365764,3,1,1,180725.09886372733,1,7,0.96,96.0,High Risk
491,Spain,Female,72,5,92435.11761346569,2,1,0,139692.19966905747,0,0,0.0,0.0,Low Risk
624,Germany,Female,65,3,135604.17323339803,2,0,0,64956.730946047035,1,7,0.99,99.0,High Risk
766,Germany,Female,90,9,151150.30437567763,3,1,0,75781.87505640215,0,0,0.02,2.0,Low Risk
666,France,Male,89,9,209131.42405694423,2,0,0,93709.56543796192,1,7,1.0,100.0,High Risk
617,France,Male,32,5,20439.84208751509,2,1,1,73392.33096648354,0,0,0.0,0.0,Low Risk
443,Germany,Male,88,6,120685.03736303466,4,0,1,42022.541317761425,0,1,0.01,1.0,Low Risk
683,Spain,Male,33,1,223518.0200758538,3,1,0,87075.05029007654,0,0,0.01,1.0,Low Risk
515,Germany,Female,60,6,82449.37737433189,1,1,1,15914.472202799958,0,2,0.21,21.0,Low Risk
660,Spain,Male,24,6,111131.54302763307,4,0,0,170885.529076965,0,0,0.01,1.0,Low Risk
623,Germany,Male,60,1,21268.59792228014,2,1,0,164975.73394587982,1,6,1.0,100.0,High Risk
314,Germany,Female,45,2,187668.33663960043,4,1,0,178385.25438971678,0,0,0.01,1.0,Low Risk
516,Spain,Male,83,2,21255.3940748173,3,1,1,89187.64993954683,0,0,0.01,1.0,Low Risk
791,Germany,Male,77,0,157744.51392613628,3,1,0,130249.33877280912,0,1,0.02,2.0,Low Risk
846,France,Male,20,0,93561.2766712281,3,0,0,162000.60679862564,1,5,0.97,97.0,High Risk
482,Germany,Male,18,9,84539.87950779022,1,1,1,62978.264398323656,0,0,0.0,0.0,Low Risk
569,France,Male,48,10,146375.9233950193,1,0,1,126680.59545747784,1,2,0.51,51.0,Medium Risk
766,Spain,Female,73,5,141917.30892710565,1,0,0,87652.06340417555,1,5,1.0,100.0,High Risk
818,Spain,Female,63,8,101363.24458143186,2,0,1,74748.39400540227,1,4,0.99,99.0,High Risk
841,France,Female,49,8,69586.14196112136,3,1,0,171896.10521739512,0,0,0.04,4.0,Low Risk
766,Germany,Male,35,10,127042.19000460306,3,1,0,124819.36673661064,0,1,0.02,2.0,Low Risk
604,France,Male,85,0,66775.6498522552,1,0,0,124682.869647971,0,2,0.23,23.0,Low Risk
443,France,Male,52,6,25660.332066819752,4,0,0,31381.187805899965,1,4,0.99,99.0,High Risk
410,Spain,Female,40,5,199788.11182572803,4,0,0,69390.17170914813,0,4,0.31,31.0,Low Risk
531,France,Male,30,3,175577.47779978442,2,1,1,168253.23904267733,0,0,0.0,0.0,Low Risk
799,Germany,Male,31,10,21087.74068249386,4,0,1,42706.29260367934,0,0,0.01,1.0,Low Risk
572,France,Male,54,2,40651.40093666766,2,1,0,194093.0214341397,1,6,0.98,98.0,High Risk
472,Spain,Male,22,8,25041.66987536477,4,0,0,166376.9246429303,0,0,0.0,0.0,Low Risk
306,Germany,Female,39,9,197677.55629987313,4,1,1,53530.235972652416,0,0,0.02,2.0,Low Risk
454,Spain,Female,45,4,193217.71577871084,4,0,0,21652.71159561854,0,1,0.01,1.0,Low Risk
821,France,Male,21,7,102008.65502746824,3,1,0,33919.442262638724,0,0,0.04,4.0,Low Risk
845,France,Female,67,3,205350.19711918323,1,1,0,48447.98337641076,1,7,0.97,97.0,High Risk
847,Spain,Female,46,3,243489.7267010323,3,1,1,47557.076265256495,0,0,0.05,5.0,Low Risk
817,Spain,Female,54,5,242616.77056355795,1,0,0,3265.6995844663597,1,5,0.97,97.0,High Risk
514,Germany,Male,52,5,245214.36783654836,4,1,0,143063.1707997282,0,0,0.03,3.0,Low Risk
433,Spain,Female,37,2,211596.16997269576,1,0,0,195413.58037131288,0,0,0.01,1.0,Low Risk
584,Spain,Female,52,1,54246.99112473252,3,1,0,57293.98224668421,1,6,0.99,99.0,High Risk
425,France,Male,19,10,14354.506649189305,1,1,0,3265.595882116599,1,7,0.92,92.0,High Risk
738,France,Female,75,8,202914.9689043959,1,1,1,183662.8383791556,0,1,0.0,0.0,Low Risk
451,Spain,Female,35,1,77135.93698656479,1,1,1,41247.904105958354,0,0,0.0,0.0,Low Risk
630,Spain,Female,73,8,84438.44190863406,4,0,1,1440.7522378179897,0,1,0.14,14.0,Low Risk
837,France,Male,81,10,18248.899806782378,1,1,1,44832.25133356252,0,0,0.02,2.0,Low Risk
682,Germany,Male,69,7,178677.83361792297,4,0,1,20812.142950024197,1,4,0.99,99.0,High Risk
414,Germany,Female,39,10,107689.34826927236,4,1,0,145212.10757942265,0,0,0.01,1.0,Low Risk
781,Germany,Male,77,9,51066.3760528301,2,1,1,338.29925008572326,0,0,0.03,3.0,Low Risk
583,Germany,Male,27,6,163115.24095672963,1,0,0,88275.8884506127,1,6,0.96,96.0,High Risk
374,France,Male,23,4,244971.01549919113,4,0,1,98395.5025655078,0,0,0.01,1.0,Low Risk
465,Spain,Female,23,2,124600.0778382034,1,0,1,156842.70095175106,0,3,0.55,55.0,Medium Risk
488,Germany,Female,45,1,151592.54948779958,1,0,0,104477.6540538152,1,6,0.97,97.0,High Risk
377,France,Male,59,10,40714.33827208015,3,0,0,24956.259790167176,0,0,0.01,1.0,Low Risk
320,Spain,Female,91,7,40239.321083149094,2,0,0,85301.77678932401,1,3,0.91,91.0,High Risk
483,Germany,Male,58,1,114560.35472844688,1,0,1,186918.8372429516,1,1,0.67,67.0,Medium Risk
521,Spain,Male,80,7,211190.09094935737,1,0,0,47368.493739399935,1,4,0.96,96.0,High Risk
627,Germany,Female,39,4,227287.50531271397,4,1,1,59900.67100544792,0,1,0.0,0.0,Low Risk
478,Spain,Male,46,8,160437.92054649303,4,0,1,174653.03019036382,0,1,0.0,0.0,Low Risk
411,Germany,Male,88,3,90129.93021356611,3,1,0,157195.09507363767,0,1,0.02,2.0,Low Risk
358,Germany,Male,51,7,187509.8240647763,2,0,0,59110.38979853245,0,0,0.0,0.0,Low Risk
626,Spain,Male,19,10,72985.0999860918,2,0,1,141677.5075818135,0,1,0.01,1.0,Low Risk
490,Spain,Female,43,6,54888.27106598881,2,0,1,17032.263887607038,0,0,0.0,0.0,Low Risk
499,Spain,Male,36,7,198856.8868489724,1,0,0,108603.37452496152,0,0,0.0,0.0,Low Risk
611,France,Female,37,4,187829.5024245705,2,1,0,174196.47655487756,0,0,0.01,1.0,Low Risk
334,France,Male,50,1,220526.3466923494,3,0,0,168505.04094228882,1,5,0.95,95.0,High Risk
678,Spain,Female,21,6,144120.97776309476,3,0,1,40577.03979672735,0,2,0.04,4.0,Low Risk
686,France,Male,49,2,224178.64576325624,1,0,0,106637.75749623188,0,0,0.01,1.0,Low Risk
536,Germany,Male,36,9,6619.591031445438,1,0,1,79698.21675531477,0,1,0.02,2.0,Low Risk
818,Spain,Female,20,9,63428.96275001072,1,0,1,112175.51299128798,0,2,0.03,3.0,Low Risk
582,France,Female,78,9,201113.633169356,4,0,0,15023.819033655953,1,4,0.99,99.0,High Risk
300,Spain,Male,55,10,105914.54832158006,1,1,0,196271.3152043369,0,0,0.07,7.0,Low Risk
763,Germany,Male,23,9,59847.263735301414,3,0,0,112707.25262955166,0,2,0.17,17.0,Low Risk
529,Germany,Male,73,1,199034.7686405679,1,1,1,23866.737565648487,0,0,0.0,0.0,Low Risk
471,France,Male,57,2,205566.93052352057,4,1,1,128457.26170477236,0,1,0.05,5.0,Low Risk
386,Germany,Male,86,3,114064.14508644956,1,0,1,1552.6208152691966,0,0,0.01,1.0,Low Risk
422,Spain,Female,59,9,116648.38609351404,4,0,1,1303.3497730040954,0,2,0.17,17.0,Low Risk
597,France,Female,91,10,195234.05854994775,4,0,1,35837.522257040524,0,0,0.01,1.0,Low Risk
783,Spain,Male,19,6,192832.74140137836,4,1,0,54193.05555255643,0,0,0.01,1.0,Low Risk
464,Spain,Female,45,9,216640.98430490328,1,0,0,52639.45812614962,1,9,0.99,99.0,High Risk
682,Spain,Female,34,0,161383.1520852084,1,1,0,88639.90136048544,0,0,0.0,0.0,Low Risk
508,Germany,Male,87,5,46472.86492533459,3,0,0,102643.8044793632,0,0,0.01,1.0,Low Risk
731,Spain,Female,86,5,137428.20091045747,2,0,0,84436.13208703017,1,4,0.94,94.0,High Risk
688,Germany,Male,56,7,95596.16559219253,1,1,1,74784.00273978281,0,0,0.05,5.0,Low Risk
523,Spain,Female,24,1,6759.778742032013,3,0,0,134031.2734707274,0,2,0.08,8.0,Low Risk
302,Germany,Female,49,1,49125.71551825973,2,0,1,49674.92209269662,1,8,0.87,87.0,High Risk
671,Germany,Female,21,0,51394.5388920907,3,0,1,125565.02707461534,0,0,0.01,1.0,Low Risk
745,Germany,Female,38,2,20584.120211352612,2,1,1,191333.94130829265,0,0,0.01,1.0,Low Risk
415,Spain,Female,49,6,113329.8996027998,3,1,1,94359.9211412699,0,0,0.01,1.0,Low Risk
569,Spain,Male,31,7,127008.77282596868,1,1,1,102244.41203180482,1,5,0.95,95.0,High Risk
746,Germany,Female,87,6,85002.95429010654,2,1,0,145658.4611119293,0,2,0.18,18.0,Low Risk
667,Spain,Male,63,8,103089.80641281424,4,0,1,101484.08413572203,0,0,0.0,0.0,Low Risk
552,Germany,Female,37,7,137373.04811194405,3,1,0,28790.06210313052,1,4,0.98,98.0,High Risk
616,Spain,Female,75,7,30120.87130939872,1,1,0,122144.56165085074,1,6,1.0,100.0,High Risk
714,Germany,Female,65,10,140570.3268665233,1,0,0,101759.60510891733,1,4,0.98,98.0,High Risk
394,Germany,Male,24,1,177481.24749420333,2,1,0,190295.7955966161,0,0,0.0,0.0,Low Risk
323,France,Female,57,0,218690.4987431715,3,0,1,18609.758285313423,0,0,0.01,1.0,Low Risk
349,Spain,Female,76,5,75393.42694796025,1,0,0,107298.3035243566,0,0,0.0,0.0,Low Risk
801,Spain,Male,53,6,186852.3654874449,4,1,0,123390.01712290576,1,5,0.99,99.0,High Risk
797,France,Male,61,5,151505.21090400947,3,0,0,123982.6501378102,0,1,0.0,0.0,Low Risk
634,Germany,Male,48,6,125699.75796564575,1,1,1,11949.5474687286,0,0,0.06,6.0,Low Risk
378,Germany,Female,59,7,229888.88649880723,1,0,1,65572.86551434726,1,6,0.99,99.0,High Risk
326,France,Female,61,1,155001.68215383712,4,1,0,52515.97170626093,1,6,0.97,97.0,High Risk
570,France,Female,60,0,91517.35549969842,1,1,0,136000.59252638093,1,4,0.99,99.0,High Risk
546,Germany,Female,60,9,178233.23200882308,2,0,1,147085.0818325075,0,1,0.03,3.0,Low Risk
686,Spain,Male,64,7,239969.24663156865,3,1,0,41861.78626809452,0,0,0.01,1.0,Low Risk
660,France,Male,23,7,229544.59444967256,2,1,1,165217.8184883895,0,2,0.02,2.0,Low Risk
787,France,Female,83,7,245067.45266649665,2,1,1,97011.92128619563,0,1,0.01,1.0,Low Risk
651,France,Male,26,9,23770.857402116235,4,1,1,52599.53597961244,0,0,0.01,1.0,Low Risk
555,France,Male,28,6,110860.9247092718,2,0,1,59957.61021129544,0,1,0.0,0.0,Low Risk
521,France,Male,35,1,108172.32274399884,2,1,0,52714.817513074435,0,1,0.01,1.0,Low Risk
300,France,Female,42,3,95952.8919275569,2,0,1,120892.31399499207,0,0,0.0,0.0,Low Risk
845,Germany,Male,91,8,44622.72733558392,1,0,0,105417.898982589,0,2,0.17,17.0,Low Risk
745,Germany,Female,75,7,208049.75401050632,4,0,0,187746.6048939535,0,0,0.02,2.0,Low Risk
378,France,Female,47,3,168269.68291892894,1,1,0,54745.065772143746,0,0,0.01,1.0,Low Risk
535,Germany,Female,18,7,151497.60466445892,1,0,1,63842.27786639146,0,0,0.0,0.0,Low Risk
633,Spain,Male,80,9,111713.27519035318,2,1,1,1305.4031337599988,1,6,0.95,95.0,High Risk
648,Spain,Male,46,5,97130.50008645884,1,0,0,59674.754347515875,0,1,0.04,4.0,Low Risk
397,France,Male,83,10,196615.56132833927,1,0,1,50183.49750031141,0,0,0.01,1.0,Low Risk
381,Spain,Male,70,8,131708.7731969143,1,1,1,80405.12801565505,1,4,0.99,99.0,High Risk
801,Spain,Female,36,0,151912.9853235367,2,0,0,99133.15800238922,1,6,0.98,98.0,High Risk
776,Germany,Female,83,5,25000.803855405236,3,1,0,134053.5366496067,1,9,0.99,99.0,High Risk
849,Germany,Female,69,10,117870.8810585298,3,1,0,38385.78397027187,0,1,0.06,6.0,Low Risk
313,Germany,Male,48,3,32578.754060923253,1,1,1,111288.20506187993,1,7,0.96,96.0,High Risk
691,Germany,Male,77,2,13458.424837252458,2,0,1,145731.2866183916,0,1,0.02,2.0,Low Risk
646,Spain,Male,85,4,172323.75446388594,4,1,1,48244.01027838289,1,5,0.99,99.0,High Risk
609,France,Female,47,9,68703.43318399921,3,1,0,70248.80741162015,0,0,0.0,0.0,Low Risk
685,Germany,Female,30,10,241263.40012449556,1,1,1,41031.6723532979,0,1,0.02,2.0,Low Risk
508,Spain,Male,32,7,151374.70927141636,2,0,1,22215.30247210816,0,0,0.01,1.0,Low Risk
656,Germany,Female,37,10,161290.50788545524,3,1,1,151243.2508477404,0,0,0.0,0.0,Low Risk
393,Spain,Female,51,9,49205.72373083334,3,1,0,48020.31914573197,0,1,0.01,1.0,Low Risk
392,Germany,Male,37,5,32220.721652662454,2,0,0,73520.06222714539,0,0,0.0,0.0,Low Risk
639,France,Male,67,0,131352.12452908384,3,0,1,49544.89279995205,1,5,0.99,99.0,High Risk
744,Germany,Female,44,5,231390.2753028744,1,1,0,8774.495329455542,0,0,0.0,0.0,Low Risk
321,France,Male,47,6,13936.27862700178,1,1,0,145800.77396841405,0,0,0.0,0.0,Low Risk
590,Germany,Female,73,5,127042.9281371988,2,1,1,128669.55507826577,0,1,0.02,2.0,Low Risk
784,Germany,Male,82,2,49677.67495234013,2,1,0,95230.45719028571,1,5,0.97,97.0,High Risk
605,Germany,Female,72,10,195496.02142726965,4,1,0,134870.4389171679,1,3,0.93,93.0,High Risk
427,Spain,Male,41,8,170487.18757093608,4,0,0,169301.51429815617,0,0,0.01,1.0,Low Risk
572,Spain,Male,42,9,24301.625359440804,1,0,1,123696.31365061054,0,0,0.0,0.0,Low Risk
741,France,Male,70,9,154084.30157267736,2,1,0,181357.97718711803,0,0,0.0,0.0,Low Risk
802,France,Female,28,3,245900.0360282008,4,1,0,40307.023863334005,0,0,0.0,0.0,Low Risk
429,Spain,Female,77,4,132034.78151256446,4,1,1,176672.69040094796,0,0,0.01,1.0,Low Risk
431,France,Male,64,4,71362.21965159956,3,1,0,108311.54910253134,0,2,0.03,3.0,Low Risk
781,France,Female,42,2,38033.81304519851,3,0,0,168326.73185204278,0,2,0.01,1.0,Low Risk
689,Spain,Female,42,1,247410.5623280579,4,1,0,148764.47008414724,0,1,0.01,1.0,Low Risk
624,Spain,Male,34,7,140953.9622492339,3,1,0,11537.395871584064,0,0,0.0,0.0,Low Risk
368,Spain,Male,29,6,93674.60008978484,4,0,1,167560.7746376095,0,0,0.0,0.0,Low Risk
747,Spain,Male,69,4,53578.800031097024,3,1,0,67464.32327314914,0,1,0.05,5.0,Low Risk
827,Germany,Female,28,0,237549.80406440664,2,0,0,84632.81848729878,0,0,0.0,0.0,Low Risk
464,Spain,Male,27,9,156757.17713265438,3,1,1,2224.7965044254556,0,1,0.0,0.0,Low Risk
787,France,Female,77,0,14416.78786670683,2,1,1,151746.71829904552,0,0,0.02,2.0,Low Risk
725,Germany,Female,71,7,14861.649527637632,1,0,1,93396.79253223453,0,1,0.02,2.0,Low Risk
564,Germany,Female,80,3,234858.97942661133,3,1,0,187924.26597409297,1,8,1.0,100.0,High Risk
641,France,Male,37,3,177524.2329260202,2,1,1,56206.7793169744,0,0,0.01,1.0,Low Risk
577,Germany,Male,22,8,25857.566536563263,4,1,0,99219.39501296706,0,1,0.0,0.0,Low Risk
738,France,Female,58,1,155939.68575928043,1,0,1,82232.85605236393,0,1,0.03,3.0,Low Risk
456,Germany,Female,80,4,104857.87116040148,3,0,1,158424.08124964335,0,1,0.01,1.0,Low Risk
721,Germany,Male,73,5,197175.69477676292,4,1,0,107133.35141683294,1,8,1.0,100.0,High Risk
550,France,Male,49,5,68428.1895896815,4,0,0,91980.98752255454,0,0,0.02,2.0,Low Risk
829,France,Male,44,9,95711.71273335676,3,1,1,189364.48258399533,0,1,0.01,1.0,Low Risk
626,France,Male,85,2,41847.832607728895,3,0,0,75594.88386416074,0,0,0.0,0.0,Low Risk
396,France,Male,65,9,63122.53156259509,2,1,1,98008.90110782725,0,1,0.01,1.0,Low Risk
812,Spain,Male,24,5,47288.21363666547,2,0,1,110832.626227617,0,0,0.0,0.0,Low Risk
515,Spain,Male,63,9,6075.015541466361,1,1,0,10782.431068427926,1,6,0.97,97.0,High Risk
431,France,Male,35,9,11541.53883098047,3,1,1,105307.16791006038,0,0,0.01,1.0,Low Risk
559,Spain,Male,55,4,208906.07798265084,1,0,1,67166.63952632473,0,0,0.0,0.0,Low Risk
424,France,Female,82,7,200950.99265016,2,1,0,130052.85962434496,1,5,1.0,100.0,High Risk
381,France,Male,34,3,35180.59020204481,3,0,0,128728.5144805698,1,5,0.98,98.0,High Risk
582,Germany,Male,55,9,166973.81321277472,4,0,1,142262.60232721333,0,1,0.06,6.0,Low Risk
358,France,Female,80,9,186411.07367306692,1,1,1,79836.06374459906,1,3,0.93,93.0,High Risk
843,France,Male,59,2,12818.63497101779,3,1,1,20966.475529719293,0,0,0.03,3.0,Low Risk
460,France,Male,25,5,22135.876900370553,4,0,1,87836.24812649413,0,1,0.0,0.0,Low Risk
583,France,Female,47,9,140754.42389420138,2,1,1,110441.78134106878,0,0,0.01,1.0,Low Risk
405,Germany,Male,81,8,93537.6234401028,4,1,1,4979.8017389836305,1,2,0.85,85.0,High Risk
404,France,Female,26,7,174847.8085051183,1,1,1,109477.12632688633,0,1,0.0,0.0,Low Risk
738,Germany,Female,74,9,139422.08277491637,3,0,1,79861.27269123259,0,2,0.1,10.0,Low Risk
527,France,Male,76,7,7755.401926493904,4,0,0,95696.69705695812,0,0,0.02,2.0,Low Risk
617,Germany,Female,84,2,170919.6362003546,3,1,0,60674.21533833126,0,0,0.0,0.0,Low Risk
763,Spain,Female,22,0,50979.499129394615,4,0,1,98432.9844029962,0,0,0.02,2.0,Low Risk
771,Germany,Female,21,2,78149.96133841501,3,0,0,176369.3157207277,0,0,0.02,2.0,Low Risk
355,Germany,Female,25,2,184097.3316176296,1,0,0,157571.93120221107,1,7,0.87,87.0,High Risk
312,France,Male,59,5,192813.3501665529,2,1,1,123212.67523886375,0,0,0.0,0.0,Low Risk
739,Germany,Female,52,2,86453.64744303572,2,1,0,125319.15543388703,0,0,0.0,0.0,Low Risk
317,Germany,Female,30,1,22306.797837426977,4,1,0,179079.12113544793,0,0,0.0,0.0,Low Risk
412,France,Male,22,8,192418.20962769317,1,1,0,95944.43849562109,0,0,0.0,0.0,Low Risk
528,Spain,Female,57,5,217552.54666469776,3,0,0,107873.94254509288,0,2,0.14,14.0,Low Risk
470,Spain,Male,36,4,241078.03612219173,1,0,0,172037.11099159185,0,0,0.01,1.0,Low Risk
594,Spain,Female,21,2,79456.72778682747,1,1,1,150945.90468915395,0,1,0.02,2.0,Low Risk
488,Germany,Male,76,6,30963.021307456373,4,1,1,86617.90083808942,1,2,0.74,74.0,Medium Risk
725,France,Female,35,6,234415.15848724727,2,0,0,61059.41075756958,0,0,0.04,4.0,Low Risk
378,Spain,Male,41,3,99941.42267148515,1,1,1,103568.55989001908,0,1,0.0,0.0,Low Risk
481,Spain,Female,48,9,23383.49072886342,4,1,0,24131.030525294747,1,3,0.96,96.0,High Risk
798,Spain,Male,75,1,124695.23934876126,3,1,0,136090.8434873434,0,0,0.02,2.0,Low Risk
370,Spain,Male,45,1,47631.132256634875,2,1,1,92894.91345382732,0,0,0.0,0.0,Low Risk
547,France,Male,26,7,88819.67097190736,2,1,0,119001.63204122568,0,0,0.0,0.0,Low Risk
445,Spain,Male,62,3,80087.56948863744,3,1,0,169241.3050146663,1,4,0.99,99.0,High Risk
595,Germany,Male,66,6,246821.716861934,1,0,0,71270.54047289395,0,0,0.04,4.0,Low Risk
769,Germany,Female,19,2,159878.31212771917,2,0,1,99438.618362436,0,0,0.0,0.0,Low Risk
805,France,Female,23,8,122950.67011811236,1,1,1,111142.55343937872,0,1,0.01,1.0,Low Risk
492,Spain,Male,46,9,128438.10042639489,4,1,1,56042.16900152952,0,1,0.0,0.0,Low Risk
367,Spain,Male,43,8,151022.1719327686,3,0,1,54974.39654084072,0,0,0.0,0.0,Low Risk
793,Germany,Female,45,6,218188.62948680052,2,0,0,105249.23498267088,0,0,0.05,5.0,Low Risk
351,France,Female,24,6,36495.57187021238,3,1,1,51440.05799423056,0,2,0.08,8.0,Low Risk
662,Germany,Male,51,0,149908.26058701862,2,1,1,172241.8546262659,0,0,0.01,1.0,Low Risk
773,France,Female,73,9,80545.72606179255,3,1,0,198975.08388781064,1,4,0.94,94.0,High Risk
820,France,Male,27,7,142850.55220630078,4,0,1,42178.327375118424,0,0,0.01,1.0,Low Risk
730,France,Male,74,1,129432.73632955048,4,1,0,115055.92522727123,0,1,0.02,2.0,Low Risk
597,Germany,Male,64,7,7483.545054508406,1,1,0,29084.155015941473,0,0,0.01,1.0,Low Risk
734,France,Female,44,10,145616.1566978792,4,0,0,37122.40580619097,1,5,0.96,96.0,High Risk
497,Germany,Male,56,1,177303.4658261685,3,0,1,153196.13700103768,1,5,1.0,100.0,High Risk
427,Germany,Female,39,0,61499.917042737914,3,1,0,39944.02466086455,0,1,0.03,3.0,Low Risk
831,Spain,Female,36,10,26717.16493876047,4,1,1,149802.74530664764,0,1,0.0,0.0,Low Risk
710,Germany,Female,26,7,52911.114056213875,3,0,1,80811.70360611832,0,0,0.0,0.0,Low Risk
364,Germany,Female,36,3,159103.21539434986,3,1,1,95897.07627702632,0,0,0.0,0.0,Low Risk
540,Spain,Male,19,10,117198.19294242724,3,1,0,51889.74568632697,0,0,0.0,0.0,Low Risk
668,Spain,Male,78,9,216326.18212070136,1,0,0,109800.76658098488,0,2,0.12,12.0,Low Risk
835,Spain,Female,76,5,71247.1046547363,1,1,1,66317.66798474726,1,3,0.89,89.0,High Risk
683,France,Male,87,9,91274.4798470633,2,0,1,34921.48317759265,1,11,0.99,99.0,High Risk
730,France,Female,88,10,132012.53056518215,3,1,0,27823.220544535765,0,0,0.0,0.0,Low Risk
382,Spain,Male,87,9,115004.2121697516,1,0,0,199931.39582070877,1,8,0.98,98.0,High Risk
585,France,Male,50,0,136940.32247068413,4,0,0,69133.13925949241,0,0,0.0,0.0,Low Risk
833,Spain,Male,82,8,78022.08518517176,3,0,0,160986.89726377046,0,0,0.06,6.0,Low Risk
758,France,Male,42,10,41667.76908626224,3,0,0,68283.6066870688,0,1,0.0,0.0,Low Risk
511,Germany,Male,87,6,200828.9122605938,2,1,1,124595.6229539665,0,0,0.03,3.0,Low Risk
425,France,Male,45,4,9823.813895303429,4,0,1,168234.08302202178,0,0,0.0,0.0,Low Risk
712,France,Female,35,5,92426.34437292618,4,1,1,139209.85257891382,0,0,0.0,0.0,Low Risk
798,Germany,Male,80,2,21850.470237704143,3,0,0,13824.549555374097,0,1,0.05,5.0,Low Risk
724,Spain,Male,66,8,184082.1065762623,1,0,0,38563.262672100274,0,3,0.32,32.0,Low Risk
842,France,Male,83,1,91378.28615039976,2,0,1,174717.96696950163,0,0,0.02,2.0,Low Risk
457,France,Female,57,9,7512.425730924255,2,1,1,94249.92348118834,0,0,0.0,0.0,Low Risk
411,Germany,Male,83,0,18968.83994332854,2,0,0,119697.9419362252,0,1,0.06,6.0,Low Risk
701,Germany,Male,21,0,49649.653945978425,3,1,0,4900.320817473307,0,0,0.01,1.0,Low Risk
421,Germany,Male,51,9,196728.8830340628,2,0,1,97468.4565925566,1,9,0.99,99.0,High Risk
572,Germany,Female,22,1,199797.10127058803,1,1,1,86176.98365449709,0,0,0.0,0.0,Low Risk
593,Spain,Male,39,5,249153.13882100783,4,1,1,137242.34258119264,0,1,0.0,0.0,Low Risk
697,France,Female,37,5,60230.82095422527,1,1,0,54896.73730113441,0,1,0.0,0.0,Low Risk
770,France,Female,64,8,15109.263255901396,2,1,0,148780.74199445505,0,0,0.0,0.0,Low Risk
506,France,Male,51,9,70782.70692344612,4,1,1,134182.46305239078,0,0,0.01,1.0,Low Risk
409,France,Male,61,3,44704.99937112149,2,1,0,101947.24194809078,0,1,0.03,3.0,Low Risk
739,Spain,Female,23,7,177596.9997288495,2,0,1,75136.42703004811,0,0,0.0,0.0,Low Risk
577,France,Female,73,3,242310.096943367,3,1,1,60405.29080401373,1,5,0.98,98.0,High Risk
781,Spain,Male,46,2,68256.25670208274,4,0,0,107024.55468689914,1,6,0.99,99.0,High Risk
413,Spain,Male,70,3,82158.27069529222,2,0,1,115369.01544693798,0,0,0.0,0.0,Low Risk
776,Germany,Female,18,0,87779.04296259035,2,1,1,89631.93179584104,0,0,0.0,0.0,Low Risk
620,Germany,Female,76,8,214238.43952517107,3,1,1,64121.68786214269,1,7,1.0,100.0,High Risk
478,France,Female,65,10,144504.7101839783,4,0,1,175981.27929377017,0,1,0.01,1.0,Low Risk
518,Spain,Female,24,4,243494.0990259264,2,0,0,62049.48356497242,0,0,0.0,0.0,Low Risk
827,Germany,Male,49,6,156790.54361964233,2,1,0,134436.4582413753,0,0,0.01,1.0,Low Risk
791,Spain,Female,78,2,176470.55097705484,1,0,1,180966.04605148395,1,6,1.0,100.0,High Risk
360,Germany,Male,74,4,22291.801054621475,1,0,1,129373.47405237114,0,0,0.01,1.0,Low Risk
353,Spain,Female,68,9,237920.08906106,1,1,0,73190.96276990497,1,4,0.98,98.0,High Risk
837,France,Female,36,3,157014.12268628326,3,0,0,59448.60551058542,0,1,0.0,0.0,Low Risk
364,France,Male,44,6,130045.1650174003,1,1,1,170681.81504299244,0,1,0.0,0.0,Low Risk
470,Spain,Male,80,4,96850.94601738211,1,1,1,97996.37861816834,0,1,0.04,4.0,Low Risk
572,Germany,Male,77,1,19262.50310561917,2,0,1,118677.65864296192,1,6,0.99,99.0,High Risk
834,Germany,Male,78,2,33336.751292592395,3,0,0,119263.99819090306,1,1,0.68,68.0,Medium Risk
690,France,Female,78,7,2923.7992315350734,4,0,0,106765.00822505142,0,1,0.04,4.0,Low Risk
626,France,Male,62,2,249673.1211667127,2,1,0,186265.95188101917,0,0,0.01,1.0,Low Risk
407,France,Male,38,6,196572.4056060606,2,0,0,186207.524841606,1,8,0.98,98.0,High Risk
461,Germany,Male,61,4,199362.98601955705,3,0,0,8093.893777817513,1,6,1.0,100.0,High Risk
751,Germany,Female,18,6,182522.55953461168,3,1,0,101138.1534465428,0,0,0.0,0.0,Low Risk
505,France,Female,61,9,121026.51052239384,2,0,0,113117.87956193776,0,0,0.0,0.0,Low Risk
315,Spain,Male,79,8,22049.298028897545,2,0,0,185112.43769413675,0,0,0.03,3.0,Low Risk
626,Germany,Female,78,6,18067.2603497847,2,1,0,13940.835530953242,0,0,0.01,1.0,Low Risk
301,France,Female,67,5,229093.559246397,3,1,0,157817.01327684842,0,0,0.01,1.0,Low Risk
309,Spain,Male,58,0,78.61298846165154,2,0,1,128487.3138739125,0,0,0.01,1.0,Low Risk
733,Germany,Female,50,3,174775.71473022125,2,1,0,146502.51839960166,0,0,0.01,1.0,Low Risk
424,Spain,Male,29,7,157144.60388240204,4,0,0,58348.156345878415,1,3,0.94,94.0,High Risk
380,Spain,Male,19,0,125306.3362858281,1,1,1,149325.08075702758,0,0,0.01,1.0,Low Risk
784,Germany,Male,38,5,243737.64675929892,1,1,1,56541.63065891078,0,1,0.0,0.0,Low Risk
449,France,Female,31,1,49532.08874049833,1,1,1,135136.75791132372,0,0,0.0,0.0,Low Risk
639,Spain,Male,51,8,196321.61271858527,1,0,0,157406.62279548272,1,7,0.98,98.0,High Risk
428,France,Female,81,7,168709.79792902624,1,1,0,156663.497775996,0,0,0.0,0.0,Low Risk
737,Germany,Female,40,8,243607.94930778808,2,1,0,108879.11388550657,0,0,0.01,1.0,Low Risk
800,Spain,Female,67,8,233517.95654809065,2,1,1,82719.3101362812,0,0,0.0,0.0,Low Risk
357,Spain,Female,31,1,32142.82004420316,4,1,1,48718.370879916336,0,0,0.0,0.0,Low Risk
497,Spain,Male,63,1,76929.1160283928,3,0,0,6708.7212961576215,1,4,0.95,95.0,High Risk
510,Spain,Male,22,8,212700.0302387052,4,1,1,9788.524197233342,0,0,0.0,0.0,Low Risk
344,Spain,Female,83,1,57165.1262708581,3,0,0,83708.94316887402,0,1,0.03,3.0,Low Risk
396,Germany,Male,39,3,94634.88692493275,3,0,1,18996.37034372644,0,0,0.0,0.0,Low Risk
578,Spain,Female,87,1,156490.96666459728,4,1,1,22401.568886051507,0,0,0.04,4.0,Low Risk
834,Germany,Female,19,0,140728.48194767,2,0,0,38948.31907326345,0,1,0.03,3.0,Low Risk
709,France,Male,46,10,160151.63995159784,4,1,0,96266.67697063672,0,1,0.0,0.0,Low Risk
760,Germany,Female,78,9,178372.04110934373,1,0,0,118354.20776193192,0,2,0.06,6.0,Low Risk
690,Spain,Male,88,6,182192.4976033206,4,1,1,138856.35064298494,0,1,0.02,2.0,Low Risk
343,France,Female,33,10,184389.3992054692,2,0,0,97249.13937010113,0,0,0.04,4.0,Low Risk
326,Germany,Female,81,4,247919.19501398847,2,0,0,132950.6755348183,0,0,0.01,1.0,Low Risk
396,Germany,Female,31,2,89146.81790770132,3,1,1,172423.01344618032,0,0,0.01,1.0,Low Risk
847,Germany,Female,60,7,11046.590429005077,3,1,1,74838.86306341384,0,1,0.06,6.0,Low Risk
518,Spain,Male,60,4,87215.50359476802,4,0,0,137650.90487987013,0,0,0.02,2.0,Low Risk
484,Spain,Female,87,0,227893.9822412119,3,0,1,131704.57591334358,1,6,0.99,99.0,High Risk
368,Germany,Female,72,8,20847.22141024642,4,1,0,127302.76679417054,0,1,0.04,4.0,Low Risk
429,Germany,Male,48,4,161735.5542976696,3,0,0,116703.3569229448,0,0,0.02,2.0,Low Risk
633,France,Female,91,2,105790.3581511325,2,0,1,145234.3017362551,0,0,0.01,1.0,Low Risk
453,Spain,Female,57,5,230393.2085665014,3,0,1,163710.47548798303,0,0,0.0,0.0,Low Risk
846,Spain,Female,44,7,232143.31443524663,1,1,0,78431.97446564371,1,2,0.71,71.0,Medium Risk
378,France,Female,69,1,196311.14554064983,2,0,1,130956.091719196,0,0,0.0,0.0,Low Risk
712,Germany,Female,24,10,24630.07287389829,1,1,0,49709.69637557461,0,0,0.0,0.0,Low Risk
845,Germany,Female,63,2,6178.7393662268705,2,1,1,151203.68725783168,1,0,0.59,59.0,Medium Risk
468,France,Male,50,6,34147.51447479014,4,0,1,176079.85959178716,0,1,0.01,1.0,Low Risk
814,Germany,Female,25,1,80455.99922512297,2,1,0,152296.905805248,0,0,0.01,1.0,Low Risk
613,Germany,Male,22,10,60357.96479936886,3,1,0,98223.23658419264,0,0,0.0,0.0,Low Risk
331,France,Female,78,10,92439.79254056176,1,1,0,26696.179219331458,0,0,0.03,3.0,Low Risk
586,France,Male,89,4,35769.2565131793,2,1,1,174621.8858317787,1,9,0.99,99.0,High Risk
342,France,Male,77,8,188125.7872784953,4,1,1,162926.1783044315,1,8,1.0,100.0,High Risk
300,Germany,Male,41,6,211324.1312410843,1,1,0,139603.78205629418,1,1,0.64,64.0,Medium Risk
569,France,Male,24,2,121988.13833240718,2,1,1,170298.46017754416,0,0,0.0,0.0,Low Risk
479,Germany,Female,78,1,239131.68705417932,4,1,0,106610.0293831835,1,6,0.99,99.0,High Risk
817,Spain,Female,53,9,30086.11248378909,2,0,0,198156.56592296343,0,2,0.35,35.0,Low Risk
402,Spain,Female,44,8,26453.47328173753,2,1,0,167416.1745438034,0,0,0.0,0.0,Low Risk
309,France,Male,46,8,50099.78779024024,1,0,1,32727.61916781635,0,1,0.0,0.0,Low Risk
389,Germany,Male,37,8,245478.1391709547,2,1,0,80436.7384141696,0,0,0.02,2.0,Low Risk
525,Germany,Male,87,9,104124.4529581098,1,1,1,34035.30397171359,0,2,0.2,20.0,Low Risk
425,Germany,Male,20,2,231026.45138484176,1,0,0,44859.90275100098,0,0,0.0,0.0,Low Risk
508,France,Male,56,0,50502.43855102346,3,0,0,100199.48423885604,0,3,0.26,26.0,Low Risk
396,Germany,Male,62,8,211525.78502024544,1,0,0,72286.24836561031,1,7,0.99,99.0,High Risk
373,Germany,Male,85,6,77504.5924359433,2,0,1,181948.9983076723,0,2,0.17,17.0,Low Risk
490,Germany,Female,48,1,183599.8510497769,2,0,1,33.2267954444001,1,3,0.91,91.0,High Risk
355,Spain,Male,55,5,243615.4541556843,2,0,1,2080.964389942788,0,1,0.0,0.0,Low Risk
331,Germany,Female,23,10,233256.16099527548,2,1,1,184074.16518044897,0,1,0.0,0.0,Low Risk
826,Spain,Female,25,8,207832.03199490535,1,0,1,47811.258206856735,0,0,0.0,0.0,Low Risk
583,Germany,Male,45,7,12551.529878743306,3,1,1,504.304624104891,0,1,0.03,3.0,Low Risk
793,Germany,Male,32,10,151942.4704592765,1,0,1,87528.871887074,0,0,0.03,3.0,Low Risk
486,Germany,Male,25,5,208862.04727783144,2,0,1,39137.75227069108,1,7,0.91,91.0,High Risk
797,Spain,Male,71,5,99831.6474518266,1,1,0,10675.44645310351,1,5,1.0,100.0,High Risk
741,Germany,Female,23,7,182796.98715078583,3,1,1,106098.67110783848,0,0,0.01,1.0,Low Risk
429,France,Male,46,8,34528.29478362279,4,0,0,28044.197323935445,1,5,1.0,100.0,High Risk
591,Germany,Female,51,7,44191.27639364392,3,1,1,167377.3391514126,0,0,0.01,1.0,Low Risk
413,Spain,Male,24,0,160927.37435305008,3,0,1,60439.47163815369,0,0,0.0,0.0,Low Risk
498,Spain,Female,57,1,109277.7550594554,4,0,1,44339.24610395084,1,3,0.92,92.0,High Risk
312,France,Female,91,5,54562.81386856382,3,1,0,147953.98017504797,0,0,0.0,0.0,Low Risk
570,France,Female,30,7,70718.49732265867,3,0,0,169731.18305607574,0,3,0.29,29.0,Low Risk
514,France,Female,79,3,154729.66058360378,1,1,1,18629.185417602544,0,1,0.0,0.0,Low Risk
743,Spain,Female,82,3,181342.6965283804,3,1,0,30322.862222597643,0,0,0.01,1.0,Low Risk
811,Germany,Male,58,1,51903.54140185885,3,1,1,94915.27954526326,0,2,0.16,16.0,Low Risk
746,Germany,Male,59,9,238798.4950726212,2,0,0,118048.25894487182,0,0,0.02,2.0,Low Risk
373,France,Male,83,0,2044.6767481708816,3,0,1,16661.98432861161,1,3,0.82,82.0,High Risk
836,France,Female,28,9,175015.56833924027,1,1,0,75008.5233095627,1,2,0.63,63.0,Medium Risk
400,Germany,Male,67,8,72750.16167486747,4,0,0,179521.3966231269,0,0,0.0,0.0,Low Risk
475,France,Female,88,6,119628.64739567904,2,0,0,175217.51102758557,1,5,0.99,99.0,High Risk
726,Germany,Female,52,8,142461.76173679094,1,1,0,62251.84021820226,0,0,0.0,0.0,Low Risk
416,Germany,Male,37,1,140380.4586472354,2,1,0,45493.73663689136,1,6,0.99,99.0,High Risk
465,Germany,Female,45,9,194069.4226946819,3,0,1,116557.46035538136,0,0,0.0,0.0,Low Risk
340,Germany,Male,54,4,205957.70465464503,1,1,1,19233.894252097685,1,6,0.97,97.0,High Risk
728,Spain,Female,20,1,18337.339930349804,2,0,1,46681.79129863135,0,2,0.02,2.0,Low Risk
643,Germany,Male,76,9,175752.22851146985,1,0,1,33359.70577279076,0,1,0.07,7.0,Low Risk
723,France,Female,90,6,99764.37348871742,2,1,0,41556.373876316575,1,9,0.98,98.0,High Risk
665,France,Male,44,8,204647.3177986522,3,1,0,42970.68557433747,0,0,0.0,0.0,Low Risk
419,France,Male,49,2,152222.5927945406,4,0,0,125500.55509758192,0,0,0.0,0.0,Low Risk
528,France,Female,65,0,2559.107822619394,4,0,1,97627.6391729022,0,1,0.04,4.0,Low Risk
429,Spain,Female,63,3,166616.27159220178,1,0,0,172459.94886265998,0,1,0.03,3.0,Low Risk
651,Germany,Female,64,3,231427.5602140586,4,1,0,147125.96932131978,1,8,0.99,99.0,High Risk
617,Germany,Male,57,10,20774.225795170216,1,1,1,99775.77716158304,0,1,0.03,3.0,Low Risk
636,France,Male,20,5,123557.68185342224,1,1,1,61491.01009326777,0,0,0.0,0.0,Low Risk
572,France,Female,46,4,156463.37661242107,3,1,0,166394.15094193598,0,2,0.27,27.0,Low Risk
416,France,Male,75,4,48965.888076436175,3,0,0,15916.535768870132,0,0,0.0,0.0,Low Risk
667,Germany,Male,67,8,162672.8879083264,2,0,1,136203.17013191094,0,0,0.0,0.0,Low Risk
393,Spain,Female,27,10,12449.614813608234,1,0,1,22609.52597759977,0,0,0.01,1.0,Low Risk
467,Spain,Male,78,0,226419.81481990765,2,0,1,106563.9548291403,0,0,0.02,2.0,Low Risk
640,Spain,Male,78,7,190663.4620770579,2,1,0,180323.8629647458,0,1,0.0,0.0,Low Risk
451,Spain,Male,40,7,235255.8663901717,3,1,1,47621.09413678634,0,0,0.0,0.0,Low Risk
573,France,Female,23,10,104606.60597507474,1,1,0,15715.25404614687,0,1,0.0,0.0,Low Risk
795,Germany,Male,77,7,8550.960672594005,3,0,0,67906.39571790701,0,0,0.04,4.0,Low Risk
400,France,Female,44,2,85383.52193526091,1,0,1,95656.68905387496,0,2,0.02,2.0,Low Risk
381,Spain,Male,72,9,128937.8874389792,4,1,1,144964.49693017578,1,8,0.99,99.0,High Risk
828,France,Male,48,7,233967.9687612172,4,0,0,5956.336527495407,0,0,0.01,1.0,Low Risk
372,Spain,Male,47,1,220766.6216861327,2,0,1,26185.26572527037,0,0,0.0,0.0,Low Risk
313,Germany,Male,84,7,148517.94790168144,3,0,0,82152.70773250647,1,5,0.99,99.0,High Risk
732,Spain,Male,30,7,182438.0630358928,3,0,0,19013.29774422911,0,0,0.0,0.0,Low Risk
456,France,Female,76,2,238474.57305092236,1,0,1,191178.55408183733,0,1,0.01,1.0,Low Risk
431,Germany,Male,71,3,212647.8981154579,2,1,1,102202.6507427215,0,0,0.0,0.0,Low Risk
637,Spain,Male,38,8,164704.8487594209,3,1,0,75392.93540128993,0,0,0.0,0.0,Low Risk
703,Spain,Male,60,8,135013.7892306337,2,0,0,195945.66567470107,0,0,0.01,1.0,Low Risk
675,Germany,Male,28,9,119010.19047399334,3,0,0,129222.5008863418,1,4,0.95,95.0,High Risk
406,France,Female,84,8,189152.43690868164,4,0,0,103169.42012466698,1,4,1.0,100.0,High Risk
564,Germany,Male,55,9,202193.25379648583,3,1,1,48234.495198764336,0,0,0.0,0.0,Low Risk
504,France,Male,41,5,54411.00051013809,3,0,0,50623.1964177857,0,0,0.0,0.0,Low Risk
378,Spain,Male,68,0,118506.2782643175,4,0,1,72459.84424985078,0,0,0.0,0.0,Low Risk
454,Spain,Male,78,7,192788.17235360053,2,0,1,150147.66828895686,0,0,0.0,0.0,Low Risk
546,Germany,Female,63,8,168926.87454915483,2,0,0,163202.8256656446,1,0,0.71,71.0,Medium Risk
830,Spain,Female,60,7,147894.20519243937,2,1,0,38422.99687986136,1,5,0.99,99.0,High Risk
837,Germany,Male,44,0,80931.63175371606,4,0,1,163484.1441685831,0,1,0.03,3.0,Low Risk
453,Spain,Male,47,5,152304.67240067138,4,1,1,66194.33749028343,0,1,0.03,3.0,Low Risk
453,Spain,Male,80,8,153036.1177654242,4,0,0,40067.07881031789,1,6,1.0,100.0,High Risk
391,France,Male,27,8,108108.29107074282,2,0,0,38964.56682501496,0,1,0.0,0.0,Low Risk
732,Germany,Male,20,6,240074.93015582825,2,0,0,92691.4603513838,0,0,0.0,0.0,Low Risk
637,Germany,Female,77,6,163280.3458957229,2,0,1,153428.43349444892,0,1,0.05,5.0,Low Risk
779,Spain,Female,44,3,212674.262831404,2,0,1,114147.39187054084,0,0,0.0,0.0,Low Risk
430,France,Male,62,6,32239.54435063936,1,0,0,92934.74984611012,0,0,0.0,0.0,Low Risk
749,France,Male,79,9,189194.89750611424,4,1,1,3613.093788967321,1,5,0.99,99.0,High Risk
572,Germany,Male,41,4,150467.32260829362,4,0,1,112716.6265733644,1,7,1.0,100.0,High Risk
476,Germany,Female,63,10,77069.3545972607,4,1,0,134944.45293715075,0,1,0.02,2.0,Low Risk
348,Spain,Male,61,9,34090.52619175354,2,1,1,19623.267748912036,0,0,0.0,0.0,Low Risk
654,Germany,Male,80,4,94911.7943034935,2,0,1,191235.85990490756,0,0,0.01,1.0,Low Risk
607,Spain,Female,21,0,110344.29180307878,1,1,0,18317.37026711346,0,1,0.01,1.0,Low Risk
345,France,Female,33,1,35190.661660185724,1,0,0,138138.41856558356,0,0,0.0,0.0,Low Risk
601,Germany,Male,68,8,167531.72180388728,2,0,0,104915.722513666,0,1,0.04,4.0,Low Risk
707,France,Male,91,1,76777.41303780272,2,0,1,176838.98612315493,0,3,0.31,31.0,Low Risk
488,France,Male,65,9,201509.86250955472,2,0,1,82824.63097165491,0,0,0.01,1.0,Low Risk
428,Spain,Male,82,10,162087.1943219483,4,1,1,101713.54588318687,1,5,0.98,98.0,High Risk
836,France,Female,86,1,77625.60391535236,1,1,0,110589.20107721056,0,0,0.01,1.0,Low Risk
565,Spain,Female,62,8,90004.90352245461,4,0,0,174970.64326260777,0,1,0.0,0.0,Low Risk
417,Spain,Male,20,2,235536.890404098,3,1,1,159931.4813527448,0,0,0.0,0.0,Low Risk
763,France,Female,34,1,237029.8801346632,3,0,1,56029.14126187799,0,0,0.0,0.0,Low Risk
443,France,Male,54,6,104592.70955475452,3,0,1,191051.61344084953,0,1,0.02,2.0,Low Risk
741,Spain,Female,22,8,169792.51981582225,3,1,1,150616.52926199738,0,0,0.0,0.0,Low Risk
499,Spain,Male,64,10,244993.04481199157,4,0,0,2418.776298860279,0,0,0.01,1.0,Low Risk
456,France,Male,61,5,248512.823406492,3,1,0,36757.28702468057,0,0,0.0,0.0,Low Risk
786,Spain,Female,50,6,18033.55642564547,2,1,0,171162.6731331565,0,0,0.01,1.0,Low Risk
433,Spain,Female,38,2,138374.78457960996,3,0,1,129176.21033698758,0,0,0.0,0.0,Low Risk
447,Germany,Female,84,10,181654.31131850195,2,1,0,51633.21935403243,1,4,1.0,100.0,High Risk
635,Germany,Female,85,2,46716.52817988906,4,1,0,34292.71511528958,0,0,0.0,0.0,Low Risk
370,Germany,Female,49,7,205476.25586256353,1,0,1,29358.91805184504,1,9,0.99,99.0,High Risk
532,Germany,Male,41,6,117113.5857634258,1,1,1,63627.90836931916,0,0,0.0,0.0,Low Risk
633,Germany,Male,52,4,124437.89741090636,3,1,1,179707.02213172085,1,3,0.96,96.0,High Risk
389,Spain,Female,35,5,68580.76139012653,1,1,0,70415.746367104,1,3,0.92,92.0,High Risk
633,Spain,Male,84,8,75036.90508388233,2,1,0,132143.50591313082,1,5,1.0,100.0,High Risk
498,Germany,Male,71,2,21043.297151161016,3,0,0,22322.01459168016,1,9,0.99,99.0,High Risk
460,France,Male,43,2,232878.9970270119,3,0,0,106284.59960561512,0,0,0.0,0.0,Low Risk
837,Germany,Male,77,10,95466.69504906346,2,1,1,68581.45660664726,0,0,0.0,0.0,Low Risk
420,France,Female,82,5,40557.50537393743,2,1,1,32112.600728077832,0,1,0.0,0.0,Low Risk
600,Spain,Male,68,10,35588.676631253395,4,0,0,159557.77001541853,0,3,0.8,80.0,High Risk
735,France,Male,77,7,101851.52440189174,2,0,0,163109.75260222622,0,1,0.0,0.0,Low Risk
367,Spain,Male,76,4,158051.97469855266,4,1,1,61261.15790900742,0,0,0.04,4.0,Low Risk
758,France,Male,34,0,194445.53019115605,3,1,0,130756.66157930208,0,0,0.04,4.0,Low Risk
813,Spain,Female,38,2,231151.22880271295,1,0,0,78820.51046835094,0,0,0.0,0.0,Low Risk
697,Spain,Male,84,7,158925.51202589588,1,1,1,8904.789466894734,1,8,0.99,99.0,High Risk
585,Germany,Male,45,3,105165.43833441824,4,1,0,85561.22818694588,0,0,0.02,2.0,Low Risk
439,Spain,Male,61,8,105486.61566233414,1,1,0,115176.38654848385,0,1,0.01,1.0,Low Risk
581,Germany,Female,87,5,143594.2404220765,1,1,1,59814.35883397917,1,7,1.0,100.0,High Risk
756,Germany,Female,79,9,134510.22398155765,3,0,0,189779.6539470505,1,6,1.0,100.0,High Risk
386,Germany,Male,59,3,160203.65181060947,4,0,0,111613.06323600467,1,3,0.85,85.0,High Risk
378,France,Male,39,3,125852.60724305066,2,0,0,74300.23305768991,0,0,0.0,0.0,Low Risk
504,France,Female,55,9,14747.712926190705,1,0,1,147006.66678068307,0,0,0.0,0.0,Low Risk
636,Spain,Male,31,4,125182.08795232628,3,0,0,68190.63949683656,1,5,0.99,99.0,High Risk
553,Germany,Female,43,6,5633.316492369922,3,0,0,4950.984642683798,0,1,0.01,1.0,Low Risk
603,Germany,Male,57,6,45151.99091691147,1,0,0,1662.06628139256,0,2,0.47,47.0,Low Risk
679,Spain,Male,71,9,96856.91742257238,2,0,0,60400.9048354162,1,1,0.77,77.0,High Risk
429,Germany,Female,30,6,137827.07529955698,2,0,0,31205.24986798707,0,1,0.0,0.0,Low Risk
575,Spain,Male,36,4,46204.54479938618,4,1,0,70499.12500417992,0,1,0.01,1.0,Low Risk
482,Germany,Male,59,8,69075.16469789407,4,0,0,153934.43486690527,0,0,0.01,1.0,Low Risk
567,France,Male,58,1,93552.74863256136,4,1,1,61817.020569110675,1,4,0.92,92.0,High Risk
621,Spain,Female,67,7,49303.80098991649,3,1,0,111933.87469792078,0,0,0.0,0.0,Low Risk
811,Spain,Female,20,9,249690.89136112825,2,1,0,183929.93456313503,0,1,0.0,0.0,Low Risk
377,France,Male,48,7,201178.32117341505,4,0,1,139661.58902529004,0,1,0.0,0.0,Low Risk
638,Spain,Male,32,2,202734.1543111359,3,1,1,112356.01179672228,0,0,0.0,0.0,Low Risk
808,France,Male,71,4,142215.96414880126,2,0,0,173412.4762275905,0,0,0.0,0.0,Low Risk
537,Germany,Male,70,7,240331.1550460873,1,0,1,66135.48067768339,1,4,0.98,98.0,High Risk
433,France,Female,62,9,183050.16451041415,4,0,0,39576.97099631956,0,0,0.02,2.0,Low Risk
491,France,Female,55,8,82719.6583731335,4,1,0,149436.4277159734,0,1,0.01,1.0,Low Risk
655,Spain,Female,67,6,152631.66497847953,2,1,1,11768.184101552732,0,0,0.0,0.0,Low Risk
577,Germany,Male,41,3,135925.01167774378,1,0,1,84842.23908799501,0,0,0.01,1.0,Low Risk
317,France,Male,34,3,145072.20591117043,1,1,0,57422.429049486,0,0,0.01,1.0,Low Risk
823,Germany,Female,35,2,204431.6681274177,3,0,1,194265.2872732113,1,3,0.8,80.0,High Risk
479,France,Male,59,10,127390.46601629806,4,1,1,75425.35515417664,0,0,0.01,1.0,Low Risk
422,Spain,Male,34,7,182160.1255594983,1,1,1,132689.1911494893,0,0,0.0,0.0,Low Risk
545,France,Female,33,5,62649.19508290073,3,1,1,53704.234647119534,0,0,0.0,0.0,Low Risk
672,France,Male,69,9,233015.4863120191,4,0,1,196634.6804369192,0,1,0.06,6.0,Low Risk
350,Germany,Female,53,5,21595.539846783224,4,1,1,36086.5367593969,0,1,0.09,9.0,Low Risk
370,France,Male,56,9,248394.977986668,4,0,1,181341.49009305928,0,0,0.02,2.0,Low Risk
779,Spain,Male,42,9,158168.27707333228,4,1,0,89079.87058507632,0,1,0.0,0.0,Low Risk
318,Spain,Male,59,8,117487.86715275656,1,1,0,85460.83609222817,0,1,0.03,3.0,Low Risk
383,France,Male,38,10,77695.5328188846,1,0,0,140262.43328847963,0,1,0.0,0.0,Low Risk
454,France,Male,85,2,101285.47147389388,1,1,1,18672.568447250873,1,5,0.99,99.0,High Risk
656,Germany,Female,76,3,195605.8248751142,2,0,0,109342.98678975768,1,3,0.93,93.0,High Risk
742,Germany,Female,47,2,34858.24074923838,2,0,0,44001.931671386905,0,2,0.11,11.0,Low Risk
368,Spain,Male,74,2,63171.284865242174,4,1,0,31432.766508783578,0,0,0.01,1.0,Low Risk
822,Germany,Male,50,0,30931.843711838104,1,0,1,175496.12906818395,1,5,0.97,97.0,High Risk
442,France,Female,70,9,106663.62988329092,3,1,1,199457.38440992788,1,4,0.92,92.0,High Risk
491,Spain,Female,33,5,96805.6716038161,1,0,1,194239.6595380332,0,2,0.07,7.0,Low Risk
686,Germany,Male,66,8,162196.22587304987,3,0,1,164234.05239712392,0,0,0.03,3.0,Low Risk
677,Spain,Female,22,4,248928.9787038543,4,1,1,183994.92713636387,0,0,0.0,0.0,Low Risk
834,France,Female,77,9,223089.8173905697,4,0,1,184843.26640818256,1,3,0.88,88.0,High Risk
592,Germany,Female,88,1,220094.42307750537,4,0,0,35280.52832660079,1,6,0.99,99.0,High Risk
308,France,Male,72,9,161427.04395177093,1,0,1,17148.836463155785,1,3,0.99,99.0,High Risk
570,France,Female,52,3,67652.07408179632,1,0,0,25365.85120841731,0,0,0.02,2.0,Low Risk
686,Spain,Female,86,5,96021.41493015634,3,1,1,32529.25103154995,0,1,0.02,2.0,Low Risk
392,Spain,Female,59,6,62530.53256663188,3,1,1,164491.17270813274,0,2,0.07,7.0,Low Risk
828,Spain,Female,86,6,33771.00249307624,2,1,0,188255.55885567932,0,0,0.03,3.0,Low Risk
453,Germany,Male,41,3,109007.81132272228,4,0,1,70374.24436184044,0,1,0.01,1.0,Low Risk
704,Germany,Female,88,9,224383.76304266584,3,0,0,6882.388431299713,0,0,0.0,0.0,Low Risk
448,Spain,Female,88,9,185960.27514537636,1,1,0,61502.96462566035,0,0,0.01,1.0,Low Risk
566,Germany,Female,72,4,246209.4739768788,3,1,0,141230.64818940245,1,3,0.96,96.0,High Risk
721,Germany,Male,31,3,48704.28501268381,2,1,0,188581.5399607591,0,1,0.04,4.0,Low Risk
771,Spain,Male,72,9,125136.01396172451,1,0,0,89944.30273752986,0,0,0.01,1.0,Low Risk
846,France,Male,32,5,198261.5246803912,1,1,0,67220.09545417904,0,3,0.73,73.0,Medium Risk
825,Germany,Female,22,10,115115.29922306952,1,0,1,130648.1425773155,0,0,0.01,1.0,Low Risk
802,Germany,Female,21,6,88763.59479226146,3,0,1,42233.234547874505,0,1,0.0,0.0,Low Risk
313,France,Female,47,1,203971.7035143003,4,1,0,153165.14290350626,0,0,0.0,0.0,Low Risk
663,France,Male,70,9,107577.01079893242,4,0,1,82812.55498085861,1,2,0.74,74.0,Medium Risk
418,France,Female,90,2,228241.85053947783,4,1,1,195454.50628372724,0,0,0.02,2.0,Low Risk
537,Spain,Female,47,10,67100.3499433285,4,1,0,186824.4176041771,0,0,0.0,0.0,Low Risk
845,France,Male,78,7,224113.4386521599,4,0,0,133077.10164971795,1,2,0.21,21.0,Low Risk
468,Spain,Female,88,6,69615.21027517862,1,0,0,129599.7975232136,1,5,0.96,96.0,High Risk
821,France,Female,85,0,72391.07831852193,1,1,0,24638.840690531953,1,2,0.71,71.0,Medium Risk
815,France,Male,72,3,105146.06794769425,3,1,0,56196.25195264423,1,0,0.74,74.0,Medium Risk
696,Spain,Male,88,4,128952.96389788738,1,1,0,172387.2490391182,1,6,1.0,100.0,High Risk
405,Spain,Male,90,2,104556.27240041092,3,1,0,72603.16124348502,0,1,0.04,4.0,Low Risk
384,France,Male,59,3,215537.2725635108,3,1,0,84830.96440710106,0,0,0.0,0.0,Low Risk
513,France,Male,46,9,198892.27279036248,2,1,0,167966.21595106053,0,1,0.01,1.0,Low Risk
420,France,Female,52,9,77465.87077659786,1,0,0,85390.890948076,0,0,0.0,0.0,Low Risk
431,Germany,Male,62,9,127879.970936816,3,0,1,170003.8337804043,0,0,0.0,0.0,Low Risk
496,France,Female,91,6,107757.4707688194,4,0,0,13895.109630561006,0,0,0.0,0.0,Low Risk
318,Spain,Female,46,7,14017.580815595038,4,1,1,138218.14026364015,0,0,0.02,2.0,Low Risk
311,Germany,Male,87,8,187036.7411958339,2,0,0,12611.23027407732,1,4,0.99,99.0,High Risk
380,Spain,Male,20,1,45416.65302596984,3,1,1,158004.59588845877,0,0,0.0,0.0,Low Risk
629,Germany,Female,74,3,233535.43133589855,1,1,1,110448.0830795356,0,0,0.0,0.0,Low Risk
691,Germany,Female,83,0,99444.5999696822,4,0,1,111178.9457113229,1,7,1.0,100.0,High Risk
606,Spain,Female,39,2,155564.49755090402,4,0,0,75343.89941459996,0,1,0.0,0.0,Low Risk
566,Germany,Male,44,7,204574.83499509603,2,1,0,180668.22854946495,0,0,0.02,2.0,Low Risk
746,Spain,Female,39,6,45074.18332939034,4,0,0,101823.899011856,0,0,0.0,0.0,Low Risk
740,France,Male,91,7,135284.0879325067,3,1,1,52094.82380747848,0,1,0.04,4.0,Low Risk
301,Germany,Female,66,10,59354.948565906365,2,0,0,164827.73278148787,1,2,0.8,80.0,High Risk
819,Spain,Female,41,5,127417.68810019344,4,0,0,189627.20144550424,0,3,0.3,30.0,Low Risk
608,Germany,Female,44,4,144859.00418997277,1,0,1,48465.80619596977,0,0,0.01,1.0,Low Risk
821,Spain,Male,53,9,42285.27497679757,3,0,1,121056.8362032711,0,2,0.14,14.0,Low Risk
768,France,Male,34,8,145204.64443305857,4,0,0,117718.4721596773,1,0,0.61,61.0,Medium Risk
511,France,Female,73,4,113727.00148219558,1,0,0,121927.93303722792,0,0,0.02,2.0,Low Risk
411,Germany,Female,27,8,130499.91052401612,3,0,1,112851.10839166534,0,0,0.0,0.0,Low Risk
307,Germany,Female,71,3,226241.7546802116,4,1,0,20044.46467066901,1,7,0.99,99.0,High Risk
776,Spain,Male,91,4,120950.78219121574,2,0,0,82503.19475810688,1,3,0.92,92.0,High Risk
759,Spain,Male,91,0,119037.13464722912,1,1,1,197143.27747191413,0,0,0.0,0.0,Low Risk
552,Germany,Male,55,5,117599.65202105956,4,1,1,17649.86119799274,0,1,0.01,1.0,Low Risk
825,Spain,Male,21,2,155776.32119937552,2,0,0,133930.27324968926,0,0,0.0,0.0,Low Risk
737,Spain,Male,67,10,91879.32884362982,3,1,0,178860.91752346882,1,6,0.99,99.0,High Risk
535,Spain,Female,78,9,200340.02408998745,3,0,1,40139.536737500595,1,5,0.99,99.0,High Risk
605,Germany,Female,38,1,71512.52832847906,1,0,1,160485.89382054724,0,1,0.03,3.0,Low Risk
777,France,Female,53,5,74886.55019224361,1,0,0,48362.52104548921,1,5,1.0,100.0,High Risk
319,France,Male,63,0,147187.55987393955,3,1,0,6085.4796513565,1,4,0.98,98.0,High Risk
515,Spain,Female,88,8,64972.33693531082,2,0,1,104231.22387062182,0,1,0.01,1.0,Low Risk
434,Germany,Male,61,4,22486.54910084702,3,1,0,142177.63120706903,1,5,1.0,100.0,High Risk
428,Spain,Male,81,6,51396.384989320475,4,1,1,39396.21700819817,0,1,0.08,8.0,Low Risk
709,France,Female,35,10,228414.34441858943,4,0,0,14095.247438409691,0,0,0.02,2.0,Low Risk
721,Spain,Female,30,9,2675.147517621351,2,0,1,110696.1001889112,0,0,0.0,0.0,Low Risk
593,France,Male,30,8,33365.34622175527,4,0,1,29552.80652891714,0,1,0.0,0.0,Low Risk
545,Germany,Male,42,8,189509.90878044235,4,1,1,36871.200111820064,0,0,0.0,0.0,Low Risk
385,Spain,Female,22,6,244965.21034980903,1,1,1,140694.17145131022,0,0,0.0,0.0,Low Risk
674,Germany,Male,56,3,172046.32387560527,4,0,1,122425.27889757528,1,3,0.98,98.0,High Risk
745,Spain,Male,46,3,230583.6217067008,2,1,1,189395.1276889837,0,0,0.0,0.0,Low Risk
677,Spain,Male,74,6,213808.9391777409,3,0,0,64689.92683429782,0,0,0.01,1.0,Low Risk
689,Spain,Female,63,7,119992.537984916,2,0,1,42885.94599758192,0,1,0.01,1.0,Low Risk
350,Spain,Male,50,6,83380.81133946379,1,1,0,131151.4073179981,0,0,0.0,0.0,Low Risk
541,Spain,Male,27,10,158059.46592747938,2,1,0,194399.7816142856,0,0,0.0,0.0,Low Risk
593,Germany,Male,75,9,133388.35273850543,3,1,1,110700.25574487395,1,6,1.0,100.0,High Risk
565,Germany,Male,42,3,6457.329911063181,3,0,1,58770.35739888133,0,0,0.0,0.0,Low Risk
419,France,Male,91,3,239324.2925206265,2,1,0,182094.8447243616,0,1,0.02,2.0,Low Risk
547,Spain,Male,56,7,142561.84136841953,3,1,1,122083.06407842303,0,0,0.0,0.0,Low Risk
369,France,Male,33,8,218622.94791941732,1,0,1,42553.56706066469,0,0,0.0,0.0,Low Risk
356,Germany,Female,77,6,183657.5427510811,2,1,0,189923.6095240016,1,7,0.96,96.0,High Risk
681,France,Female,45,2,85208.24834138497,4,1,1,54609.34853727886,0,0,0.0,0.0,Low Risk
338,Germany,Female,61,9,225289.49805027203,2,1,1,179697.76341443442,0,1,0.08,8.0,Low Risk
742,Spain,Male,75,0,197605.58827619627,4,1,1,122921.1280049256,1,10,0.98,98.0,High Risk
317,France,Female,49,4,107447.9067259714,4,1,1,100534.44923319088,1,3,0.94,94.0,High Risk
651,France,Female,80,5,210119.5620008055,2,0,1,66520.10799257304,1,8,0.99,99.0,High Risk
597,France,Male,62,10,67888.08317255415,3,0,0,23779.193319255715,1,5,1.0,100.0,High Risk
582,France,Female,70,8,167670.8697062839,4,0,1,48970.05346555052,0,0,0.01,1.0,Low Risk
409,Spain,Male,78,4,28645.437058583855,4,0,0,66208.40041561173,0,0,0.0,0.0,Low Risk
479,Germany,Male,67,0,216441.93385341132,2,0,1,57754.547591685914,1,2,0.25,25.0,Low Risk
843,Germany,Male,44,10,182358.1667369733,4,1,0,14674.66767305678,0,2,0.27,27.0,Low Risk
324,Spain,Female,43,10,38141.95781524693,2,1,1,115960.4961936468,0,0,0.0,0.0,Low Risk
356,Germany,Male,20,3,5333.651315558047,4,0,1,95041.16970991695,1,6,0.92,92.0,High Risk
479,France,Female,56,1,97466.96871573056,4,1,1,21301.509855128385,1,1,0.62,62.0,Medium Risk
531,Spain,Male,82,3,168818.14766100302,2,1,1,92776.15297749166,0,1,0.01,1.0,Low Risk
642,Germany,Male,52,6,70786.85162650894,2,1,0,15802.121066781572,1,3,0.96,96.0,High Risk
776,Spain,Female,70,8,243313.79699516532,1,0,0,186306.5510639668,1,4,0.98,98.0,High Risk
754,Spain,Male,63,2,233670.3470529942,3,0,1,51823.15884768873,0,0,0.01,1.0,Low Risk
531,Germany,Female,85,2,149485.11613023496,1,1,0,144967.6213504956,0,2,0.27,27.0,Low Risk
588,Germany,Male,39,10,78899.76814668185,2,0,0,50257.34423458267,0,1,0.0,0.0,Low Risk
512,Spain,Male,77,3,224067.31296393892,4,0,0,94907.84358988923,1,5,1.0,100.0,High Risk
557,Spain,Male,23,6,200867.710190716,3,1,0,186653.91793990647,1,9,0.98,98.0,High Risk
829,Germany,Male,69,5,21538.58818228377,2,0,0,174338.71005031365,1,5,0.98,98.0,High Risk
528,Spain,Male,90,4,119080.70740653516,1,1,0,155778.35168098274,1,6,0.99,99.0,High Risk
525,Germany,Male,90,3,245303.72380218256,4,0,0,158040.3382219258,1,1,0.67,67.0,Medium Risk
734,Spain,Male,46,7,113476.34356451666,4,1,1,164694.18018255173,0,0,0.01,1.0,Low Risk
701,Spain,Male,60,3,233227.11748337583,2,1,1,148529.74985481935,1,1,0.6,60.0,Medium Risk
387,Spain,Female,91,2,244322.33590733912,4,0,0,179372.16166051698,0,0,0.02,2.0,Low Risk
841,Germany,Female,51,6,96839.81199616632,1,1,0,70053.55156400561,0,0,0.02,2.0,Low Risk
608,France,Female,48,1,241139.61926105712,4,1,0,105230.27055548354,0,2,0.12,12.0,Low Risk
642,Germany,Male,63,3,34485.13415608673,1,0,1,129286.38592884486,0,0,0.0,0.0,Low Risk
735,Spain,Female,21,7,40029.86112898396,4,1,0,39567.200250081434,1,5,0.98,98.0,High Risk
476,France,Female,19,3,69135.85239518477,3,0,1,100657.603030751,0,1,0.0,0.0,Low Risk
438,France,Male,22,9,116889.04668436549,2,0,1,24824.62848928208,0,0,0.0,0.0,Low Risk
493,Spain,Female,63,6,45256.19381352689,2,0,0,122332.01949075972,0,1,0.01,1.0,Low Risk
485,Germany,Male,36,1,85044.42587773691,4,0,0,19533.28134708148,0,1,0.0,0.0,Low Risk
517,France,Female,55,10,25913.276400050283,2,0,1,100675.56762092708,0,0,0.0,0.0,Low Risk
463,France,Female,76,4,107502.02822582278,3,1,1,92334.6828636558,1,6,1.0,100.0,High Risk
460,Germany,Female,89,3,206869.62102122704,1,1,1,22367.071571190536,1,6,1.0,100.0,High Risk
824,Germany,Female,37,8,148763.3845322492,3,0,0,87872.75758461638,0,0,0.01,1.0,Low Risk
341,France,Female,85,6,202539.78313234748,3,1,0,135564.58458958703,0,2,0.22,22.0,Low Risk
509,Germany,Male,70,8,33928.17381623636,1,0,1,118946.8816769346,0,2,0.08,8.0,Low Risk
574,France,Female,72,10,99858.94755968884,2,1,0,91614.83583277022,0,0,0.01,1.0,Low Risk
578,Spain,Male,56,9,9830.802356462247,1,0,1,72995.36910375238,0,1,0.01,1.0,Low Risk
550,Germany,Female,53,6,92494.76168579388,1,1,1,11487.087332788018,0,2,0.33,33.0,Low Risk
609,France,Male,75,1,153624.43393563508,1,1,1,191179.9488752454,0,0,0.0,0.0,Low Risk
439,Germany,Female,32,1,142217.30092029498,2,1,0,80547.51879776426,0,0,0.0,0.0,Low Risk
845,Germany,Female,18,1,15080.677794503534,1,1,1,83301.2736790103,0,0,0.03,3.0,Low Risk
829,France,Female,26,4,15514.862656937385,3,1,1,25677.280428318016,0,2,0.03,3.0,Low Risk
356,Spain,Female,40,0,76266.86944823316,1,0,0,106538.31610372064,1,3,0.87,87.0,High Risk
411,France,Female,69,6,192849.79244901377,1,1,1,195844.40721565223,0,0,0.02,2.0,Low Risk
304,Germany,Male,43,1,5144.185252566685,4,1,1,50612.56554171376,0,0,0.06,6.0,Low Risk
709,France,Female,77,3,153981.81370889783,4,0,1,62674.11103718772,1,7,0.97,97.0,High Risk
713,Germany,Female,35,8,45925.43230794843,3,1,1,47250.540390955735,1,4,0.96,96.0,High Risk
481,France,Male,75,7,236079.0606051104,2,1,1,173318.451077883,0,0,0.0,0.0,Low Risk
312,Spain,Female,82,9,107553.84469576026,4,0,1,95047.23469486772,0,0,0.0,0.0,Low Risk
638,Spain,Female,86,1,11970.980163787808,3,1,1,164706.46245019638,0,0,0.0,0.0,Low Risk
558,Spain,Female,31,3,178409.62007935604,4,1,1,170018.8678746239,0,1,0.0,0.0,Low Risk
389,Spain,Female,63,3,121152.35959340016,4,0,1,149820.44332973097,1,2,0.27,27.0,Low Risk
549,France,Female,86,1,220310.09471830193,2,1,0,52216.22401052978,1,5,1.0,100.0,High Risk
554,Spain,Male,49,1,162956.2766729008,2,1,0,7062.3876391707345,1,8,0.99,99.0,High Risk
407,France,Female,68,4,173131.41531057257,4,0,1,28666.444203503073,0,1,0.02,2.0,Low Risk
784,Germany,Male,86,10,191814.9643828087,4,1,0,139392.96004077082,1,8,0.99,99.0,High Risk
557,Germany,Female,32,3,105088.59368040538,2,0,0,148112.6219203972,0,0,0.0,0.0,Low Risk
581,Germany,Female,70,7,198136.7976295596,2,0,0,153277.67752843414,1,1,0.69,69.0,Medium Risk
387,Spain,Male,88,3,12655.742521578944,3,1,0,48801.41846403322,0,1,0.04,4.0,Low Risk
503,Spain,Female,86,7,191381.85117915407,4,0,0,30615.672027138975,1,4,0.99,99.0,High Risk
315,Spain,Female,32,4,159076.95933457118,2,0,1,184613.06899731111,0,1,0.0,0.0,Low Risk
450,Germany,Male,47,0,141666.260300378,4,1,1,132845.6762569279,1,10,0.99,99.0,High Risk
553,Germany,Female,41,8,79537.6548076541,3,0,1,148395.1407051669,0,1,0.01,1.0,Low Risk
487,Germany,Female,52,7,28528.152107808015,1,0,0,18790.04192108497,0,0,0.01,1.0,Low Risk
628,Germany,Male,86,0,161800.20433153585,4,1,0,82497.64201111498,1,7,0.98,98.0,High Risk
843,France,Male,29,2,117917.73344985332,3,1,0,12670.946272171115,0,0,0.0,0.0,Low Risk
696,France,Female,63,2,54461.213563164856,1,1,0,131553.76774433538,0,2,0.06,6.0,Low Risk
816,Spain,Female,86,4,10841.673178270672,4,0,0,97876.76228402242,1,4,0.83,83.0,High Risk
758,Spain,Female,53,6,134691.2918579995,3,1,1,90298.2693243594,0,1,0.0,0.0,Low Risk
629,Germany,Male,65,0,31574.0754956394,1,1,1,180582.43800691987,1,6,0.99,99.0,High Risk
468,France,Male,84,0,232354.84669576577,3,1,0,148026.31966711112,0,1,0.03,3.0,Low Risk
665,France,Female,71,9,37657.96462316812,3,0,0,192851.00307464393,0,3,0.23,23.0,Low Risk
477,Spain,Female,53,5,8006.349035136695,3,1,0,9263.408503935803,0,1,0.0,0.0,Low Risk
661,France,Female,69,4,65511.87850823625,3,0,0,123139.3537621018,1,7,1.0,100.0,High Risk
339,Spain,Male,39,2,43739.15325662162,1,0,0,126047.1359192505,0,0,0.0,0.0,Low Risk
715,Germany,Male,55,2,197809.55627494305,2,0,0,5318.361739878695,1,4,0.99,99.0,High Risk
654,Germany,Male,79,3,72335.65156363486,3,0,1,157418.336730003,0,0,0.0,0.0,Low Risk
554,Spain,Female,82,10,61310.13929334822,1,1,1,30731.440828065817,0,0,0.0,0.0,Low Risk
442,Germany,Female,20,9,248702.10205293668,3,0,1,140257.3934273278,0,1,0.01,1.0,Low Risk
310,Germany,Female,25,1,37515.447801221235,4,1,1,7574.41002022584,0,1,0.01,1.0,Low Risk
325,France,Male,56,8,21249.634396144247,4,1,1,122741.35222658188,1,2,0.65,65.0,Medium Risk
720,France,Female,35,3,76406.02646228834,2,1,0,104160.9515367118,0,2,0.04,4.0,Low Risk
520,France,Male,20,9,101272.58074064297,1,0,1,96660.55711178872,0,1,0.0,0.0,Low Risk
795,France,Female,35,2,190106.04441099873,4,1,0,73339.40648511339,0,0,0.0,0.0,Low Risk
536,France,Male,18,9,238860.97968038515,1,1,1,84053.38549765553,0,2,0.02,2.0,Low Risk
536,Spain,Female,43,10,190919.28454954785,4,1,1,95384.08658257568,0,0,0.0,0.0,Low Risk
518,Spain,Female,69,6,181659.61749168404,1,1,1,59544.92518829458,0,0,0.0,0.0,Low Risk
786,France,Male,29,8,247861.97593226036,3,0,0,187058.4192953237,0,0,0.0,0.0,Low Risk
760,Germany,Female,55,1,191340.9347667084,3,1,0,193000.6642035245,0,0,0.01,1.0,Low Risk
443,Germany,Male,58,5,34883.29610521376,4,0,1,59987.563429987706,1,2,0.46,46.0,Low Risk
488,Spain,Female,70,4,115382.43456034994,2,0,1,155740.56090118215,0,0,0.01,1.0,Low Risk
554,Spain,Female,30,0,125876.1549989272,4,1,1,150326.2473074385,0,0,0.0,0.0,Low Risk
367,Spain,Female,30,10,76202.5799235504,4,0,1,175117.72497065848,0,0,0.01,1.0,Low Risk
635,Germany,Male,35,6,41068.85637947039,2,1,0,779.1162632160889,0,1,0.01,1.0,Low Risk
708,Spain,Female,36,0,177935.13190697954,3,1,0,67630.21777023599,1,5,1.0,100.0,High Risk
599,Germany,Male,36,9,69373.66439129261,3,0,0,29006.111991242753,0,1,0.0,0.0,Low Risk
656,Spain,Female,87,8,156163.73354224287,4,1,1,78177.74199010679,0,0,0.01,1.0,Low Risk
555,Germany,Female,65,3,80647.43562679793,1,1,1,115129.86435076065,1,4,0.97,97.0,High Risk
652,Spain,Male,88,7,126559.08265248049,4,1,0,181770.6947013847,1,2,0.73,73.0,Medium Risk
820,Spain,Female,88,0,84263.20085109786,3,0,1,167924.41181179383,0,1,0.09,9.0,Low Risk
823,Germany,Female,45,4,102939.62044141574,1,1,0,99809.48397821712,0,0,0.07,7.0,Low Risk
583,Spain,Male,36,2,183016.62988128656,2,1,0,4710.189808510771,0,0,0.0,0.0,Low Risk
611,France,Male,65,3,220956.2267069762,3,0,0,60185.71511694802,0,0,0.01,1.0,Low Risk
398,Germany,Female,46,3,127186.43245417088,2,0,0,21330.950836283504,0,0,0.11,11.0,Low Risk
496,Spain,Male,65,7,152562.76543298046,3,1,1,130130.1069991952,1,6,1.0,100.0,High Risk
781,Germany,Male,36,9,216102.4561700355,3,1,0,139088.6815483055,1,5,0.98,98.0,High Risk
525,Spain,Female,64,9,35805.60027239621,1,1,0,129764.00151968506,0,0,0.0,0.0,Low Risk
664,France,Male,77,2,40549.49593845378,3,1,1,54950.646499112576,0,0,0.01,1.0,Low Risk
667,Spain,Male,65,0,89809.23856372664,4,1,1,183902.5488099128,0,0,0.02,2.0,Low Risk
374,Spain,Female,37,4,77267.0701587099,2,1,0,117705.3642442374,1,5,0.99,99.0,High Risk
341,France,Male,36,1,246593.4240692494,3,0,0,119453.76248346148,0,0,0.02,2.0,Low Risk
721,Germany,Male,59,10,141022.99374545302,4,0,1,163113.307433068,1,8,1.0,100.0,High Risk
480,Spain,Female,66,5,130976.65698976074,2,1,1,13858.239900744784,0,0,0.02,2.0,Low Risk
844,Spain,Female,32,3,144679.65994248987,4,0,1,41929.465317372946,1,4,0.84,84.0,High Risk
370,France,Male,77,8,218788.5938004644,3,0,1,117920.39605158343,0,0,0.02,2.0,Low Risk
404,Germany,Female,85,6,60886.942207569184,4,0,0,122090.4563275696,1,4,0.99,99.0,High Risk
499,Germany,Male,44,1,127741.81976080812,2,1,1,93358.42144034004,0,1,0.0,0.0,Low Risk
400,France,Male,72,6,67740.79819889364,2,0,1,155989.883958075,0,2,0.13,13.0,Low Risk
606,France,Male,32,9,195144.07774223157,2,0,0,69131.23383311243,0,0,0.0,0.0,Low Risk
676,Spain,Male,69,7,194278.81372572825,3,0,1,2256.6679782171595,0,0,0.01,1.0,Low Risk
698,France,Female,48,2,239357.42965358865,1,1,0,67998.45611901325,0,0,0.0,0.0,Low Risk
520,France,Female,24,2,111705.51496165452,4,0,1,193176.43202839955,0,1,0.02,2.0,Low Risk
481,France,Male,30,10,39662.763006886344,2,1,1,155809.33191832766,0,1,0.0,0.0,Low Risk
606,Germany,Female,71,1,224102.7228605211,2,1,0,63657.12472718839,0,0,0.0,0.0,Low Risk
821,France,Male,30,0,222650.65449227823,1,0,0,44497.65138636593,0,0,0.02,2.0,Low Risk
695,Spain,Male,37,2,58667.38506917415,2,0,0,162055.50109802978,0,0,0.0,0.0,Low Risk
303,Spain,Female,27,9,69067.4541377491,2,1,0,39987.54276753936,0,2,0.16,16.0,Low Risk
580,Spain,Female,69,10,78353.52681033796,3,0,1,116043.85210868515,0,1,0.02,2.0,Low Risk
514,France,Male,54,6,112937.51858481493,1,1,0,101597.0266434178,1,5,0.99,99.0,High Risk
719,Germany,Female,69,10,207260.79559479505,2,1,0,84539.59766187186,1,6,0.97,97.0,High Risk
400,France,Male,44,8,36092.472633727666,3,1,0,85198.01324457556,0,0,0.0,0.0,Low Risk
820,France,Female,51,8,175097.73351633918,3,1,1,140475.13968759557,0,0,0.0,0.0,Low Risk
608,Spain,Female,79,5,88200.0546378868,3,0,0,20576.370507614753,0,1,0.02,2.0,Low Risk
809,France,Male,33,5,48915.789728347234,3,1,1,79051.21459515802,0,1,0.0,0.0,Low Risk
362,Germany,Female,76,10,84609.61750179058,1,1,0,193676.58069141652,1,6,0.97,97.0,High Risk
525,Spain,Female,38,4,133318.9853550186,1,1,0,155634.10647151517,0,1,0.01,1.0,Low Risk
404,Germany,Male,33,1,230353.5071293752,3,1,1,4216.403466694981,0,0,0.0,0.0,Low Risk
724,Germany,Male,30,6,157067.15601115095,1,1,1,89416.81242366931,0,0,0.0,0.0,Low Risk
554,Germany,Male,50,0,151770.28241385403,4,1,1,23447.663758292827,0,0,0.0,0.0,Low Risk
728,France,Male,71,5,27185.259214250666,4,0,0,96947.6064829816,1,5,0.99,99.0,High Risk
733,France,Male,86,3,19950.243003343,3,0,0,20725.582704028508,0,1,0.05,5.0,Low Risk
506,France,Male,44,2,32365.89920263777,2,1,0,77848.99524355443,0,1,0.0,0.0,Low Risk
327,France,Female,69,10,23886.409966116185,2,0,1,109003.71298552124,0,1,0.01,1.0,Low Risk
635,Spain,Male,82,0,144091.10876771007,4,1,1,73468.06789363177,0,1,0.04,4.0,Low Risk
368,France,Male,61,5,113153.81240715564,3,0,0,115719.40483257448,0,1,0.0,0.0,Low Risk
812,Spain,Male,47,6,1248.0294744937892,4,1,1,197009.78603885256,0,0,0.02,2.0,Low Risk
466,Germany,Female,40,10,87766.66320466234,4,1,1,49164.8692134237,0,1,0.0,0.0,Low Risk
667,Spain,Male,33,0,31841.03792421611,2,1,0,112905.94281259028,1,3,0.83,83.0,High Risk
550,France,Male,72,10,247029.87456091633,4,0,0,94270.2854957032,1,4,1.0,100.0,High Risk
469,Spain,Female,35,0,115039.38980793848,3,0,0,161854.78213147382,1,6,0.99,99.0,High Risk
389,France,Female,34,6,106531.65969288172,2,0,0,62983.28795162951,0,1,0.01,1.0,Low Risk
745,France,Male,69,10,161043.58296676187,2,0,0,127606.5079239784,0,0,0.01,1.0,Low Risk
593,Spain,Female,62,5,89273.37588430692,4,1,0,138594.76600203032,0,0,0.0,0.0,Low Risk
449,Spain,Female,73,6,178878.6569906822,1,1,0,195132.25105177317,1,3,0.87,87.0,High Risk
431,Germany,Male,71,7,226198.44595230103,4,0,0,30261.433484178775,1,8,1.0,100.0,High Risk
732,Germany,Male,26,7,124724.32164548116,3,1,0,199658.16623491936,0,1,0.04,4.0,Low Risk
358,Germany,Male,34,8,95730.75536350175,1,0,0,144244.72149538586,0,0,0.04,4.0,Low Risk
498,Germany,Female,44,8,130474.2109269846,3,1,1,91273.04076860112,0,2,0.02,2.0,Low Risk
514,Germany,Male,54,6,150888.17383220178,2,1,0,52720.01132780131,1,2,0.58,58.0,Medium Risk
771,Spain,Female,39,8,211925.6512594249,3,0,0,125744.10338292064,1,5,0.96,96.0,High Risk
546,Germany,Male,89,5,98619.86283726143,3,0,0,28367.180376181754,0,0,0.0,0.0,Low Risk
681,Spain,Female,84,8,12857.867725061284,3,1,1,189356.1351913599,0,2,0.07,7.0,Low Risk
538,Germany,Male,55,10,157683.4558541244,4,0,1,36893.18336729342,1,6,0.98,98.0,High Risk
666,France,Female,89,1,246719.5572800427,4,1,0,154862.94036677922,0,0,0.02,2.0,Low Risk
467,Germany,Male,61,10,213559.18235617183,3,1,0,69035.8400018821,1,7,0.99,99.0,High Risk
350,France,Male,53,1,189563.9950632076,4,1,0,43176.95638400256,0,1,0.02,2.0,Low Risk
679,Spain,Male,42,5,44125.49675378991,2,1,1,161734.95721145323,0,0,0.01,1.0,Low Risk
773,Germany,Female,59,2,187154.8047519544,2,1,1,177568.5639765834,0,1,0.04,4.0,Low Risk
379,Spain,Female,30,1,20369.149643901048,1,1,0,1134.167622072119,0,0,0.02,2.0,Low Risk
666,Germany,Male,73,7,123479.49290122517,4,1,0,194830.5578349308,0,0,0.03,3.0,Low Risk
760,Spain,Female,68,6,92724.93762330186,4,1,0,84389.61666944389,0,0,0.01,1.0,Low Risk
838,Germany,Male,67,7,226321.58318049004,3,0,1,19224.34495323491,0,0,0.01,1.0,Low Risk
751,Germany,Female,69,5,39958.937301050515,1,1,1,90654.52066921513,1,5,1.0,100.0,High Risk
763,France,Male,50,8,197221.25088856032,2,1,1,23722.42859248812,0,2,0.19,19.0,Low Risk
777,Spain,Female,42,8,12127.975473544882,2,1,0,51763.708346010186,0,0,0.0,0.0,Low Risk
719,Spain,Female,75,1,175438.69011808984,3,0,1,111506.54933321706,0,0,0.01,1.0,Low Risk
513,Spain,Female,57,9,73444.55161201293,4,1,0,71845.90022039648,1,4,0.99,99.0,High Risk
668,Spain,Female,55,4,243978.35572363305,3,0,1,45576.54251459505,0,0,0.0,0.0,Low Risk
413,Spain,Female,20,8,167935.85998984054,1,0,0,39304.53472750493,0,0,0.01,1.0,Low Risk
802,France,Male,33,2,77226.37030375576,2,0,0,127321.48841833993,0,0,0.0,0.0,Low Risk
610,Germany,Female,19,4,58880.25605890177,1,1,0,181938.72627434295,0,1,0.0,0.0,Low Risk
768,France,Female,40,7,159827.19422029098,2,1,0,11294.45470960398,0,0,0.0,0.0,Low Risk
343,Spain,Female,47,1,68182.61121302935,2,1,1,48852.60705012533,1,4,0.95,95.0,High Risk
714,Spain,Female,27,5,46701.33811333765,1,1,0,133085.15341486438,0,0,0.0,0.0,Low Risk
545,Germany,Male,82,10,161917.42643254832,2,0,1,197469.73161196493,0,0,0.01,1.0,Low Risk
383,France,Female,39,3,181071.76115941367,2,1,1,136273.0837386165,0,2,0.03,3.0,Low Risk
506,Germany,Female,69,5,59507.076690948954,1,0,1,10534.231433982366,0,0,0.01,1.0,Low Risk
450,Germany,Male,73,2,133968.11659628965,2,0,1,35780.88905774008,1,1,0.68,68.0,Medium Risk
827,France,Male,50,5,165907.3873452142,1,1,0,69539.85185356022,0,0,0.0,0.0,Low Risk
464,Germany,Female,47,6,235479.1778815067,3,1,0,31488.980842218894,1,3,0.95,95.0,High Risk
444,France,Male,41,9,200858.32347105743,4,0,1,36463.45749467199,0,0,0.0,0.0,Low Risk
336,France,Female,22,2,105203.71256192592,4,0,0,54738.10157586466,1,6,0.97,97.0,High Risk
632,Spain,Female,70,4,211101.8359500422,4,1,0,74561.46890918096,1,6,0.99,99.0,High Risk
702,Germany,Male,72,7,110423.49678691728,2,1,0,78374.97454301249,1,2,0.77,77.0,High Risk
713,Spain,Female,40,1,32531.66312306363,1,1,1,99880.43218147298,0,0,0.0,0.0,Low Risk
344,Germany,Male,27,6,85275.1126826279,4,0,1,185647.8818909874,0,0,0.01,1.0,Low Risk
701,Germany,Male,50,0,201181.0026621039,2,0,0,198669.91301995935,1,2,0.77,77.0,High Risk
505,Spain,Female,79,6,238951.19421562785,2,0,0,3952.669987734955,1,4,0.98,98.0,High Risk
361,Spain,Female,44,0,245895.9386475501,1,0,0,98758.7577918428,0,1,0.0,0.0,Low Risk
719,Spain,Male,24,3,159773.7480680105,3,1,1,150418.6099608787,0,0,0.0,0.0,Low Risk
767,France,Female,44,3,119585.48934427628,1,1,1,14668.236191637054,0,2,0.05,5.0,Low Risk
318,Germany,Male,91,4,40514.2660298356,2,1,1,188238.26593436376,1,6,1.0,100.0,High Risk
664,France,Male,27,1,25631.076824301213,3,1,1,187542.86234770945,0,0,0.0,0.0,Low Risk
599,Germany,Male,74,10,129625.55141683228,3,1,0,41686.49462986008,0,0,0.01,1.0,Low Risk
306,Germany,Male,47,5,181944.77128038113,4,1,1,157151.2125396285,0,0,0.0,0.0,Low Risk
727,France,Female,20,5,80980.51571887489,2,0,0,116297.35952264346,1,3,0.86,86.0,High Risk
416,France,Female,46,7,168669.18196403622,1,1,1,6789.665383512932,0,0,0.05,5.0,Low Risk
806,Germany,Female,31,9,142702.5998102305,1,0,1,59467.49114749046,0,0,0.0,0.0,Low Risk
845,Spain,Female,42,0,235187.2154290135,4,1,0,52682.54186770879,0,1,0.03,3.0,Low Risk
624,Spain,Female,27,3,52389.23287423883,2,1,0,175944.84465384483,0,0,0.0,0.0,Low Risk
354,Spain,Female,66,1,147764.6166819897,1,1,1,179501.1835945841,0,1,0.03,3.0,Low Risk
341,Spain,Male,55,10,103449.22665348022,1,0,1,6903.049392258646,0,1,0.02,2.0,Low Risk
596,Germany,Female,88,7,65393.887436970195,1,0,0,148284.92708746137,0,2,0.18,18.0,Low Risk
530,Spain,Male,31,3,89323.0736838706,3,0,1,23979.45780194372,0,0,0.0,0.0,Low Risk
752,Spain,Male,47,7,73633.73872614895,3,1,1,158186.8579110086,0,0,0.02,2.0,Low Risk
693,Spain,Male,57,1,131912.15132942173,4,0,1,169123.64222411005,0,0,0.0,0.0,Low Risk
821,Germany,Female,29,3,139513.5763608027,4,1,0,11859.36651319012,0,0,0.01,1.0,Low Risk
657,France,Male,31,8,216385.0168338539,1,1,1,65258.81529209175,0,0,0.0,0.0,Low Risk
743,Spain,Female,18,4,195326.4530748441,2,1,0,75945.075413112,0,1,0.0,0.0,Low Risk
427,Germany,Male,85,5,75628.80699845884,2,0,1,191030.17329587275,1,6,1.0,100.0,High Risk
704,Germany,Female,66,9,232831.32140885823,4,0,1,74190.07158552669,0,0,0.09,9.0,Low Risk
691,Spain,Female,35,8,217088.19330539036,2,0,1,51206.81715928763,0,1,0.0,0.0,Low Risk
492,France,Female,53,8,156465.74075197795,2,1,0,123943.31474439296,1,6,1.0,100.0,High Risk
377,France,Female,81,6,4657.133170780592,1,0,0,31787.088820320507,0,0,0.06,6.0,Low Risk
384,France,Female,45,10,52284.15431492275,1,1,0,125020.82625214497,0,0,0.02,2.0,Low Risk
329,Germany,Male,49,1,197329.8130967581,2,1,0,91720.3245296171,0,0,0.01,1.0,Low Risk
348,Spain,Female,89,6,113440.1994671966,1,0,1,146290.46649971989,1,5,0.99,99.0,High Risk
444,Spain,Female,42,8,31487.629473593846,2,1,0,115768.2780091122,0,2,0.04,4.0,Low Risk
368,Germany,Male,64,1,102064.9177394711,2,1,1,35324.72885364931,1,3,0.9,90.0,High Risk
357,Spain,Female,37,6,52975.780955000635,3,1,0,187475.9904851025,0,0,0.0,0.0,Low Risk
778,Spain,Female,50,6,223141.8492288343,2,0,1,89761.70245919922,0,0,0.0,0.0,Low Risk
744,France,Female,47,2,222314.60107765975,3,1,1,148914.93622019782,0,0,0.0,0.0,Low Risk
595,Spain,Female,54,5,96765.54552716747,4,1,1,106393.00189535564,0,1,0.07,7.0,Low Risk
470,Spain,Female,70,7,34348.37527176879,2,0,0,173055.64241424657,0,0,0.0,0.0,Low Risk
446,Germany,Male,91,9,89707.80844956335,4,0,1,67411.70088101031,0,0,0.03,3.0,Low Risk
783,Germany,Female,86,7,32184.9912442094,1,1,0,127776.35345497192,0,1,0.07,7.0,Low Risk
605,France,Male,25,2,76011.49870935219,3,0,0,15886.45623632973,0,2,0.03,3.0,Low Risk
745,Germany,Female,18,5,192795.38392975932,4,0,1,15557.208708966247,0,1,0.01,1.0,Low Risk
520,France,Male,24,1,72986.60971600332,1,1,0,168709.11579470307,0,0,0.01,1.0,Low Risk
677,France,Male,79,1,136050.4853267398,2,1,0,163677.2415838938,0,1,0.02,2.0,Low Risk
565,Spain,Male,75,7,29718.342971571383,3,1,1,71865.08521283271,0,0,0.0,0.0,Low Risk
394,France,Female,90,10,86906.36054145603,2,0,0,135205.9879089695,1,6,1.0,100.0,High Risk
561,Spain,Female,25,9,9909.416811063804,4,0,0,165798.68301542263,0,0,0.0,0.0,Low Risk
370,France,Male,81,4,137042.06536613576,2,1,0,28779.401205582864,0,0,0.0,0.0,Low Risk
518,Germany,Female,25,4,86905.7964684835,1,1,1,196947.50078644292,1,4,0.94,94.0,High Risk
832,Germany,Female,20,10,218000.97830726017,4,0,0,177171.4630968909,1,8,0.93,93.0,High Risk
391,Germany,Male,75,3,98138.1500863198,3,1,1,138186.28605009557,0,1,0.0,0.0,Low Risk
426,France,Female,49,10,139443.77987025687,1,1,1,108650.29287455384,0,1,0.03,3.0,Low Risk
379,France,Male,85,9,244161.03192065968,1,0,0,178986.285931513,0,1,0.06,6.0,Low Risk
537,Spain,Female,66,3,160676.48279617427,3,0,1,147868.9937182635,0,0,0.0,0.0,Low Risk
671,Spain,Male,55,7,125117.99868914403,1,1,1,116947.39647384969,0,1,0.02,2.0,Low Risk
785,Spain,Female,19,2,24531.182440496985,4,1,0,178318.86739117577,0,0,0.0,0.0,Low Risk
324,Spain,Female,26,10,205241.07271678044,2,1,0,42131.79557876463,0,0,0.0,0.0,Low Risk
455,France,Male,63,2,160595.83469603027,3,0,0,48882.45938029419,1,5,1.0,100.0,High Risk
816,France,Male,82,7,27131.078757281048,3,1,1,186023.16672217724,0,1,0.02,2.0,Low Risk
829,Spain,Female,66,2,61417.2876939926,4,1,0,13428.624689851358,0,0,0.01,1.0,Low Risk
356,France,Male,46,1,134411.86535938317,4,0,0,9241.30488451652,0,1,0.0,0.0,Low Risk
318,France,Male,46,10,11265.608327573478,3,0,1,158390.51009841077,0,0,0.02,2.0,Low Risk
683,France,Male,50,4,179577.5240962292,3,0,0,82805.20955643767,1,5,0.99,99.0,High Risk
492,France,Male,45,10,56948.4611137856,3,0,0,183251.9856120325,0,1,0.02,2.0,Low Risk
536,Spain,Male,43,2,122427.64360293388,3,0,0,60144.93453300199,0,0,0.0,0.0,Low Risk
686,Spain,Female,46,5,60410.85224050358,4,1,1,57453.49395098304,0,1,0.01,1.0,Low Risk
725,France,Male,28,10,122296.7255937461,2,0,0,191443.8075215417,0,1,0.01,1.0,Low Risk
576,Germany,Male,51,6,47419.75144582061,3,1,1,110758.016229996,0,1,0.0,0.0,Low Risk
526,Spain,Male,65,2,148480.1498215291,1,0,1,122745.6057256509,1,8,0.99,99.0,High Risk
622,Spain,Male,44,8,227601.68185875897,1,1,0,179616.49233621694,0,1,0.01,1.0,Low Risk
452,Germany,Female,89,9,201833.986514778,1,0,0,76170.1284970179,1,5,1.0,100.0,High Risk
536,Spain,Male,57,0,60380.190979536674,4,0,0,49579.79908968498,1,2,0.79,79.0,High Risk
354,Germany,Female,48,6,124527.3714168994,3,0,0,114218.71821445724,1,3,0.95,95.0,High Risk
735,Germany,Female,82,3,105777.10474450245,4,1,1,82010.24860502724,1,6,0.98,98.0,High Risk
408,France,Male,56,6,241368.77984722267,1,1,0,32726.417834972995,0,1,0.03,3.0,Low Risk
483,Spain,Male,41,8,199705.28183415835,2,0,1,23729.02482992556,0,0,0.01,1.0,Low Risk
667,Germany,Female,85,8,26857.165920493146,1,1,0,145094.4930936919,1,12,0.99,99.0,High Risk
497,France,Female,40,0,42138.10017835692,3,1,0,6850.449665943905,0,0,0.0,0.0,Low Risk
670,Spain,Female,78,9,175507.09858317653,2,1,1,105513.32376388815,1,3,0.81,81.0,High Risk
672,France,Male,44,3,39964.54390818163,2,0,1,65936.40660960034,0,0,0.0,0.0,Low Risk
796,France,Female,33,6,237617.13737749113,2,0,1,30190.286009835047,0,0,0.0,0.0,Low Risk
500,Germany,Male,62,9,248236.712439968,1,0,0,178134.4623183743,1,8,0.99,99.0,High Risk
808,Spain,Female,44,5,194592.71657029027,4,1,0,148110.8231562203,0,2,0.05,5.0,Low Risk
621,France,Female,90,8,6700.059828851773,1,1,0,154622.03972018207,0,0,0.0,0.0,Low Risk
574,Germany,Male,22,6,120681.69433749968,3,1,1,87183.20881616628,0,0,0.0,0.0,Low Risk
510,Germany,Male,76,2,101519.87732497242,2,0,1,129672.98905558854,0,0,0.0,0.0,Low Risk
803,France,Female,89,6,199883.9104135241,4,0,1,18117.737185336533,0,0,0.01,1.0,Low Risk
417,France,Male,52,9,71752.08197610792,4,1,1,27863.8926720664,0,1,0.01,1.0,Low Risk
341,Germany,Male,87,4,96531.51079341954,3,0,0,64520.55207395166,0,1,0.01,1.0,Low Risk
614,France,Female,63,1,23375.33640086356,3,1,1,91560.6317150331,0,0,0.0,0.0,Low Risk
628,France,Male,73,9,85659.0216377669,3,0,0,18772.823170846565,1,2,0.69,69.0,Medium Risk
316,Spain,Male,41,2,243463.46128726655,2,1,1,112999.1824050318,0,2,0.07,7.0,Low Risk
582,Germany,Female,27,5,235537.46350478887,2,0,0,47968.1155246162,0,1,0.0,0.0,Low Risk
557,France,Female,55,5,187564.8015346688,3,1,0,154913.85513200276,0,0,0.0,0.0,Low Risk
318,Germany,Male,87,6,226815.9138827138,2,0,0,103.83326760564243,1,5,0.91,91.0,High Risk
828,Spain,Male,65,5,52792.62671362406,1,1,0,173217.03385712113,0,0,0.01,1.0,Low Risk
722,Germany,Male,26,8,155457.9671331898,4,0,0,146518.5072688257,0,1,0.01,1.0,Low Risk
765,Germany,Female,67,4,124993.05955622942,2,1,0,109239.02608011109,1,5,0.99,99.0,High Risk
672,Germany,Female,86,4,105672.5100919522,4,1,0,147509.345056738,1,6,1.0,100.0,High Risk
380,Spain,Male,65,7,81208.78423993957,1,1,1,72922.32300335633,1,3,0.91,91.0,High Risk
847,Spain,Male,56,7,216579.89800152177,2,0,1,32525.61899162384,1,4,0.98,98.0,High Risk
723,Germany,Male,22,0,121126.29724821042,3,0,1,1832.182168504021,0,2,0.22,22.0,Low Risk
728,Germany,Female,28,2,181008.37236725655,3,0,1,109715.55850381924,0,0,0.01,1.0,Low Risk
687,Spain,Female,77,5,176487.56095149514,1,1,1,58395.5697048011,0,0,0.01,1.0,Low Risk
503,France,Male,44,5,34017.77926197147,1,1,1,42545.711357356784,0,0,0.0,0.0,Low Risk
495,Spain,Male,24,0,12233.92464073156,2,0,0,173403.27517050572,0,0,0.01,1.0,Low Risk
584,Germany,Male,77,1,209990.79339875627,1,1,0,145036.30697470476,0,0,0.0,0.0,Low Risk
495,France,Male,67,9,122580.00945947104,4,0,0,198035.2081162225,0,0,0.01,1.0,Low Risk
606,France,Female,84,6,202521.3829191447,3,1,0,132316.32432144243,1,4,0.98,98.0,High Risk
313,France,Male,86,0,74266.31191555374,2,1,1,179074.2831293409,0,1,0.01,1.0,Low Risk
445,Spain,Male,72,9,215457.99282061215,1,0,1,23676.037919959068,1,2,0.41,41.0,Low Risk
356,Spain,Female,33,4,207705.12121908745,4,1,0,144555.33469265912,0,1,0.0,0.0,Low Risk
509,Spain,Male,29,0,95417.856915173,3,1,1,17254.029268377915,0,0,0.02,2.0,Low Risk
828,Spain,Male,44,5,102924.51543405547,3,1,1,18923.148629992007,0,0,0.0,0.0,Low Risk
643,Germany,Male,50,6,87723.09986286836,2,1,1,171568.5180841355,0,0,0.01,1.0,Low Risk
578,France,Male,72,7,8705.643303513727,2,1,0,72023.45243708661,1,8,1.0,100.0,High Risk
508,Germany,Male,69,2,171915.14780693236,2,1,0,63293.336576857415,1,6,1.0,100.0,High Risk
634,Spain,Male,54,2,68183.13731362077,2,1,1,36764.77509141064,0,0,0.0,0.0,Low Risk
587,Spain,Female,32,10,221003.43559062656,1,0,1,96993.65481356074,0,0,0.0,0.0,Low Risk
551,Germany,Male,82,0,224344.2869053815,2,0,1,40724.4887978936,1,1,0.08,8.0,Low Risk
564,France,Female,85,2,180644.80153045297,1,1,0,107574.13356821534,0,0,0.02,2.0,Low Risk
570,France,Female,20,4,45390.99724186757,4,1,1,132091.0097479548,0,1,0.0,0.0,Low Risk
718,Spain,Female,89,5,22323.12311567361,4,1,1,130985.691312443,1,4,0.97,97.0,High Risk
510,Spain,Female,22,2,204111.64886434583,3,1,0,72936.2759180168,0,1,0.0,0.0,Low Risk
664,Spain,Male,26,3,223266.52721548593,4,0,1,140810.52231304208,0,1,0.02,2.0,Low Risk
375,Spain,Male,18,4,88009.78118346137,4,1,0,53224.14115758087,1,4,0.93,93.0,High Risk
620,France,Male,47,4,88238.98343152675,2,0,0,161538.1580617889,1,6,1.0,100.0,High Risk
732,Germany,Male,88,8,97568.97684213347,2,0,0,33.02070032745322,0,1,0.1,10.0,Low Risk
408,France,Female,37,7,206905.5766916116,2,1,1,193313.3568791419,1,3,0.8,80.0,High Risk
821,Germany,Female,44,0,176767.98937519523,4,0,1,86720.30536752251,0,0,0.02,2.0,Low Risk
346,Spain,Female,80,1,30494.08352560676,2,1,1,66805.8342026497,1,9,0.98,98.0,High Risk
678,Spain,Male,48,4,158672.64316144036,2,0,0,124900.23008021634,0,1,0.01,1.0,Low Risk
395,Germany,Female,36,2,2444.414989538013,2,0,1,175820.64199087693,0,1,0.06,6.0,Low Risk
402,Spain,Male,79,6,177596.55125682836,2,1,1,70520.73366520133,0,0,0.01,1.0,Low Risk
445,France,Female,24,10,191158.07934352575,1,0,0,14017.80742020465,0,0,0.01,1.0,Low Risk
326,Spain,Male,54,5,203737.10492460057,2,0,0,70773.16808065788,0,0,0.01,1.0,Low Risk
829,Spain,Female,88,1,156410.65545113912,4,1,1,1027.2829913027506,1,10,0.92,92.0,High Risk
381,Spain,Female,25,7,45147.02610384486,2,0,0,37016.58015911939,0,0,0.0,0.0,Low Risk
727,Spain,Male,74,4,198436.69516204012,2,0,1,10410.991191306424,0,0,0.0,0.0,Low Risk
778,France,Female,45,5,224947.63981045815,1,1,1,77523.18910851005,0,0,0.01,1.0,Low Risk
461,Germany,Female,34,7,158449.03576402934,2,0,1,11959.2363542991,0,0,0.0,0.0,Low Risk
701,Spain,Male,28,5,68779.46849138263,2,1,0,196785.3774538912,1,3,0.91,91.0,High Risk
807,Spain,Female,32,9,44840.18042117582,3,1,1,156385.41143267116,0,0,0.0,0.0,Low Risk
337,France,Female,47,2,57865.755425785705,2,1,0,83912.47122835567,0,1,0.02,2.0,Low Risk
810,France,Female,23,6,4226.063508699279,4,0,1,158086.50213813485,0,1,0.02,2.0,Low Risk
692,France,Female,29,3,2542.1477666419946,3,1,0,83478.18646689493,0,1,0.02,2.0,Low Risk
793,Spain,Male,78,5,74259.60521143401,3,0,0,129419.83395773344,0,0,0.01,1.0,Low Risk
499,Germany,Male,53,5,230739.92856840603,4,0,1,164305.0081179066,0,0,0.01,1.0,Low Risk
554,France,Female,52,10,155331.86396821155,4,0,1,136883.6537259165,0,1,0.02,2.0,Low Risk
478,France,Male,84,4,96526.76478597874,2,1,0,16911.323419206663,1,6,0.99,99.0,High Risk
846,France,Female,80,0,2711.8906801000267,2,1,0,8706.679312587734,0,1,0.03,3.0,Low Risk
688,Germany,Male,57,7,247425.03800619472,2,0,1,113985.28723689486,0,1,0.03,3.0,Low Risk
697,Spain,Female,48,9,113961.09698176123,3,1,0,39293.75015666481,1,3,0.97,97.0,High Risk
457,Spain,Female,54,1,247875.70841249148,4,1,1,196818.76510989587,0,0,0.01,1.0,Low Risk
303,Spain,Male,22,3,180034.98882080414,1,0,1,3268.6761233655643,0,0,0.01,1.0,Low Risk
466,France,Female,21,2,12809.712779623533,1,1,1,149707.71985242932,0,0,0.0,0.0,Low Risk
767,Spain,Female,43,5,214756.410019309,2,1,1,8498.252549475328,0,1,0.0,0.0,Low Risk
708,France,Female,41,10,132599.84870516934,4,0,1,122178.39445525274,0,0,0.0,0.0,Low Risk
711,Germany,Female,56,0,113182.1020506897,2,0,0,84014.53349578312,0,2,0.14,14.0,Low Risk
503,Germany,Male,73,8,189462.9252764879,3,0,0,126568.31332146432,0,0,0.03,3.0,Low Risk
493,Spain,Male,71,4,193700.2331628716,3,1,0,152394.05860366148,0,2,0.13,13.0,Low Risk
534,France,Male,55,4,199107.4374376857,1,1,1,6649.751230920297,0,0,0.0,0.0,Low Risk
449,France,Male,71,3,190134.0887288695,4,0,1,104256.90149401117,0,0,0.0,0.0,Low Risk
458,Spain,Female,36,3,160317.51299792834,4,1,0,188468.5316617645,0,2,0.06,6.0,Low Risk
578,Germany,Female,43,0,168905.5788323266,3,1,0,43564.47087014441,0,1,0.0,0.0,Low Risk
703,Germany,Female,69,8,214645.6465089072,4,1,1,15502.894252323144,0,0,0.04,4.0,Low Risk
610,Germany,Female,78,8,172635.1557886908,1,1,0,154195.29203494822,0,1,0.02,2.0,Low Risk
367,Germany,Male,84,3,25339.374945399257,2,1,0,148290.9436990226,0,0,0.03,3.0,Low Risk
762,Germany,Male,39,9,161375.15700196347,4,1,0,78036.99915589708,0,1,0.0,0.0,Low Risk
387,Spain,Male,34,9,42498.444432060714,4,0,1,166051.1389972452,0,0,0.0,0.0,Low Risk
516,Spain,Female,28,3,3563.2406043042965,1,0,0,108784.77909829334,0,0,0.0,0.0,Low Risk
300,Spain,Female,56,6,53541.68056869041,1,0,1,95077.3060084578,0,0,0.01,1.0,Low Risk
434,Germany,Female,78,3,38601.24586318234,2,1,1,164372.83420734573,1,2,0.77,77.0,High Risk
650,Germany,Female,66,0,25523.933778886203,1,1,0,19637.003293737373,0,0,0.01,1.0,Low Risk
439,Spain,Male,78,10,53746.6937264213,3,0,0,44787.733079005986,0,1,0.05,5.0,Low Risk
432,Spain,Male,29,8,140892.33487508894,3,1,0,88832.68557160854,0,0,0.0,0.0,Low Risk
477,Germany,Male,30,1,37867.450763248125,2,1,0,17095.760871938917,0,2,0.04,4.0,Low Risk
657,France,Female,75,4,69859.56925205339,2,1,0,199174.3598201509,0,1,0.02,2.0,Low Risk
679,Spain,Male,28,3,212398.0275532221,4,1,0,62713.064846409616,0,1,0.01,1.0,Low Risk
749,Germany,Female,81,7,222012.81863201177,3,0,1,189549.43305112197,1,5,0.99,99.0,High Risk
762,Germany,Male,48,5,83271.09169661687,3,1,1,94895.5773837152,0,0,0.01,1.0,Low Risk
407,Spain,Male,28,6,224737.7752228145,3,1,0,184904.466507781,0,1,0.02,2.0,Low Risk
421,France,Female,60,1,146431.9425281974,3,1,0,88002.58567395384,1,6,0.99,99.0,High Risk
316,Germany,Female,53,3,56592.101107631075,1,1,1,162946.77608434568,1,1,0.57,57.0,Medium Risk
495,Spain,Female,19,3,188573.351284841,3,1,0,150222.21030990075,0,2,0.07,7.0,Low Risk
626,Germany,Male,78,1,230523.5361844495,2,0,0,189379.58749377148,0,1,0.01,1.0,Low Risk
617,Germany,Male,53,9,164808.9568953733,4,1,0,127493.93359603493,1,3,0.99,99.0,High Risk
778,Germany,Male,66,3,50332.68215393863,4,0,1,45424.73683325441,1,6,0.93,93.0,High Risk
551,Germany,Male,44,8,21470.019168595976,2,0,0,108384.905543362,1,6,0.99,99.0,High Risk
802,France,Female,29,7,57352.99267654917,3,1,1,29183.485100975515,0,1,0.0,0.0,Low Risk
418,Spain,Male,75,10,84627.12635483748,1,1,1,66980.66521284246,1,9,1.0,100.0,High Risk
797,Spain,Female,23,0,83433.8260017575,3,1,1,157839.69561106927,0,2,0.04,4.0,Low Risk
785,Spain,Male,61,7,124636.48325341014,3,0,0,2803.445478602519,1,6,0.96,96.0,High Risk
344,Spain,Female,64,10,126292.30400798724,2,1,0,124176.6240163541,0,1,0.0,0.0,Low Risk
613,Spain,Female,40,8,117858.1529037841,4,0,0,138600.33795276334,0,1,0.0,0.0,Low Risk
478,France,Male,91,7,85955.96897072755,4,0,0,179959.17355004197,0,0,0.06,6.0,Low Risk
717,Germany,Male,43,9,26707.618459676203,4,1,1,151295.6377277873,0,0,0.01,1.0,Low Risk
377,Germany,Female,24,0,104579.5728746488,2,1,0,80570.47394766622,1,5,0.98,98.0,High Risk
625,Spain,Male,49,7,246440.08561308103,1,1,0,153117.9451403314,1,6,0.97,97.0,High Risk
656,Germany,Female,50,4,163468.71827111192,1,1,0,125099.49505448811,0,1,0.07,7.0,Low Risk
715,Germany,Male,37,8,109944.33680095118,4,0,0,117354.30107541264,0,0,0.0,0.0,Low Risk
814,Germany,Male,86,8,20872.657019118946,4,0,1,14757.815138104734,0,0,0.03,3.0,Low Risk
513,Spain,Male,69,5,53312.17976563146,1,0,1,107941.08382534405,1,3,0.88,88.0,High Risk
373,Spain,Male,59,2,143661.82350129395,2,0,1,173420.71103523133,0,0,0.01,1.0,Low Risk
808,France,Male,18,6,124468.46141200156,1,0,1,87375.82029749994,0,1,0.0,0.0,Low Risk
631,Spain,Female,80,2,4798.76564101775,3,1,1,140834.55981733667,0,2,0.05,5.0,Low Risk
392,France,Male,24,6,21558.957941473887,3,0,1,180748.53895512037,0,1,0.0,0.0,Low Risk
818,Spain,Female,75,7,89002.14528034722,2,1,0,106838.45847859676,1,4,0.97,97.0,High Risk
568,Germany,Female,67,4,35206.44570756798,4,0,0,17633.999305819296,1,3,0.98,98.0,High Risk
675,France,Female,51,4,239460.6697443272,3,0,1,10859.28741109383,0,1,0.02,2.0,Low Risk
303,France,Male,68,3,8529.423712649059,1,0,1,159542.8660804754,1,6,0.97,97.0,High Risk
437,France,Female,27,2,243512.34317715975,3,1,1,6550.29986507843,0,1,0.0,0.0,Low Risk
530,Spain,Female,43,7,164138.430065187,1,0,0,199783.50717010951,0,0,0.01,1.0,Low Risk
828,France,Female,49,10,101806.93098393,1,0,1,25510.502392740647,0,1,0.04,4.0,Low Risk
351,Spain,Female,59,5,134858.1365309337,1,0,1,155029.8357292837,0,0,0.0,0.0,Low Risk
624,France,Female,79,5,102531.17803784789,3,0,0,173544.64614484156,1,3,0.76,76.0,High Risk
576,Spain,Female,29,1,143301.90627372384,2,0,1,61292.65009308028,0,1,0.0,0.0,Low Risk
835,France,Male,57,3,38001.53853324931,1,0,0,108329.22473243868,0,0,0.02,2.0,Low Risk
785,Germany,Female,51,4,30003.30224336675,3,0,1,190475.5690767702,0,0,0.01,1.0,Low Risk
815,Germany,Female,87,10,132147.66902445795,4,0,0,191031.42892526847,1,4,1.0,100.0,High Risk
451,France,Male,44,9,17834.914461183515,2,0,0,186023.0857496272,0,0,0.0,0.0,Low Risk
782,Spain,Female,25,4,73121.07566172551,3,0,0,54988.58842452527,0,0,0.0,0.0,Low Risk
558,Spain,Male,64,2,231723.7582346211,2,1,0,11918.07055975577,0,0,0.01,1.0,Low Risk
623,Spain,Male,43,9,219053.27708697005,3,0,1,20566.975834517176,0,0,0.01,1.0,Low Risk
467,Germany,Female,74,4,207850.57385194945,1,0,1,28383.91207283372,0,2,0.14,14.0,Low Risk
609,Germany,Female,24,4,126790.92161954938,4,1,0,134338.91536152846,0,1,0.05,5.0,Low Risk
778,Germany,Male,43,1,6971.176149370345,3,0,1,160489.43841518677,0,0,0.03,3.0,Low Risk
355,Spain,Male,76,4,30342.31535047918,2,0,0,10074.640750381735,0,0,0.01,1.0,Low Risk
772,Spain,Male,86,2,229862.76872235068,4,1,1,178082.15624993286,0,0,0.01,1.0,Low Risk
595,Spain,Male,64,2,209101.8330260437,4,1,1,149463.26740091285,1,3,0.82,82.0,High Risk
760,France,Female,52,4,94130.4555359302,4,1,0,106061.85240994566,1,4,0.99,99.0,High Risk
623,France,Male,47,8,182243.88371999728,1,1,1,197992.164252731,0,0,0.01,1.0,Low Risk
440,France,Male,67,1,213631.94830457223,1,1,1,53044.57736805045,0,0,0.02,2.0,Low Risk
561,Germany,Male,41,8,155083.89988488783,3,0,0,43609.38691962907,1,4,1.0,100.0,High Risk
719,Germany,Female,47,2,213381.73669726617,1,0,1,66967.22303239038,0,2,0.33,33.0,Low Risk
540,Spain,Male,71,6,61168.50196723922,4,0,0,105308.88092373178,1,8,0.98,98.0,High Risk
654,France,Male,84,0,115533.93669407758,2,0,0,77373.57778835436,0,2,0.12,12.0,Low Risk
479,Spain,Female,49,0,144760.44620391086,4,0,1,165901.9246321845,1,3,0.95,95.0,High Risk
365,France,Female,25,7,157789.36172834234,4,1,1,178899.14118309322,0,0,0.0,0.0,Low Risk
647,France,Male,67,8,246747.58064216725,1,0,0,193333.86827711912,0,0,0.03,3.0,Low Risk
470,Spain,Male,64,2,211482.8345938593,2,0,0,163652.046646231,0,0,0.01,1.0,Low Risk
773,Spain,Male,63,5,13815.228260524447,4,1,1,121626.40969033276,0,0,0.0,0.0,Low Risk
833,France,Female,52,2,42283.35111088966,2,0,0,122726.90358227846,0,0,0.03,3.0,Low Risk
666,France,Female,78,5,164285.490835339,2,1,0,37306.4218642333,0,1,0.01,1.0,Low Risk
406,Germany,Male,68,6,60127.50741045633,4,0,1,52649.81973724439,0,0,0.01,1.0,Low Risk
738,Spain,Male,80,4,39741.97831016227,1,0,0,199451.9178817703,0,0,0.0,0.0,Low Risk
526,Spain,Male,25,2,166662.72054908273,1,1,0,52267.065806369654,0,1,0.01,1.0,Low Risk
743,Spain,Female,51,7,134106.137833363,3,1,1,93380.03891971514,1,7,0.97,97.0,High Risk
741,Spain,Male,42,4,201297.49436783252,4,1,0,77068.1604655509,0,0,0.0,0.0,Low Risk
695,France,Male,61,0,79840.29930158723,4,0,1,137654.80766271392,0,1,0.0,0.0,Low Risk
383,Germany,Female,60,8,82425.97712800017,2,0,0,67105.97929337023,0,0,0.01,1.0,Low Risk
312,Spain,Male,67,2,37622.990678098904,2,1,0,136593.1623356008,1,6,0.94,94.0,High Risk
792,France,Female,30,1,163064.536507152,3,1,1,192160.78460815208,0,1,0.02,2.0,Low Risk
567,France,Female,63,2,177222.96107376978,3,1,0,50484.81087526688,0,0,0.0,0.0,Low Risk
824,France,Male,70,6,34606.70565440971,2,0,1,74141.71346563373,0,0,0.0,0.0,Low Risk
419,France,Female,80,10,63528.36032953554,2,0,0,68441.6045082986,0,0,0.02,2.0,Low Risk
652,France,Female,19,9,38567.82934250996,3,1,0,60078.45162468707,0,0,0.0,0.0,Low Risk
356,Spain,Male,57,7,186919.24924975724,1,0,1,54064.27075076124,1,10,0.99,99.0,High Risk
339,Spain,Female,40,1,52274.43240897722,3,0,1,126012.2358643826,0,0,0.0,0.0,Low Risk
635,Germany,Female,76,6,38061.64114758931,2,1,1,109626.49961134054,0,0,0.0,0.0,Low Risk
472,Spain,Male,86,10,17462.92687164702,4,0,1,101738.24474102347,0,2,0.06,6.0,Low Risk
846,France,Male,51,4,207824.86855654593,2,1,1,160119.49020117935,1,9,0.98,98.0,High Risk
558,Germany,Male,91,8,30994.787211995863,1,1,1,29314.578605888284,0,1,0.13,13.0,Low Risk
816,France,Male,44,6,7416.763466131099,2,1,1,33953.37112206657,0,0,0.0,0.0,Low Risk
822,France,Male,72,0,16076.330087736653,2,1,0,102617.08242264588,0,0,0.03,3.0,Low Risk
416,Spain,Female,21,0,91707.7180320692,3,0,0,70751.89348057623,0,0,0.0,0.0,Low Risk
483,France,Female,85,5,149163.13518160742,1,0,1,34766.04271513738,0,2,0.02,2.0,Low Risk
415,Spain,Female,89,8,99551.17689022896,3,0,0,138129.62606151038,0,0,0.0,0.0,Low Risk
461,France,Female,87,0,113851.7301191305,4,1,1,99220.04625748596,0,1,0.03,3.0,Low Risk
842,Germany,Female,44,2,229826.36413157743,4,1,1,40455.62414103207,0,0,0.01,1.0,Low Risk
536,France,Male,64,4,189730.29033251604,1,0,0,52888.41328489061,0,0,0.0,0.0,Low Risk
365,Spain,Male,57,3,85260.3258375463,4,1,0,144613.3014379629,0,0,0.01,1.0,Low Risk
369,France,Male,44,0,38578.64557427257,4,1,0,65501.36971138191,0,0,0.0,0.0,Low Risk
746,Spain,Male,24,9,187293.11123658912,2,1,1,40911.652935417,0,2,0.08,8.0,Low Risk
715,Spain,Female,40,3,143380.94430297817,3,1,1,193120.55581187585,0,1,0.02,2.0,Low Risk
831,Germany,Male,81,3,240561.671790246,3,0,1,17618.05706805332,0,0,0.02,2.0,Low Risk
740,Spain,Male,46,10,227110.5869143504,3,1,0,29391.337637194745,0,0,0.0,0.0,Low Risk
763,Germany,Female,78,9,140910.68266392188,1,1,1,143458.53681235004,0,1,0.01,1.0,Low Risk
695,Germany,Female,61,3,17477.548376457762,2,1,1,85147.99987439079,0,1,0.02,2.0,Low Risk
694,France,Male,86,2,7739.920301243986,2,1,1,150588.73140785447,0,0,0.01,1.0,Low Risk
625,Germany,Female,44,6,209380.10015652108,1,1,1,110560.08528226182,0,0,0.01,1.0,Low Risk
390,Spain,Female,29,0,174510.531471361,3,1,1,8052.6964546950285,1,4,0.92,92.0,High Risk
369,Spain,Male,34,1,140039.3467140818,2,1,1,136832.7458091283,0,1,0.0,0.0,Low Risk
465,Germany,Female,54,0,172231.30859359854,2,0,1,161154.61529043052,1,7,1.0,100.0,High Risk
513,France,Male,51,3,134946.70856401438,3,1,0,110539.44736267002,0,0,0.0,0.0,Low Risk
634,Germany,Female,53,4,144584.43389430846,4,1,0,61518.78297142296,1,10,1.0,100.0,High Risk
668,Germany,Female,23,10,56472.24035240836,1,0,1,3114.21391563272,0,1,0.03,3.0,Low Risk
348,Spain,Female,49,9,113876.10333406476,2,1,1,181337.41796172105,0,2,0.12,12.0,Low Risk
351,France,Female,90,4,2768.385616355202,3,1,0,141398.87681298752,0,0,0.03,3.0,Low Risk
588,France,Male,39,1,167183.4123652472,4,1,0,8968.928113557096,0,0,0.0,0.0,Low Risk
538,France,Female,27,10,83075.63955462977,3,0,1,168119.95729358343,0,1,0.0,0.0,Low Risk
432,France,Male,46,2,164081.0381093338,3,0,0,10621.699678222814,1,5,0.99,99.0,High Risk
465,Spain,Male,28,3,231615.4173888332,4,1,0,142298.10862520558,0,0,0.0,0.0,Low Risk
673,France,Female,83,9,147910.8286652695,1,1,1,138816.49685136805,0,0,0.01,1.0,Low Risk
672,France,Female,73,5,82021.25059090246,2,0,1,183230.4607663956,0,0,0.0,0.0,Low Risk
777,France,Male,75,5,51789.65510500708,1,1,1,33094.28443340222,0,0,0.01,1.0,Low Risk
778,Spain,Female,69,1,62927.1214939921,1,1,1,113458.57729757966,0,1,0.01,1.0,Low Risk
599,Spain,Female,78,1,246824.25733552215,3,1,1,108945.32626680331,0,1,0.02,2.0,Low Risk
381,France,Male,34,8,153840.76261334858,3,0,1,7005.493888670354,0,0,0.01,1.0,Low Risk
386,Spain,Female,47,1,110136.37701932344,3,0,1,127665.17055523694,1,6,0.97,97.0,High Risk
524,Germany,Male,89,1,57743.755895334594,1,1,1,50813.32914872727,1,6,0.97,97.0,High Risk
315,France,Female,54,2,193262.67919351472,2,1,0,66504.9884803809,0,0,0.0,0.0,Low Risk
657,Spain,Female,22,8,96860.83597882104,3,0,0,48278.370920269226,0,0,0.0,0.0,Low Risk
462,France,Female,43,5,75281.65137579138,4,1,1,11194.079591150576,0,0,0.0,0.0,Low Risk
813,France,Female,87,10,55576.18016970869,2,1,1,33333.96042900902,0,0,0.01,1.0,Low Risk
649,Spain,Female,18,5,46407.80791463503,2,0,0,41469.53731145627,0,0,0.0,0.0,Low Risk
763,Germany,Female,26,9,68344.24401486636,2,0,1,115469.33976502097,1,6,0.98,98.0,High Risk
674,France,Male,88,4,156800.73700743003,4,1,0,26999.905816125098,1,3,0.95,95.0,High Risk
391,Germany,Male,81,6,59961.94311211178,4,1,1,184143.57187346808,0,0,0.03,3.0,Low Risk
480,Spain,Female,41,10,15149.603252211737,3,1,0,46364.99732549838,0,0,0.0,0.0,Low Risk
600,France,Female,22,3,89756.13118220863,2,1,1,130352.4149477873,0,1,0.0,0.0,Low Risk
488,Spain,Male,68,9,146212.97701528072,1,0,1,31524.710823809924,0,1,0.03,3.0,Low Risk
613,Spain,Male,55,9,15054.513393799456,1,1,0,159028.58814906774,0,0,0.01,1.0,Low Risk
792,Spain,Male,46,2,113156.29562401888,1,1,1,14311.829525649344,0,1,0.01,1.0,Low Risk
427,Spain,Female,63,6,13072.183726436037,3,1,0,147521.2877035494,1,11,1.0,100.0,High Risk
818,France,Female,69,9,192044.89147307532,1,1,0,78639.1555347642,0,0,0.0,0.0,Low Risk
725,Germany,Female,63,0,217970.62329134817,2,0,0,93109.20573449395,1,4,0.99,99.0,High Risk
486,Germany,Male,85,5,240952.0350873834,3,1,0,73270.17250824603,1,6,1.0,100.0,High Risk
849,France,Male,76,10,172815.9159405999,3,1,0,80415.46902385267,0,0,0.04,4.0,Low Risk
752,France,Female,27,10,158016.09943638326,4,0,0,1074.987977184582,1,5,0.95,95.0,High Risk
770,Germany,Male,21,10,173519.27136821215,2,0,1,5239.607543938819,0,0,0.0,0.0,Low Risk
523,Germany,Female,69,1,213662.0464768053,1,1,0,158789.30685642004,0,1,0.0,0.0,Low Risk
453,France,Female,91,1,201773.19735293256,2,0,0,42704.86848154702,1,4,0.99,99.0,High Risk
650,Spain,Male,35,10,109624.10846964036,2,0,0,121463.4009075782,1,4,0.92,92.0,High Risk
446,France,Female,68,7,162768.29355657063,3,0,1,130668.54996273165,0,0,0.0,0.0,Low Risk
648,Germany,Male,40,2,40480.070166098616,1,0,1,139599.2580677253,0,1,0.0,0.0,Low Risk
481,Spain,Male,42,8,173731.40623395017,1,1,0,119472.36742975978,0,0,0.0,0.0,Low Risk
478,Germany,Female,77,3,182692.6321348724,1,0,0,125761.07644401664,0,0,0.01,1.0,Low Risk
338,Spain,Female,54,5,200327.47515219564,4,0,1,116305.12903427587,0,2,0.28,28.0,Low Risk
302,Germany,Male,85,0,204412.1503963972,2,1,1,185636.45067741256,0,1,0.1,10.0,Low Risk
363,Spain,Female,35,10,109977.01316075525,3,0,1,132920.39716193435,0,0,0.0,0.0,Low Risk
328,France,Male,46,9,225879.19553315663,3,1,0,70593.46304584618,0,0,0.0,0.0,Low Risk
671,France,Female,47,9,245237.5784352819,3,0,0,71333.71008258214,0,1,0.02,2.0,Low Risk
822,Spain,Male,24,2,244510.27061651932,1,1,0,15930.557345670666,0,0,0.0,0.0,Low Risk
396,Spain,Male,58,3,146440.23955866002,1,0,1,198357.13779008036,0,0,0.0,0.0,Low Risk
741,France,Female,91,4,139870.68980902564,3,1,0,178154.216547477,0,0,0.02,2.0,Low Risk
502,France,Female,54,0,114333.54756681346,2,0,1,8623.349200624585,1,9,1.0,100.0,High Risk
710,Spain,Male,44,3,74948.523575027,3,1,1,172357.17269780996,0,1,0.0,0.0,Low Risk
320,Spain,Male,38,4,83439.44652177981,2,1,1,27693.443437568138,0,1,0.0,0.0,Low Risk
401,France,Male,60,3,53938.02620779467,3,0,0,47817.39811527383,0,1,0.01,1.0,Low Risk
345,Germany,Male,68,9,238930.65699430983,2,1,1,136160.30331097834,1,6,1.0,100.0,High Risk
365,France,Female,88,9,154956.64882267537,3,1,0,146045.58999120767,0,0,0.02,2.0,Low Risk
463,Spain,Female,30,6,233615.79382684204,4,0,0,101154.89016812637,0,1,0.0,0.0,Low Risk
410,Spain,Female,70,7,96781.41392542997,4,1,1,193549.0284573421,1,7,0.96,96.0,High Risk
637,Germany,Male,80,7,74548.71611648319,1,0,1,97928.10006099702,1,0,0.55,55.0,Medium Risk
422,France,Female,74,2,33186.23222144057,1,1,1,51679.47278354664,0,0,0.01,1.0,Low Risk
746,Spain,Male,42,4,75061.47711476713,1,0,0,1821.8878789381597,0,0,0.04,4.0,Low Risk
590,France,Male,30,9,222540.15189311956,1,0,1,173461.4866971341,0,0,0.0,0.0,Low Risk
711,Spain,Female,54,7,145569.0496756565,3,1,1,79067.95761396899,0,1,0.01,1.0,Low Risk
580,Germany,Female,47,6,113119.50747471878,4,0,1,156509.70561865284,1,5,0.99,99.0,High Risk
342,France,Male,29,8,142062.3844884496,1,0,0,154773.01179685822,0,0,0.0,0.0,Low Risk
785,France,Male,82,9,223172.31626830957,2,1,0,8722.908213183415,1,5,0.97,97.0,High Risk
350,Germany,Female,35,6,48205.66760834868,2,1,0,164316.5748219455,0,1,0.0,0.0,Low Risk
509,Spain,Male,79,1,241414.8391213647,1,0,1,57836.670306316264,0,0,0.0,0.0,Low Risk
425,Spain,Female,41,3,166548.5949863073,1,0,1,168247.75561951118,0,0,0.0,0.0,Low Risk
791,France,Female,77,7,213837.553530873,1,1,0,98439.46517557096,0,2,0.19,19.0,Low Risk
808,Germany,Male,34,8,131351.71743260903,3,1,1,118322.27376158832,0,0,0.01,1.0,Low Risk
557,France,Male,77,6,59159.46804909325,2,1,0,20283.101553296223,1,6,0.99,99.0,High Risk
487,France,Male,26,4,141858.59110831335,2,0,1,75864.00131025644,0,0,0.0,0.0,Low Risk
529,Spain,Male,69,0,16984.888470510607,2,0,1,194179.137925255,1,3,0.87,87.0,High Risk
488,Spain,Male,32,8,213048.79086905223,4,1,0,185178.8346811357,0,0,0.01,1.0,Low Risk
714,Spain,Female,45,5,162394.77532422743,3,1,0,198840.32424652312,1,3,0.87,87.0,High Risk
309,Spain,Female,26,1,70714.27652932834,4,0,0,102048.02568540472,0,1,0.0,0.0,Low Risk
413,Spain,Female,73,10,68617.33838063364,3,1,0,163656.6648950306,0,0,0.03,3.0,Low Risk
375,Germany,Female,53,9,225701.5048729115,2,1,1,91015.25839271978,1,2,0.79,79.0,High Risk
801,France,Male,73,9,210226.77483224968,2,0,1,188280.84497314077,0,0,0.0,0.0,Low Risk
384,Germany,Female,88,1,190777.1680977576,4,0,0,197198.2402134046,0,0,0.0,0.0,Low Risk
348,France,Male,37,9,103697.97568413314,2,1,0,175559.7952150694,0,0,0.01,1.0,Low Risk
794,Spain,Male,72,0,218126.2711868727,1,1,1,124236.44127707538,0,0,0.0,0.0,Low Risk
686,Germany,Male,77,3,61722.53084775697,3,1,0,197790.89761747135,0,0,0.03,3.0,Low Risk
688,France,Male,52,9,6063.479454790549,2,0,1,196748.7064088738,0,0,0.02,2.0,Low Risk
517,Spain,Male,91,10,108192.4896199858,1,1,1,95021.06263816686,0,0,0.01,1.0,Low Risk
645,Spain,Female,18,1,229881.3230432573,4,0,0,60761.244984862526,0,0,0.0,0.0,Low Risk
529,Germany,Male,62,9,142806.75380949565,2,0,0,37492.27472025601,1,7,0.99,99.0,High Risk
554,Germany,Male,86,10,57358.93767500802,2,1,0,135405.71315788405,0,1,0.05,5.0,Low Risk
535,Germany,Female,57,8,162705.32567530643,3,0,1,6969.182080851278,0,0,0.01,1.0,Low Risk
325,Spain,Female,55,1,186246.42123201277,2,1,1,152767.927408815,1,6,0.99,99.0,High Risk
560,France,Female,41,10,137584.45693015674,3,1,1,10273.57392618868,0,0,0.0,0.0,Low Risk
570,France,Male,21,8,210649.50591040924,4,1,1,53081.73492038114,0,0,0.0,0.0,Low Risk
422,Germany,Male,86,0,148093.1479793344,3,1,0,99604.477511873,0,1,0.01,1.0,Low Risk
556,France,Male,30,6,24005.147178531304,4,1,0,19495.61192839925,0,0,0.01,1.0,Low Risk
720,Spain,Male,38,5,202386.27097880671,2,0,1,7269.170885138222,0,1,0.0,0.0,Low Risk
558,France,Female,49,5,36589.04999960971,1,0,1,95965.67349335614,1,2,0.77,77.0,High Risk
346,Spain,Female,55,1,220688.79092095135,4,1,0,177352.37969238375,0,0,0.0,0.0,Low Risk
824,Germany,Female,49,0,130461.25431602597,2,0,0,81668.80193618593,0,0,0.01,1.0,Low Risk
507,France,Female,74,9,182966.68190577923,4,0,1,40063.86604367881,0,2,0.09,9.0,Low Risk
610,Spain,Female,65,7,243023.72795638157,2,0,1,81676.05272051938,1,4,0.96,96.0,High Risk
448,Germany,Female,47,7,107985.78589713608,2,0,0,144529.66896627663,0,1,0.04,4.0,Low Risk
737,Germany,Male,88,1,114930.46099445742,1,1,0,8282.114086969581,0,1,0.02,2.0,Low Risk
454,Germany,Male,55,3,206461.46929818497,3,0,0,6158.782324302111,1,6,1.0,100.0,High Risk
389,Germany,Female,61,3,27559.43886496326,1,1,1,92561.76429563134,0,0,0.01,1.0,Low Risk
657,France,Female,43,1,6924.724275891247,4,1,1,135342.07986841912,0,1,0.03,3.0,Low Risk
473,Spain,Female,19,10,151079.13533990495,1,1,0,122755.29573101684,0,0,0.0,0.0,Low Risk
516,France,Female,60,8,41879.94497201916,2,0,1,127567.8763905803,0,0,0.0,0.0,Low Risk
755,Spain,Male,60,3,63934.55693586142,2,0,0,33151.92725982182,1,5,1.0,100.0,High Risk
498,Germany,Male,80,3,244069.97973331928,1,0,1,107751.6742417602,0,3,0.24,24.0,Low Risk
785,France,Male,90,3,163287.01182882703,4,0,1,75590.76779689336,0,0,0.02,2.0,Low Risk
832,Germany,Female,75,4,213940.6694837787,3,0,0,22107.96895974028,0,0,0.0,0.0,Low Risk
499,Spain,Female,65,9,224447.76147927716,3,0,0,25621.251955396416,0,0,0.01,1.0,Low Risk
670,Germany,Female,22,7,30337.506383197793,2,1,1,129072.22954793429,0,1,0.02,2.0,Low Risk
747,France,Male,52,3,231944.37954184052,3,0,0,191444.5552434378,0,1,0.02,2.0,Low Risk
547,France,Male,33,2,216629.79671336725,3,0,1,21268.886280795203,0,0,0.0,0.0,Low Risk
563,Spain,Male,66,10,11335.658981584062,4,0,1,98983.13771484856,0,0,0.02,2.0,Low Risk
357,Spain,Female,77,0,244301.90508092812,3,1,0,49592.80628240529,0,0,0.01,1.0,Low Risk
601,France,Male,68,1,114579.2375611894,1,1,0,56328.83018146266,0,0,0.0,0.0,Low Risk
330,France,Male,76,3,243622.1030877568,4,1,0,44898.608790327446,0,0,0.05,5.0,Low Risk
797,France,Female,81,8,205963.61338591992,1,0,0,109142.83909604252,1,2,0.21,21.0,Low Risk
548,France,Male,30,0,110033.54927145506,2,0,0,11352.028269121807,0,0,0.01,1.0,Low Risk
570,Spain,Female,43,5,127889.3582931214,4,1,1,148502.05318352435,0,0,0.0,0.0,Low Risk
693,France,Female,87,5,68774.37799372264,3,1,0,121349.92339559036,0,0,0.0,0.0,Low Risk
801,Spain,Female,20,9,121729.9513725094,4,1,1,76972.34799281595,0,0,0.0,0.0,Low Risk
383,France,Male,29,2,26873.09332786761,2,1,1,43577.87584126944,0,1,0.0,0.0,Low Risk
664,France,Male,58,9,227158.76265409848,1,1,0,107268.50105984422,0,0,0.0,0.0,Low Risk
848,Germany,Female,82,8,178303.02449570232,2,0,0,191031.0017260135,0,0,0.02,2.0,Low Risk
641,Germany,Male,80,9,201301.68097629136,4,0,1,141624.14762074457,1,9,1.0,100.0,High Risk
706,France,Female,67,2,132780.55307439348,1,0,0,55878.334003105294,1,4,1.0,100.0,High Risk
724,Spain,Male,64,0,31408.470478233365,1,0,0,148586.13882115175,0,0,0.02,2.0,Low Risk
392,France,Female,25,1,134311.16289266443,4,1,0,100813.14023805493,0,1,0.0,0.0,Low Risk
711,Germany,Female,48,3,82301.56470663619,2,0,1,9613.047654668668,0,0,0.03,3.0,Low Risk
731,France,Male,28,3,2526.4505813439587,3,1,0,123511.04678387278,0,0,0.05,5.0,Low Risk
458,Germany,Female,34,1,153758.9482589789,2,1,0,46786.591077405435,0,0,0.0,0.0,Low Risk
313,France,Female,44,9,213412.3060600594,3,1,1,81937.67571390959,0,0,0.0,0.0,Low Risk
672,France,Female,44,5,177638.01461196193,2,0,0,95698.73431532392,1,10,0.99,99.0,High Risk
524,Spain,Female,73,5,55883.09687692791,4,0,1,159863.5826973065,0,0,0.0,0.0,Low Risk
804,Germany,Female,86,2,204783.2995912744,2,1,0,116017.88394858612,0,0,0.02,2.0,Low Risk
372,Germany,Male,64,0,77374.87097430123,2,0,0,68025.88199189087,0,1,0.03,3.0,Low Risk
548,Germany,Male,36,9,54621.3618099318,4,0,0,131453.1471585811,0,2,0.05,5.0,Low Risk
810,Spain,Female,74,8,240285.44702448123,4,1,0,38427.09492587259,0,0,0.01,1.0,Low Risk
515,France,Male,48,3,4149.295708744088,1,0,0,164560.3131962266,0,2,0.33,33.0,Low Risk
840,Spain,Female,33,8,41892.28427198269,2,0,1,40294.04383033194,0,0,0.01,1.0,Low Risk
519,France,Female,62,4,116750.25822014749,4,0,1,111710.78041172776,0,0,0.01,1.0,Low Risk
520,Spain,Female,44,6,41767.30147953248,4,1,1,41033.577496909646,0,0,0.01,1.0,Low Risk
688,Spain,Female,78,2,41717.37562092556,1,0,0,65119.34976560041,0,0,0.01,1.0,Low Risk
341,Germany,Female,43,2,158587.07783340785,4,0,0,84503.46884723466,0,0,0.0,0.0,Low Risk
582,Spain,Male,46,7,204757.5304263131,1,0,1,73490.23326626232,0,1,0.01,1.0,Low Risk
357,France,Male,61,0,165404.36243222028,4,0,1,186773.97061705895,0,2,0.15,15.0,Low Risk
836,Spain,Male,46,7,25363.05125403457,1,1,0,44705.91439077574,1,10,1.0,100.0,High Risk
372,Spain,Male,19,7,223844.61827868063,2,1,0,36038.16570004951,1,12,0.97,97.0,High Risk
428,France,Male,23,2,230686.9587843713,4,0,1,103512.09280996936,0,1,0.0,0.0,Low Risk
725,Germany,Male,26,0,70250.63670985526,4,1,1,189783.70944473747,1,8,0.96,96.0,High Risk
424,France,Female,32,8,138278.13479349413,2,0,0,100670.72799932813,0,1,0.0,0.0,Low Risk
366,France,Male,75,3,121309.154244114,2,1,0,191875.30165750856,0,1,0.0,0.0,Low Risk
305,France,Female,19,6,167056.1815892585,2,0,0,38079.17720543994,0,2,0.05,5.0,Low Risk
613,Spain,Female,20,8,244486.60306336463,1,1,0,2061.173379253815,0,0,0.03,3.0,Low Risk
625,Spain,Male,69,2,246595.08656001496,4,0,1,60596.01148720172,1,3,0.81,81.0,High Risk
805,France,Male,72,4,127286.08148929162,4,0,1,127643.32069207076,1,8,1.0,100.0,High Risk
381,France,Female,70,9,22987.415619766525,3,0,0,118414.08147801932,1,2,0.39,39.0,Low Risk
301,Germany,Female,89,10,83618.13168221066,3,1,0,48352.4757120092,1,3,0.98,98.0,High Risk
503,Spain,Female,57,2,103391.622882128,4,1,1,132318.21453126037,0,0,0.01,1.0,Low Risk
703,Spain,Female,56,4,133658.34071564738,1,0,1,166051.16101039972,0,0,0.0,0.0,Low Risk
402,Spain,Female,60,10,240092.59267147517,1,0,0,137442.4019886941,0,1,0.0,0.0,Low Risk
835,Spain,Male,30,1,65604.38256203772,3,0,1,145574.23240206568,0,1,0.03,3.0,Low Risk
667,France,Male,54,3,134171.9295616431,3,1,1,61528.281294354994,1,6,0.98,98.0,High Risk
511,France,Female,72,1,72761.93628293437,3,0,1,105846.3699584332,1,6,0.98,98.0,High Risk
508,Germany,Female,49,2,229865.46549315576,3,1,1,8550.635681896792,0,0,0.0,0.0,Low Risk
416,Spain,Female,31,4,247489.42399098256,3,1,1,71822.6769288092,0,0,0.0,0.0,Low Risk
777,Spain,Female,82,8,217684.81662261728,2,0,0,163146.39312206977,1,6,0.99,99.0,High Risk
404,France,Female,44,2,84685.89799377452,4,0,0,158024.01712743333,0,0,0.0,0.0,Low Risk
794,Germany,Female,41,9,69471.00559097977,4,0,0,188160.59992693135,0,0,0.0,0.0,Low Risk
345,France,Female,39,5,107792.65268689048,3,1,1,193752.9568522558,0,0,0.0,0.0,Low Risk
630,Spain,Female,62,3,186894.0154155587,4,0,0,194534.77670967253,0,0,0.01,1.0,Low Risk
515,Spain,Male,25,3,2328.874926068647,4,0,0,31484.68660612062,0,0,0.01,1.0,Low Risk
791,Germany,Female,84,10,248777.78953017833,2,1,1,24135.51258637969,1,4,0.97,97.0,High Risk
748,France,Female,81,9,220852.8402268263,2,1,0,175017.70340462052,1,7,0.97,97.0,High Risk
835,Spain,Male,64,9,5953.8828637872575,1,0,1,76633.67101054157,0,1,0.01,1.0,Low Risk
810,Spain,Female,38,4,95525.03801109229,1,0,0,71443.1015585342,0,1,0.0,0.0,Low Risk
757,Germany,Female,49,10,171958.5146499371,3,1,1,106739.11215435812,1,1,0.6,60.0,Medium Risk
846,Spain,Female,62,6,60351.46663622948,1,1,0,90287.97683996544,0,0,0.02,2.0,Low Risk
835,Spain,Female,61,10,35709.67922291976,3,0,0,44615.868639893975,0,0,0.04,4.0,Low Risk
839,France,Male,58,3,157329.6026642431,1,1,1,168924.0384948338,0,1,0.01,1.0,Low Risk
783,Germany,Female,69,7,225881.36286469025,4,1,0,181853.11409411553,0,0,0.0,0.0,Low Risk
315,Germany,Female,28,8,238898.3306136199,4,0,1,149503.79840451706,0,2,0.16,16.0,Low Risk
542,Germany,Female,35,8,2565.8265709213592,1,0,0,9623.942820453209,0,0,0.02,2.0,Low Risk
506,France,Male,28,8,218614.3383501384,4,1,0,23592.12694193199,0,0,0.0,0.0,Low Risk
570,Germany,Female,44,1,140191.9763835158,4,0,0,69208.75989356183,0,0,0.0,0.0,Low Risk
414,Spain,Female,60,2,59426.07471386469,3,1,1,111346.48439531162,0,1,0.0,0.0,Low Risk
598,Germany,Male,82,4,154235.92693414318,4,1,0,121906.82267506914,0,1,0.01,1.0,Low Risk
782,Spain,Male,71,0,248947.19186102916,1,1,0,20008.050112445573,0,0,0.09,9.0,Low Risk
696,Germany,Male,46,3,69043.08466177988,4,1,0,192048.64841641267,0,0,0.04,4.0,Low Risk
693,Germany,Male,38,10,69222.06730045,3,1,0,105918.7814701017,0,2,0.07,7.0,Low Risk
374,France,Female,46,4,174735.61525700174,1,0,0,86355.09563715714,1,4,1.0,100.0,High Risk
781,Germany,Male,26,8,10801.89017495206,3,0,1,38231.6567417391,0,1,0.0,0.0,Low Risk
402,Germany,Male,78,7,205136.80456577067,4,1,1,190169.18829811655,1,4,0.98,98.0,High Risk
596,France,Male,79,0,163132.2306122854,4,1,0,89484.69298915257,1,3,0.94,94.0,High Risk
477,Spain,Female,88,2,210297.81815759788,4,0,0,23565.91425400216,1,3,0.91,91.0,High Risk
514,Germany,Male,22,2,57685.0193301581,2,0,1,122876.83629599244,0,1,0.01,1.0,Low Risk
614,Germany,Female,32,10,211797.55603682695,3,0,1,70036.98897582776,0,0,0.02,2.0,Low Risk
338,Spain,Female,74,5,112153.3796062763,1,0,0,161601.19383616556,0,0,0.0,0.0,Low Risk
558,France,Male,22,3,33180.55832375374,4,1,0,109097.68854896088,0,0,0.0,0.0,Low Risk
306,Germany,Female,37,3,225355.64915045732,2,1,1,21148.783666360996,0,2,0.19,19.0,Low Risk
348,France,Male,21,0,176253.2869688098,2,0,1,150123.592431442,0,0,0.0,0.0,Low Risk
837,Spain,Male,73,9,42071.2839042636,3,1,1,60940.27536803576,1,2,0.73,73.0,Medium Risk
460,Spain,Female,51,10,61626.2239116453,4,1,1,81654.71868604167,0,0,0.0,0.0,Low Risk
475,France,Female,57,3,67215.88478028965,3,0,1,155131.10075850127,0,1,0.01,1.0,Low Risk
301,Spain,Female,86,0,240833.54681512952,4,1,1,21299.573186834925,0,0,0.01,1.0,Low Risk
754,Spain,Female,85,4,221544.2908926757,4,1,0,195556.05940812515,0,2,0.16,16.0,Low Risk
575,Germany,Male,39,2,86586.28301064161,4,1,1,140420.2428565261,0,0,0.0,0.0,Low Risk
797,France,Female,31,9,116659.23757328356,2,0,1,38526.82594585285,0,1,0.0,0.0,Low Risk
327,Germany,Female,85,4,71319.97873076603,3,0,1,11634.460735893414,1,8,0.98,98.0,High Risk
632,France,Female,25,2,185662.16449879145,3,1,0,108911.65578713626,0,1,0.0,0.0,Low Risk
300,Germany,Female,84,4,40302.28747982717,3,0,0,75857.79775755169,1,2,0.75,75.0,Medium Risk
487,Spain,Male,63,3,84653.56936728339,1,0,0,5910.676000787198,1,5,0.95,95.0,High Risk
355,France,Male,46,8,151526.11741167883,1,1,0,121847.65823895906,1,6,0.97,97.0,High Risk
846,France,Female,29,5,219336.1195810034,2,0,1,61756.58813385698,0,0,0.02,2.0,Low Risk
411,France,Female,69,9,158887.56440715413,2,0,0,64403.30708135292,1,4,1.0,100.0,High Risk
609,France,Male,75,1,234931.61205977952,2,1,1,32442.738949505576,0,3,0.32,32.0,Low Risk
335,Spain,Male,19,0,232702.3204785039,3,1,0,28084.24771191479,0,1,0.02,2.0,Low Risk
738,Spain,Male,18,0,179574.86575775658,3,0,1,28876.96047763445,0,1,0.0,0.0,Low Risk
624,Spain,Male,72,0,69675.48193637513,4,0,0,177213.13976925364,0,0,0.0,0.0,Low Risk
606,Germany,Female,51,8,170769.7677464266,3,1,0,106620.24733045936,0,0,0.03,3.0,Low Risk
833,Spain,Female,81,4,48184.42606277421,2,1,0,93890.51345574402,0,1,0.03,3.0,Low Risk
408,Germany,Male,85,3,83301.17566942735,2,1,0,140896.50768487796,0,0,0.0,0.0,Low Risk
671,Germany,Male,29,9,189474.85306348617,4,0,0,63960.34795478292,0,0,0.02,2.0,Low Risk
656,Spain,Female,67,4,212657.98314222315,1,0,0,164446.66997339955,0,1,0.0,0.0,Low Risk
480,Spain,Female,38,8,104192.2220289484,3,1,1,39447.137755034346,0,0,0.0,0.0,Low Risk
655,Spain,Male,27,2,130859.21935606516,3,1,0,160534.67909068236,1,1,0.7,70.0,Medium Risk
367,Germany,Female,87,2,96533.21579825852,1,0,1,11218.897358034272,0,0,0.05,5.0,Low Risk
591,France,Male,31,1,119825.05104798728,2,0,0,31376.317718539693,0,1,0.01,1.0,Low Risk
480,Spain,Female,57,7,128121.90885920184,2,1,1,178531.98176372275,0,0,0.01,1.0,Low Risk
765,Germany,Female,47,6,172958.61612191724,2,0,1,21810.584870459552,1,4,0.99,99.0,High Risk
733,Germany,Male,90,1,187631.11610919633,3,0,0,49119.022594133574,0,0,0.02,2.0,Low Risk
763,Spain,Female,31,3,243754.06066155992,1,0,1,8548.973096013222,0,1,0.02,2.0,Low Risk
833,Germany,Male,69,6,109412.8770268602,1,1,1,119736.9204845131,0,0,0.03,3.0,Low Risk
365,Spain,Female,34,0,20784.95698061747,2,1,1,65548.87711125279,0,1,0.0,0.0,Low Risk
320,Germany,Male,79,0,172041.58412926763,3,0,1,126700.9788952866,1,3,0.76,76.0,High Risk
683,France,Male,39,7,124568.620099509,1,1,0,17165.254475550966,0,0,0.0,0.0,Low Risk
338,Germany,Male,70,5,210255.44341990107,3,1,1,79027.1232548927,0,0,0.01,1.0,Low Risk
584,Spain,Female,49,1,36636.084150162926,4,1,1,74341.73580618257,0,0,0.0,0.0,Low Risk
635,France,Male,72,9,161228.499041268,2,0,0,107371.02273948998,0,0,0.01,1.0,Low Risk
487,Spain,Male,39,9,114814.59645360662,2,1,1,59013.68175853708,0,0,0.0,0.0,Low Risk
542,Germany,Female,55,0,104825.75719163904,4,1,0,196951.3095749157,1,6,0.98,98.0,High Risk
372,France,Female,67,2,141216.48544739472,1,0,0,63212.93228471293,0,0,0.01,1.0,Low Risk
778,France,Male,83,3,171045.68375746493,2,0,0,139277.282055814,0,0,0.0,0.0,Low Risk
400,Germany,Male,62,4,212731.86148369423,1,1,0,73266.40566459097,0,0,0.0,0.0,Low Risk
813,France,Female,25,10,58777.89695958735,2,1,0,106731.46287914002,0,0,0.01,1.0,Low Risk
475,France,Female,82,9,73273.68165732054,4,1,1,45341.32971089992,0,1,0.02,2.0,Low Risk
537,France,Female,57,2,137145.3802758467,4,0,1,34566.51305819289,0,0,0.01,1.0,Low Risk
358,Spain,Male,22,4,86639.28560401365,1,1,1,194478.61768172815,0,1,0.0,0.0,Low Risk
398,Spain,Female,62,6,142086.13047424608,2,0,1,108192.44451456115,0,0,0.0,0.0,Low Risk
794,France,Male,63,10,50037.69953670104,2,0,0,92167.69827991317,0,0,0.0,0.0,Low Risk
813,Germany,Male,53,8,76911.95192670642,3,0,1,128318.24787342949,0,0,0.0,0.0,Low Risk
596,Germany,Male,34,4,81210.49761475746,3,1,1,44698.29804749497,0,0,0.0,0.0,Low Risk
510,Spain,Female,58,3,248080.14761828483,2,1,0,164396.33362553455,1,6,0.99,99.0,High Risk
422,Germany,Female,47,9,213587.08259333397,1,1,0,49654.694325524986,0,1,0.04,4.0,Low Risk
528,France,Female,69,10,209425.15867160857,4,0,0,108510.51218278018,1,6,1.0,100.0,High Risk
687,Germany,Male,37,8,128392.47600475913,2,0,1,25444.813499937016,1,5,1.0,100.0,High Risk
439,Spain,Male,53,7,116712.00952757087,3,1,0,114917.45230320988,0,1,0.02,2.0,Low Risk
840,Spain,Female,83,4,17531.386269336563,4,1,1,96596.43614386048,0,1,0.04,4.0,Low Risk
690,France,Female,62,8,49331.644233893465,1,0,1,56136.52441875159,0,0,0.0,0.0,Low Risk
569,Spain,Male,21,10,223836.69703025836,2,1,0,61512.10605339536,0,0,0.0,0.0,Low Risk
311,Spain,Male,67,8,131410.3553508013,2,1,1,1972.1977957875715,0,0,0.0,0.0,Low Risk
688,Spain,Male,72,0,246859.5648271525,4,0,1,5473.052208534112,1,4,0.98,98.0,High Risk
636,Germany,Male,76,5,147946.99942622674,4,0,1,120175.49585105492,1,9,1.0,100.0,High Risk
805,Spain,Female,59,10,94371.77179190124,3,1,1,143677.99251692425,0,0,0.0,0.0,Low Risk
405,Germany,Male,19,4,68527.47718594907,1,0,1,109384.90863714606,0,0,0.04,4.0,Low Risk
331,Spain,Male,63,5,229589.9162318536,4,0,0,16391.425710249896,0,2,0.1,10.0,Low Risk
373,Spain,Female,19,9,92683.07259665888,1,1,1,188174.6332198636,0,0,0.0,0.0,Low Risk
470,Germany,Female,67,2,36535.4000232625,1,0,1,142689.29860561973,0,0,0.01,1.0,Low Risk
368,Germany,Female,18,2,69564.67684622045,2,1,1,47482.57996540553,0,1,0.02,2.0,Low Risk
661,France,Female,30,9,161405.79093254812,4,0,0,134300.7696419795,0,0,0.0,0.0,Low Risk
732,France,Male,87,4,33252.61069328733,4,1,1,22300.425340283393,1,5,1.0,100.0,High Risk
399,Germany,Male,39,6,22891.58826954199,3,0,0,155879.90207065616,0,1,0.0,0.0,Low Risk
308,Spain,Male,34,3,114406.6506153481,2,0,0,96190.03063408236,0,0,0.0,0.0,Low Risk
328,France,Male,76,5,20912.927875144203,4,0,1,81879.59836816891,1,2,0.23,23.0,Low Risk
413,Germany,Male,87,4,98234.5286707518,4,1,0,1839.1716518518897,0,1,0.18,18.0,Low Risk
761,Germany,Female,20,1,80681.31076764007,3,0,0,130498.64417364648,0,0,0.0,0.0,Low Risk
442,Spain,Female,87,10,97869.29589739146,3,0,0,165801.95989722095,1,5,0.99,99.0,High Risk
689,Germany,Male,66,0,121947.07691508604,1,0,0,57666.53805282132,0,2,0.15,15.0,Low Risk
456,France,Female,67,5,46332.245938363434,2,0,1,2363.6167972343937,0,0,0.0,0.0,Low Risk
634,Spain,Male,52,4,110606.10872896315,1,1,0,155065.55703149733,0,0,0.01,1.0,Low Risk
559,Germany,Male,40,8,90379.78160452624,3,0,0,127136.56512207576,0,1,0.01,1.0,Low Risk
381,Germany,Male,89,6,198868.38301231843,4,0,1,155379.9722260596,0,0,0.0,0.0,Low Risk
740,Spain,Male,24,0,173672.28657085827,4,0,0,107667.9376982656,0,0,0.0,0.0,Low Risk
471,Spain,Male,67,9,218135.4455073505,3,0,0,92194.43601420637,1,6,1.0,100.0,High Risk
530,Spain,Female,27,5,167252.41718617166,1,1,0,43879.65973564597,0,1,0.0,0.0,Low Risk
374,France,Female,72,10,30271.23780018801,1,0,0,15776.83628354029,0,0,0.02,2.0,Low Risk
569,France,Male,91,6,126769.25415888082,3,1,0,94294.41167406914,1,6,0.98,98.0,High Risk
361,Germany,Male,36,2,185617.39962708423,4,1,1,173680.84232252667,0,1,0.01,1.0,Low Risk
619,Germany,Female,40,8,210419.6191545425,2,1,1,11878.701619835709,0,0,0.01,1.0,Low Risk
401,Spain,Male,81,10,45318.925518291224,1,0,0,197819.0979654385,0,3,0.33,33.0,Low Risk
728,Germany,Male,50,10,55875.66213378556,2,1,0,189398.88819581797,0,1,0.01,1.0,Low Risk
554,Germany,Male,83,1,215560.1739900908,4,0,1,128151.22275890928,0,0,0.0,0.0,Low Risk
831,Spain,Female,26,0,121351.06920268704,3,1,1,182843.01646848925,0,0,0.01,1.0,Low Risk
411,France,Male,46,9,113105.75321570548,1,0,0,110710.05012011986,1,8,1.0,100.0,High Risk
612,France,Male,35,9,123528.799253023,1,0,1,80922.7711173308,0,0,0.0,0.0,Low Risk
760,France,Female,88,8,43333.20387838568,4,0,1,114342.37787227776,0,1,0.02,2.0,Low Risk
761,Germany,Male,46,6,156909.11288095047,3,1,1,175312.4186903196,0,1,0.05,5.0,Low Risk
391,Spain,Male,78,9,201993.42150505647,1,0,0,191504.5841876781,0,1,0.02,2.0,Low Risk
351,France,Female,22,10,209265.29996159405,4,1,0,167619.09850359202,0,1,0.0,0.0,Low Risk
819,Germany,Female,86,0,7594.596492512817,1,0,0,35944.54275929523,0,0,0.0,0.0,Low Risk
397,Spain,Male,73,3,178797.28947103617,2,0,1,118351.56688330282,0,1,0.01,1.0,Low Risk
535,France,Female,69,9,22806.16548840675,1,0,0,88956.64852646091,1,6,1.0,100.0,High Risk
673,France,Male,32,2,241717.30392913948,4,1,1,96258.11975088582,0,0,0.0,0.0,Low Risk
533,Spain,Male,37,10,120560.2178480126,2,1,0,85653.40243952558,0,3,0.28,28.0,Low Risk
331,Germany,Female,90,6,193853.78621116173,1,0,0,13520.74152293187,1,5,0.98,98.0,High Risk
588,Germany,Male,33,4,155464.42409109898,1,0,1,169181.8871931623,0,2,0.08,8.0,Low Risk
841,France,Female,42,8,237984.12366878675,3,0,0,195673.58597727984,0,0,0.03,3.0,Low Risk
413,Spain,Female,74,10,243414.4900452703,3,0,1,41954.40812839339,0,0,0.02,2.0,Low Risk
503,Germany,Female,38,2,69719.92274884667,1,0,0,124394.90084074042,0,2,0.04,4.0,Low Risk
328,Spain,Male,22,10,120717.25969190372,2,0,0,107318.58098814829,0,0,0.0,0.0,Low Risk
773,Spain,Female,26,5,126060.10753081484,3,1,1,179300.06506699955,0,1,0.01,1.0,Low Risk
552,France,Male,28,9,44424.4257516071,3,0,1,140823.31156918197,0,1,0.0,0.0,Low Risk
685,Spain,Female,82,1,225984.42139115985,3,1,0,149934.8776045436,1,2,0.28,28.0,Low Risk
361,Spain,Female,80,2,87401.62862500109,4,1,1,190381.32205433815,0,1,0.06,6.0,Low Risk
814,Spain,Male,43,3,21864.197521165195,1,0,0,132698.6835134245,0,0,0.0,0.0,Low Risk
729,Germany,Male,91,5,38633.216873976504,2,0,0,90716.98216468882,1,2,0.87,87.0,High Risk
836,France,Female,36,10,128325.97640523437,2,1,0,10390.695113185831,0,2,0.11,11.0,Low Risk
440,France,Male,33,0,220421.32930713665,1,1,1,181273.77583913,0,0,0.0,0.0,Low Risk
599,Spain,Male,73,5,157054.66665164835,3,1,1,117949.57523637706,1,5,1.0,100.0,High Risk
610,Spain,Female,85,3,53707.87475150657,2,0,0,136466.45280076223,0,4,0.37,37.0,Low Risk
770,Germany,Female,47,7,74200.73032127616,4,0,0,101064.35480872609,0,0,0.03,3.0,Low Risk
692,France,Male,24,8,244006.27142022623,4,1,1,78730.70880470423,0,0,0.01,1.0,Low Risk
744,Germany,Female,29,7,13212.219397098934,2,1,0,100782.45396263282,0,2,0.06,6.0,Low Risk
471,France,Female,41,7,248584.58211610105,4,0,0,9710.305449676413,0,1,0.02,2.0,Low Risk
330,Germany,Female,39,1,226464.42304919093,1,1,1,159584.50085715088,1,5,0.89,89.0,High Risk
346,Spain,Male,64,9,169620.81794679537,4,0,0,31602.550207610933,0,0,0.0,0.0,Low Risk
429,Germany,Male,47,1,235800.58822528,4,0,1,66539.13091535364,0,0,0.01,1.0,Low Risk
651,Spain,Male,77,5,38116.96183882132,2,1,1,17408.059516479105,1,10,0.96,96.0,High Risk
357,France,Female,56,4,235647.34013244105,4,0,1,163991.0700724533,1,6,0.96,96.0,High Risk
405,France,Male,37,5,53143.77089515912,2,0,0,33677.07326591437,0,0,0.0,0.0,Low Risk
629,Spain,Female,43,8,136553.23163387453,3,1,1,79789.8971562857,0,0,0.0,0.0,Low Risk
682,France,Female,66,9,122190.4286705563,3,0,0,83101.33756215542,0,2,0.07,7.0,Low Risk
461,Germany,Female,86,6,128114.52468166726,4,0,1,63292.08866148049,1,5,1.0,100.0,High Risk
585,Spain,Female,59,4,66844.9403222165,3,1,1,172026.46720581918,0,0,0.0,0.0,Low Risk
370,France,Male,23,9,195159.67349521175,2,0,0,154358.63816162685,0,1,0.0,0.0,Low Risk
753,Germany,Female,70,6,185645.8252059389,3,0,1,148738.11493084082,1,7,1.0,100.0,High Risk
696,Germany,Female,51,7,238491.2830819177,1,0,1,45031.15581343325,0,0,0.01,1.0,Low Risk
814,France,Male,86,10,126747.7569766964,3,1,1,37912.05947377096,0,1,0.04,4.0,Low Risk
325,France,Female,27,0,137023.01658906476,3,0,0,49326.3444439652,0,0,0.0,0.0,Low Risk
612,Germany,Male,45,9,225843.22729845365,2,1,0,77238.58902166125,0,1,0.01,1.0,Low Risk
425,Spain,Male,20,10,229859.9057601569,3,0,0,95756.52952402936,0,0,0.0,0.0,Low Risk
707,France,Male,65,10,162384.171518351,4,1,1,50042.21127750686,1,4,1.0,100.0,High Risk
497,France,Female,83,6,205098.77198551144,1,1,1,91557.83596687242,0,0,0.0,0.0,Low Risk
487,Spain,Male,52,3,126284.92699829928,3,0,0,36884.454002928425,0,0,0.0,0.0,Low Risk
783,Spain,Female,69,4,97048.88252956916,3,1,1,53797.5639409549,0,1,0.02,2.0,Low Risk
749,France,Male,79,1,216017.08236154116,4,0,1,52155.96984919824,0,0,0.02,2.0,Low Risk
822,Spain,Male,69,9,194317.9887215329,1,0,0,145426.55677206453,0,0,0.01,1.0,Low Risk
653,Germany,Male,64,4,60602.898498256865,1,1,1,91704.45862033174,1,3,0.95,95.0,High Risk
399,Germany,Male,71,8,11911.280968131932,3,0,1,123047.23352483842,0,0,0.01,1.0,Low Risk
577,Germany,Female,45,0,141399.95759050144,2,1,0,133864.6061366685,0,0,0.0,0.0,Low Risk
790,France,Female,40,2,210404.130344243,1,0,1,13712.143000446547,0,1,0.02,2.0,Low Risk
554,Spain,Male,52,3,61800.36621441706,1,1,1,158969.7487057228,0,0,0.01,1.0,Low Risk
680,Germany,Male,49,8,191848.84610973255,2,1,1,56801.55896061302,0,0,0.0,0.0,Low Risk
841,Spain,Male,19,1,103501.80851577506,1,0,1,101955.40387548374,0,0,0.0,0.0,Low Risk
563,Germany,Female,33,6,83927.1358469317,1,0,1,67684.00423192326,0,1,0.01,1.0,Low Risk
628,Spain,Male,33,8,43204.075284047874,2,0,1,154719.97987095828,0,0,0.0,0.0,Low Risk
414,Germany,Male,68,9,233573.39921310748,3,0,1,45658.994099414725,0,1,0.04,4.0,Low Risk
575,Germany,Female,84,3,56424.50826615877,2,1,1,192753.3925997642,1,5,0.99,99.0,High Risk
787,Germany,Male,71,4,69797.15978072507,4,0,1,80030.58792981623,0,1,0.0,0.0,Low Risk
580,Germany,Male,37,9,82871.9592722699,4,1,1,142329.82936525604,0,0,0.0,0.0,Low Risk
574,Germany,Male,50,3,71165.47822155713,3,1,1,128293.13922757863,0,1,0.01,1.0,Low Risk
627,Germany,Male,25,6,40726.40265297126,4,0,0,148519.99181156323,0,0,0.01,1.0,Low Risk
510,Germany,Female,41,7,88612.51587827565,4,0,1,110218.35983736836,0,0,0.01,1.0,Low Risk
325,Germany,Female,70,7,117943.19933622183,1,1,0,76765.13206905579,0,0,0.04,4.0,Low Risk
326,Germany,Female,81,2,137943.12832611406,1,1,1,35926.87202884616,0,0,0.04,4.0,Low Risk
382,Spain,Male,75,1,39124.90049380954,3,0,1,103893.34744072022,0,2,0.09,9.0,Low Risk
712,Spain,Male,54,5,194853.44154908048,4,0,1,12180.836651570007,0,0,0.02,2.0,Low Risk
466,France,Female,29,0,77882.35058375522,4,1,0,11774.297967924049,0,0,0.01,1.0,Low Risk
468,Germany,Male,21,8,229487.16659401785,2,0,1,122682.24474513116,0,0,0.0,0.0,Low Risk
528,Spain,Male,48,6,82388.1087488754,1,1,0,96103.08345775332,0,0,0.0,0.0,Low Risk
666,Spain,Female,55,7,215719.7195568914,2,1,1,101225.90180679892,0,3,0.17,17.0,Low Risk
827,Spain,Female,54,6,88133.14399444604,4,1,0,63745.60134098272,0,0,0.01,1.0,Low Risk
837,Spain,Male,31,4,126458.1968702784,3,0,1,158115.24193472887,0,0,0.0,0.0,Low Risk
823,Spain,Female,90,4,93088.67273925216,4,1,0,40244.967268755296,1,2,0.72,72.0,Medium Risk
371,Spain,Male,41,6,96773.8286404565,3,0,0,117230.00386768526,0,0,0.0,0.0,Low Risk
405,France,Female,27,6,154645.5509226755,3,0,0,172097.01698809824,0,1,0.0,0.0,Low Risk
581,Spain,Female,55,1,173232.14869024866,2,1,1,166815.8959315098,0,0,0.02,2.0,Low Risk
432,France,Male,60,1,217618.3803740966,4,1,1,5735.315437877271,0,1,0.03,3.0,Low Risk
833,France,Male,54,6,142263.13555544766,2,0,0,55804.44639998316,0,1,0.02,2.0,Low Risk
568,Germany,Female,59,4,54211.03812225339,4,0,0,142949.47767282615,0,1,0.0,0.0,Low Risk
711,Germany,Male,49,1,247395.0241866106,3,0,0,148151.57248485342,0,0,0.04,4.0,Low Risk
317,Germany,Male,31,0,170943.35961423622,1,0,0,96554.22516737878,0,0,0.02,2.0,Low Risk
416,Spain,Male,21,8,93688.051853539,4,1,1,40503.59289204484,0,0,0.0,0.0,Low Risk
443,Germany,Female,41,10,242051.11872360407,3,0,1,55807.30161053539,0,0,0.0,0.0,Low Risk
721,Spain,Male,27,7,239618.375204117,1,0,1,160193.4683647879,0,0,0.02,2.0,Low Risk
668,Spain,Male,33,1,19884.805349336813,4,0,1,38440.12883412636,0,0,0.0,0.0,Low Risk
349,Germany,Female,56,1,4956.415718607276,1,1,0,188463.19617145896,0,0,0.0,0.0,Low Risk
405,Germany,Female,35,2,11114.149607529684,4,0,1,100178.68352208174,0,1,0.02,2.0,Low Risk
515,France,Female,42,3,171328.60572273534,4,0,1,56691.2499754982,0,2,0.02,2.0,Low Risk
724,France,Female,24,8,177719.7713737321,1,0,0,77929.04990976474,0,0,0.0,0.0,Low Risk
371,Spain,Male,73,5,181006.94387305435,2,0,0,51309.94712716471,1,11,1.0,100.0,High Risk
745,Spain,Male,64,2,157559.8469583876,1,0,1,76873.14698363855,0,1,0.0,0.0,Low Risk
485,Germany,Female,20,7,71372.82885601309,1,1,0,26167.945181983505,0,1,0.0,0.0,Low Risk
369,Germany,Female,18,5,41782.22659787262,3,0,1,164634.14198616034,0,0,0.03,3.0,Low Risk
449,France,Male,50,7,231964.57913191497,1,1,1,192731.6815073871,0,1,0.01,1.0,Low Risk
545,Germany,Male,88,9,228285.04217399008,4,1,0,131831.33697804355,1,7,1.0,100.0,High Risk
837,Spain,Female,91,1,60621.52527084494,4,0,1,161718.0921956575,1,7,0.96,96.0,High Risk
398,Germany,Male,76,7,41984.28396438991,1,0,0,45623.599313625775,0,1,0.02,2.0,Low Risk
577,France,Male,89,10,93835.24802465762,3,1,1,12560.137971585536,0,0,0.02,2.0,Low Risk
754,Spain,Female,49,4,12101.655882996998,4,1,0,125426.1563049198,0,0,0.0,0.0,Low Risk
403,France,Female,34,9,40534.779731075745,2,1,0,163517.61683668054,0,0,0.02,2.0,Low Risk
532,France,Female,34,3,95074.74946336828,1,1,0,166870.2172363126,0,1,0.0,0.0,Low Risk
693,Spain,Female,38,2,59685.98932641139,2,1,0,106557.37127241895,0,0,0.02,2.0,Low Risk
800,France,Male,72,8,184205.06614763496,3,0,0,124423.92324673566,1,5,0.98,98.0,High Risk
550,Germany,Female,23,9,226239.90795798696,2,0,0,73656.6161049099,0,0,0.01,1.0,Low Risk
820,Germany,Male,66,6,227285.04052458447,1,0,1,166135.48510999375,1,2,0.77,77.0,High Risk
378,France,Male,43,6,151069.4475448124,2,1,0,139524.14130230862,0,0,0.01,1.0,Low Risk
351,Germany,Male,49,5,175872.43417319108,4,0,1,37182.35619709848,1,4,0.99,99.0,High Risk
525,France,Female,89,8,123507.85934246256,2,0,0,55894.89062129254,1,3,0.79,79.0,High Risk
350,Germany,Male,61,2,36671.92820172391,3,1,0,30379.699646204437,0,0,0.0,0.0,Low Risk
485,France,Female,76,0,158758.95743604892,3,0,0,101149.71500618596,0,1,0.04,4.0,Low Risk
333,Germany,Female,46,6,87488.45324596937,3,1,1,40455.71981681094,1,6,0.98,98.0,High Risk
430,Spain,Female,34,8,1448.376351391667,4,1,0,31762.01739144082,0,1,0.09,9.0,Low Risk
742,Spain,Male,35,5,143738.42646030968,3,1,1,32095.103526381787,0,1,0.0,0.0,Low Risk
731,Germany,Female,57,9,49592.19779850069,4,0,1,53181.64161826497,1,1,0.6,60.0,Medium Risk
796,France,Female,80,1,221626.40909831665,3,1,0,161807.75720963816,0,0,0.01,1.0,Low Risk
702,Germany,Male,62,7,233486.1808068397,3,0,0,187658.87612164457,1,3,0.99,99.0,High Risk
622,France,Female,20,8,40543.265338156496,3,1,1,199171.77332224455,0,1,0.01,1.0,Low Risk
509,Germany,Male,20,9,7353.19613931451,4,0,0,8065.801718980085,1,4,0.96,96.0,High Risk
628,Germany,Male,55,7,1011.1086300066962,3,1,1,113785.58627928323,0,0,0.02,2.0,Low Risk
671,Spain,Female,90,8,228260.8888375852,4,0,0,53296.14397398645,0,0,0.06,6.0,Low Risk
759,France,Female,57,0,38004.64329041217,4,1,1,197781.8751731874,0,2,0.11,11.0,Low Risk
432,France,Female,85,2,108833.11013647052,4,0,1,196865.85052732023,0,0,0.01,1.0,Low Risk
420,France,Female,71,2,14290.341622439695,2,0,1,186821.9634701656,0,0,0.0,0.0,Low Risk
751,France,Male,37,8,93336.4668109152,3,0,0,2854.684494811668,0,0,0.01,1.0,Low Risk
428,France,Female,32,2,196356.22441338704,4,1,1,30912.72958062872,0,1,0.0,0.0,Low Risk
390,Spain,Female,22,9,101667.16593398064,2,1,1,110494.59038087436,0,1,0.0,0.0,Low Risk
328,Germany,Male,56,0,193895.05038180877,1,0,1,37465.79273762367,0,0,0.0,0.0,Low Risk
823,France,Female,57,2,172209.80607947346,4,0,0,170971.79982508926,0,0,0.0,0.0,Low Risk
632,France,Female,24,1,129327.02319855826,4,0,0,139950.52602733893,0,0,0.01,1.0,Low Risk
596,Germany,Female,89,8,184427.45270928723,3,1,1,36824.70433354144,0,0,0.01,1.0,Low Risk
429,Spain,Female,50,0,219778.4985622473,4,0,1,163684.0802770969,0,1,0.0,0.0,Low Risk
592,Spain,Female,54,10,198252.86187408457,1,1,1,99659.78301760316,0,0,0.01,1.0,Low Risk
472,Spain,Male,49,1,172932.48194842244,4,0,0,141945.2452184861,0,1,0.02,2.0,Low Risk
323,Germany,Female,60,0,175455.54888916164,4,1,1,27974.34386551392,1,2,0.32,32.0,Low Risk
398,Germany,Male,80,8,40274.620909131365,3,0,1,103575.35281652724,1,6,0.99,99.0,High Risk
705,Spain,Male,53,6,237667.9974905564,4,1,0,155269.84812076163,0,0,0.02,2.0,Low Risk
655,Spain,Male,66,0,51416.06847213456,1,1,0,69123.99424079528,0,0,0.0,0.0,Low Risk
438,Germany,Male,42,9,87238.0411291515,2,0,1,37372.842431187935,0,1,0.0,0.0,Low Risk
802,Spain,Female,83,5,129496.62857324597,3,0,1,127897.20265100226,1,5,0.97,97.0,High Risk
473,France,Female,26,4,31545.195256816456,2,0,0,128817.71770567898,0,2,0.04,4.0,Low Risk
328,Germany,Male,35,9,148393.9590747349,1,0,1,40877.479175041226,0,0,0.0,0.0,Low Risk
795,Spain,Female,39,10,45669.63021868336,4,0,0,13879.315227015282,0,1,0.02,2.0,Low Risk
650,France,Female,32,4,230841.93005954017,2,1,0,33298.566267457136,0,0,0.01,1.0,Low Risk
598,Germany,Male,24,3,222169.03340346544,3,1,0,55112.703904259106,0,0,0.0,0.0,Low Risk
491,Germany,Female,30,2,136106.3570433316,2,1,1,7265.261219937849,1,3,0.98,98.0,High Risk
363,France,Male,53,7,112369.08010276244,4,0,1,184547.0912115,1,10,1.0,100.0,High Risk
514,Germany,Male,33,6,25650.47803254836,2,1,1,46108.34703695888,0,0,0.01,1.0,Low Risk
465,Spain,Female,58,4,205825.0495279113,1,0,0,147786.4528055248,1,7,1.0,100.0,High Risk
842,Germany,Female,38,8,94842.5246618414,4,1,1,82937.35586499894,0,0,0.02,2.0,Low Risk
531,Spain,Female,45,6,61581.0085279675,4,1,0,100401.74477122862,0,0,0.0,0.0,Low Risk
840,France,Male,91,9,248824.50475256745,4,0,1,107393.18596523147,1,6,0.98,98.0,High Risk
494,France,Male,34,1,167074.3530817742,1,0,1,154561.43268935717,0,0,0.0,0.0,Low Risk
805,Germany,Female,82,6,18465.65208936579,3,0,0,157584.7295253052,0,0,0.0,0.0,Low Risk
633,France,Male,30,6,200323.9260834658,1,1,1,28263.17512315772,1,5,0.93,93.0,High Risk
603,France,Female,53,3,187600.57316381385,4,1,0,60675.65447879865,1,6,1.0,100.0,High Risk
736,Germany,Female,75,7,100300.06390412072,4,1,0,114612.03303090105,1,5,1.0,100.0,High Risk
622,Spain,Female,37,3,30922.3144509535,2,0,0,66087.91107691912,0,0,0.0,0.0,Low Risk
801,Germany,Female,69,6,124361.2245621949,1,1,1,26568.532831578865,0,0,0.0,0.0,Low Risk
692,Germany,Male,23,3,190829.7289270143,3,1,0,81692.76323722131,0,0,0.0,0.0,Low Risk
448,Spain,Female,40,7,19003.68819142065,4,1,1,43692.60247146949,0,2,0.03,3.0,Low Risk
704,Spain,Male,59,2,40860.35845629363,1,0,0,28703.3365547287,0,1,0.06,6.0,Low Risk
582,Spain,Male,41,1,154731.54438583786,4,1,0,60812.62625657734,0,0,0.0,0.0,Low Risk
661,Germany,Male,22,9,139886.18442890857,3,1,0,59944.64777692034,0,3,0.28,28.0,Low Risk
678,Spain,Male,49,5,226271.91902324656,3,1,0,19448.49765427894,1,9,1.0,100.0,High Risk
497,France,Male,63,6,203698.04612621787,2,1,1,116827.65841804464,0,1,0.0,0.0,Low Risk
655,Spain,Male,34,6,229707.4408611265,2,0,0,62875.602915607495,0,0,0.0,0.0,Low Risk
839,France,Female,44,5,116489.70086466642,2,1,0,34665.69547976543,0,0,0.01,1.0,Low Risk
728,Spain,Male,85,10,196950.2000881752,3,0,1,163721.2425379327,1,7,1.0,100.0,High Risk
316,France,Female,40,7,12179.189996751496,1,1,0,525.1069081124838,0,0,0.0,0.0,Low Risk
678,France,Male,51,5,73622.9541257368,1,0,0,90863.74578487215,0,0,0.0,0.0,Low Risk
805,France,Female,38,5,161068.11123340053,3,1,0,86994.84966734775,0,0,0.0,0.0,Low Risk
375,France,Female,39,2,190920.96770446887,3,0,1,134233.12790510483,0,2,0.0,0.0,Low Risk
530,France,Male,82,1,142623.1000557774,1,1,1,77886.08780209423,0,0,0.0,0.0,Low Risk
547,Spain,Female,49,6,120183.92891429258,4,1,1,102548.1290032188,0,0,0.02,2.0,Low Risk
601,Germany,Female,79,5,58316.48679341297,1,1,1,181691.15420215225,0,0,0.02,2.0,Low Risk
514,Germany,Male,45,0,43546.68988214741,3,1,1,33664.79255754593,1,4,0.9,90.0,High Risk
457,Germany,Male,24,1,218870.5946161645,1,0,1,21110.487804578792,0,2,0.08,8.0,Low Risk
368,Germany,Male,71,1,35553.05326574229,1,0,0,149354.1977772698,1,7,0.99,99.0,High Risk
692,Germany,Male,87,0,108821.75935864038,3,0,0,148582.89104954418,0,0,0.0,0.0,Low Risk
384,France,Male,31,2,222120.31507198373,4,1,1,183929.9054018918,0,0,0.0,0.0,Low Risk
566,Spain,Male,72,4,36928.00552877709,3,0,1,196631.58173592415,0,1,0.01,1.0,Low Risk
368,France,Male,75,3,31886.5546247247,2,1,0,76883.2985497868,0,0,0.0,0.0,Low Risk
646,Spain,Male,61,1,173127.26801418522,2,0,1,75491.66644715403,1,6,0.97,97.0,High Risk
722,Spain,Female,63,7,82893.82634585806,1,1,1,180932.47309771343,1,5,0.98,98.0,High Risk
473,Spain,Male,31,8,108926.51848489878,3,1,0,172143.6952808229,1,6,1.0,100.0,High Risk
414,Spain,Female,61,7,156398.36620368937,4,1,1,75094.38790711712,0,0,0.02,2.0,Low Risk
519,Germany,Male,58,6,94743.9568180824,1,1,0,15268.53125208342,0,0,0.0,0.0,Low Risk
330,Spain,Male,90,9,199960.35912483183,3,1,0,116248.99612589956,1,5,1.0,100.0,High Risk
822,Spain,Male,19,1,242246.16679350336,1,0,0,53747.30240763665,0,0,0.0,0.0,Low Risk
642,Germany,Male,22,5,233265.1995631707,1,1,1,181719.88895908816,0,1,0.02,2.0,Low Risk
676,France,Female,29,10,136363.00120999152,3,0,0,161225.3874307536,1,5,0.99,99.0,High Risk
429,France,Female,64,3,88704.13159879661,4,0,1,180195.7108342001,0,0,0.01,1.0,Low Risk
838,France,Male,52,4,108433.07686602722,4,1,1,16191.991021520123,0,2,0.1,10.0,Low Risk
301,France,Female,36,8,82539.11369278141,2,1,1,172923.91885124007,0,1,0.01,1.0,Low Risk
400,Spain,Male,80,8,110431.05222616757,4,0,1,118621.24585180815,0,0,0.0,0.0,Low Risk
832,Germany,Female,25,3,3243.2478015117504,2,0,1,43093.13031284933,1,2,0.11,11.0,Low Risk
357,Germany,Male,40,7,13803.59622525601,3,1,1,60259.41334028703,0,1,0.01,1.0,Low Risk
688,France,Female,30,10,192834.2592257026,1,0,1,91332.45918985234,0,0,0.01,1.0,Low Risk
640,Germany,Female,40,4,83703.26416359172,1,0,0,125532.52260813044,0,0,0.0,0.0,Low Risk
319,Spain,Female,48,8,198601.55405464853,4,0,0,46553.18202045039,0,0,0.0,0.0,Low Risk
554,France,Male,47,1,119986.06373845384,1,1,0,41416.46330265377,1,8,1.0,100.0,High Risk
616,Spain,Female,59,3,201479.35312028317,3,0,0,178433.22001318357,1,10,1.0,100.0,High Risk
337,Spain,Male,19,2,165896.1398973986,4,1,1,169045.95887226277,1,5,0.74,74.0,Medium Risk
836,Spain,Female,28,6,50250.30644032488,4,0,1,153357.69913289504,0,1,0.01,1.0,Low Risk
685,Spain,Male,42,1,111930.6374303862,2,0,0,152180.53729996807,0,0,0.0,0.0,Low Risk
325,Spain,Male,46,2,176083.1079724256,3,1,0,153197.1130431753,0,0,0.0,0.0,Low Risk
753,France,Male,39,8,82654.26627039754,2,1,1,184820.72182992785,0,1,0.0,0.0,Low Risk
622,Spain,Female,36,7,48325.54744635109,4,1,0,168745.64177976604,0,1,0.0,0.0,Low Risk
812,France,Female,90,1,134965.2307418952,2,1,1,77720.95656922688,0,1,0.04,4.0,Low Risk
312,Germany,Male,58,5,68412.0384245491,3,0,1,94265.78308220636,0,2,0.17,17.0,Low Risk
670,Spain,Male,55,2,148585.54127909802,2,0,0,120916.6083067092,1,2,0.31,31.0,Low Risk
590,Spain,Male,46,5,67933.60033151119,4,0,0,95125.1849108547,0,0,0.01,1.0,Low Risk
631,Germany,Female,91,4,226644.8099862951,2,0,0,59394.44279060573,0,0,0.0,0.0,Low Risk
560,France,Female,39,9,85975.50316413502,4,0,0,172231.40420237687,0,2,0.0,0.0,Low Risk
504,Spain,Female,25,3,226862.600641169,4,0,1,160691.80938215734,0,0,0.01,1.0,Low Risk
686,Germany,Female,64,6,69870.4520046528,2,0,0,77977.98146147233,0,0,0.0,0.0,Low Risk
767,Germany,Female,23,10,151113.63227142597,1,1,0,22942.1735950315,0,3,0.27,27.0,Low Risk
714,Spain,Male,24,9,32554.590788154284,3,0,1,983.8641929732696,0,1,0.0,0.0,Low Risk
368,France,Male,53,6,194592.96191973312,4,1,1,18498.301285123332,0,3,0.84,84.0,High Risk
771,France,Male,25,3,50054.42959988307,1,0,1,30957.089026399855,0,2,0.08,8.0,Low Risk
403,Spain,Male,63,2,216005.14577220156,3,0,1,131561.59795433056,0,0,0.01,1.0,Low Risk
460,Germany,Female,81,3,113111.47310566677,1,0,1,43930.22184011739,0,2,0.12,12.0,Low Risk
499,Spain,Female,48,1,23634.888653442515,2,0,1,126968.74676170772,1,7,0.95,95.0,High Risk
515,France,Male,40,3,90884.61735745634,4,1,0,65671.21511229349,0,1,0.0,0.0,Low Risk
511,Germany,Female,78,3,194931.48138276165,1,0,1,179011.58249356804,0,0,0.0,0.0,Low Risk
807,Spain,Male,67,4,19073.74467496773,1,0,0,93820.62344689132,0,1,0.04,4.0,Low Risk
315,Germany,Female,63,0,156432.28565116436,3,0,0,134573.32769119513,0,1,0.01,1.0,Low Risk
797,France,Female,60,1,126816.55562954833,3,0,1,92194.76404741948,0,1,0.0,0.0,Low Risk
631,France,Male,27,7,77467.40182878237,4,0,1,182508.63489054597,0,1,0.0,0.0,Low Risk
555,France,Male,37,7,188904.34568217464,1,0,1,137485.26224200203,0,2,0.05,5.0,Low Risk
471,Spain,Male,33,7,13110.18441066214,4,1,1,128435.26651502126,0,1,0.02,2.0,Low Risk
797,Germany,Female,20,4,124410.45765628428,3,1,0,118464.25435529528,0,0,0.0,0.0,Low Risk
770,Spain,Female,47,7,126715.78605818718,4,1,1,197722.41789209875,0,0,0.01,1.0,Low Risk
683,Spain,Female,35,8,21601.532423667497,2,1,1,136954.6893259535,0,2,0.01,1.0,Low Risk
806,Spain,Male,76,3,34005.68090342495,4,1,0,150830.49518506252,0,2,0.44,44.0,Low Risk
826,Spain,Male,87,3,102413.60186639536,2,1,1,16351.58514135825,1,7,0.98,98.0,High Risk
624,Germany,Male,52,6,134130.63042319423,4,1,1,162846.35989268796,0,0,0.0,0.0,Low Risk
513,Germany,Female,36,4,13298.86895267668,4,0,0,119347.37004705548,0,0,0.02,2.0,Low Risk
507,Spain,Female,43,10,2939.12998179402,2,1,0,67339.01949379659,0,0,0.01,1.0,Low Risk
468,Spain,Male,52,9,48151.058814747266,3,1,1,116342.27321862376,0,0,0.01,1.0,Low Risk
629,France,Male,89,0,121952.36714621945,4,1,0,125113.7707817151,0,0,0.03,3.0,Low Risk
579,France,Male,74,7,10069.67767730163,3,1,1,52045.28892288897,0,2,0.1,10.0,Low Risk
604,Germany,Female,66,3,183308.83911966596,1,0,1,87418.56363840129,0,0,0.0,0.0,Low Risk
445,France,Female,27,7,37982.04561810739,3,1,0,144272.26795903928,0,0,0.01,1.0,Low Risk
815,Germany,Male,46,1,193152.79140165943,1,1,0,45177.352623516934,1,5,0.99,99.0,High Risk
389,Germany,Male,88,3,51183.348466424526,3,1,0,167226.706334145,0,0,0.01,1.0,Low Risk
752,Germany,Male,85,1,86654.8662168362,3,1,0,15514.526779972444,0,0,0.0,0.0,Low Risk
359,France,Female,41,4,119773.23693386724,1,0,1,116247.74334166793,0,1,0.0,0.0,Low Risk
610,France,Female,60,9,86817.69512457224,2,0,1,75943.560000538,1,3,0.86,86.0,High Risk
827,Germany,Female,56,9,5904.842870287918,3,1,1,10672.14708623038,0,0,0.02,2.0,Low Risk
526,Germany,Male,42,7,227143.51567856068,1,0,0,154899.63123356027,0,0,0.02,2.0,Low Risk
773,Spain,Male,85,10,71616.63050022071,3,1,1,109312.90276069829,0,0,0.01,1.0,Low Risk
840,Germany,Male,51,6,34009.01000128911,3,0,0,143068.01175618733,1,5,0.96,96.0,High Risk
378,Germany,Male,70,10,33129.559803943775,3,0,0,76030.83695361255,0,1,0.03,3.0,Low Risk
732,Spain,Male,72,4,243653.12745610595,3,0,0,171925.47621570525,0,1,0.03,3.0,Low Risk
452,Germany,Male,70,10,30764.42291951298,4,0,0,16750.464846756553,1,9,0.99,99.0,High Risk
700,Germany,Male,35,6,86636.84335803385,3,1,1,46678.354259879794,1,9,0.99,99.0,High Risk
578,Germany,Male,24,4,16905.38316278159,1,0,1,158922.6839032192,0,1,0.0,0.0,Low Risk
356,Spain,Male,80,6,183868.2032108481,3,1,0,190936.30432272365,1,2,0.68,68.0,Medium Risk
485,France,Male,59,3,149187.9118048885,1,1,1,169290.679487577,0,0,0.01,1.0,Low Risk
697,Germany,Male,28,3,133392.22808439963,1,0,0,46179.77053667492,0,1,0.0,0.0,Low Risk
457,Spain,Female,26,9,213960.08596829037,2,0,1,69714.22157262251,0,2,0.0,0.0,Low Risk
658,Germany,Male,52,3,143334.19302551646,1,0,1,153101.57849764937,0,1,0.0,0.0,Low Risk
739,Spain,Male,82,10,238882.73255301753,1,1,1,189254.92837697276,1,8,0.96,96.0,High Risk
765,Germany,Female,22,7,155695.02190655898,2,1,0,57856.57024505831,0,1,0.01,1.0,Low Risk
745,Spain,Male,43,0,88585.1004166015,3,0,0,77274.55772459928,0,1,0.02,2.0,Low Risk
787,France,Female,68,9,9186.72035799173,4,1,1,4584.271842537874,1,2,0.76,76.0,High Risk
829,France,Female,55,4,181318.90157062083,2,0,1,100885.32920773856,0,1,0.0,0.0,Low Risk
372,France,Male,20,9,93411.29130384984,4,0,1,17641.46579531732,0,1,0.0,0.0,Low Risk
316,Germany,Male,76,1,149800.54485193323,3,0,0,17127.730919682268,0,1,0.0,0.0,Low Risk
830,Spain,Female,30,9,219087.05324927895,3,0,1,152265.61409563973,0,2,0.01,1.0,Low Risk
625,Germany,Male,52,3,1914.557632256425,4,1,1,68790.54117757514,0,2,0.1,10.0,Low Risk
845,Germany,Male,20,4,189903.11441814344,4,0,0,187128.59433292324,1,2,0.76,76.0,High Risk
501,Spain,Male,70,7,108821.19377831231,1,1,1,143219.5535285342,0,0,0.0,0.0,Low Risk
643,Germany,Female,72,1,31015.04096256461,3,1,1,58959.50026414085,0,0,0.0,0.0,Low Risk
822,Spain,Female,62,1,145614.43478839073,2,1,1,136379.58527474303,0,0,0.0,0.0,Low Risk
699,Spain,Male,83,1,133153.7308951182,2,0,1,173121.31143847067,1,4,0.99,99.0,High Risk
517,France,Male,84,7,210577.0095356845,3,1,0,87213.06523880301,0,1,0.0,0.0,Low Risk
744,France,Female,61,2,130390.68577523774,4,0,1,112358.71856997756,0,0,0.0,0.0,Low Risk
521,France,Female,90,4,206837.96751700685,4,1,1,43505.50345142125,1,1,0.64,64.0,Medium Risk
682,Spain,Male,85,1,136122.31155702096,2,0,0,80447.7182903527,0,1,0.03,3.0,Low Risk
306,France,Male,79,5,111736.39583650272,4,0,0,115814.07932912384,0,0,0.0,0.0,Low Risk
571,Spain,Male,42,9,92795.97516541903,2,1,1,123099.50496347903,0,0,0.0,0.0,Low Risk
315,Germany,Female,69,5,43424.35955125221,1,1,0,144009.67849331707,0,0,0.04,4.0,Low Risk
723,France,Female,67,1,146007.7201107826,1,1,0,191471.0643427756,0,1,0.01,1.0,Low Risk
823,Spain,Male,18,3,136062.5713785654,1,0,0,167709.08845982378,0,1,0.08,8.0,Low Risk
320,Spain,Female,56,10,243934.91289951664,3,0,1,170318.93058307745,0,0,0.0,0.0,Low Risk
527,Spain,Male,69,1,103102.20019040398,4,0,0,111506.83031901452,1,1,0.7,70.0,Medium Risk
587,Spain,Male,57,9,105380.81577368178,1,1,0,28843.259102904005,0,1,0.03,3.0,Low Risk
433,France,Male,77,3,40967.84624232727,2,0,0,127102.04932939676,0,0,0.02,2.0,Low Risk
582,France,Male,90,10,149392.88865053968,1,0,1,81257.59875604683,0,1,0.01,1.0,Low Risk
703,France,Male,86,6,211963.0672592816,4,0,0,6377.843646209139,0,1,0.08,8.0,Low Risk
365,Spain,Female,37,4,61980.79114617674,2,0,1,38978.79492969687,0,0,0.0,0.0,Low Risk
736,Germany,Female,19,9,2269.475161306462,1,1,1,151817.2865128646,0,2,0.11,11.0,Low Risk
558,Spain,Male,26,3,172868.4058364635,4,0,0,126204.7274759699,0,0,0.0,0.0,Low Risk
402,Germany,Female,56,9,7843.447912948332,2,1,1,195686.52323544593,0,0,0.01,1.0,Low Risk
400,France,Male,47,9,102319.074830004,1,0,1,184689.89313305667,1,8,0.96,96.0,High Risk
497,Spain,Female,71,2,153177.58443125844,1,0,1,118855.93723966651,0,1,0.02,2.0,Low Risk
525,Spain,Female,75,5,96502.92928617472,4,0,1,30996.741291174145,0,0,0.01,1.0,Low Risk
762,France,Female,61,1,65144.55404586056,1,1,0,67275.79168648344,0,2,0.09,9.0,Low Risk
536,Spain,Female,60,3,199816.62698813237,4,0,1,46609.808629793144,0,0,0.01,1.0,Low Risk
325,Germany,Male,27,7,75233.2995249638,1,1,1,94108.5519598551,0,0,0.0,0.0,Low Risk
420,Germany,Female,65,1,45011.6983311396,2,0,0,160116.6816290051,1,4,0.93,93.0,High Risk
805,Germany,Female,34,8,97099.17625095544,1,1,1,164371.46129334273,0,1,0.0,0.0,Low Risk
481,Spain,Female,22,1,32916.22503149,3,0,0,35621.36304735806,0,0,0.0,0.0,Low Risk
842,Spain,Female,87,7,172599.24449793386,1,1,0,109822.04431627996,0,2,0.14,14.0,Low Risk
614,Germany,Female,91,7,177520.10387571758,4,1,0,135349.76108988246,0,1,0.09,9.0,Low Risk
572,Spain,Female,81,6,3694.6482818658583,1,0,0,79332.35624407945,1,0,0.67,67.0,Medium Risk
531,Germany,Female,83,9,173716.6231361108,3,0,0,181088.26767068417,0,0,0.06,6.0,Low Risk
719,France,Female,88,5,74746.83488833313,2,1,1,71810.22578193023,0,1,0.0,0.0,Low Risk
741,Germany,Male,21,0,164050.89847135518,3,0,1,98032.05816763316,0,1,0.0,0.0,Low Risk
795,France,Male,45,1,176621.00897733838,2,0,0,117371.29607529013,1,4,0.95,95.0,High Risk
323,France,Male,55,6,69445.35671713723,3,0,1,85476.22962110925,0,0,0.0,0.0,Low Risk
408,France,Female,83,10,46346.40165241002,3,1,0,192727.38814811184,0,0,0.02,2.0,Low Risk
801,Germany,Male,84,3,206589.7304602427,3,1,1,152095.46558404225,0,0,0.04,4.0,Low Risk
324,Germany,Male,77,8,184796.06984320036,2,0,1,165818.42306682686,1,6,1.0,100.0,High Risk
486,Spain,Male,64,2,209285.58497180673,1,0,0,150528.52529861862,1,2,0.74,74.0,Medium Risk
587,Spain,Female,42,3,108929.96830965132,4,1,0,117625.46617608368,0,1,0.02,2.0,Low Risk
637,France,Male,83,2,114092.19622018607,1,0,1,5642.538024395472,0,1,0.02,2.0,Low Risk
336,Germany,Male,84,6,86041.79207113972,3,0,0,152951.02827562077,0,2,0.18,18.0,Low Risk
436,Spain,Male,86,1,124765.6159639886,2,1,1,122542.71297114006,0,0,0.0,0.0,Low Risk
807,Spain,Male,57,9,161642.5137785884,2,0,1,16155.721256632118,0,1,0.01,1.0,Low Risk
526,Spain,Male,67,1,203636.23361435757,1,1,1,23725.16044309908,0,1,0.03,3.0,Low Risk
619,Germany,Male,57,1,45792.65887116199,2,0,1,96243.83343041598,1,4,0.99,99.0,High Risk
481,Spain,Male,54,3,101354.4076228237,2,1,1,170569.16329862652,0,0,0.02,2.0,Low Risk
385,France,Female,86,7,115300.40909371988,3,1,1,110754.10515453,0,1,0.01,1.0,Low Risk
766,Germany,Male,34,7,121998.63753048432,2,0,0,183923.95705881485,0,0,0.04,4.0,Low Risk
352,Spain,Male,79,7,135493.22737924903,2,1,1,163132.36236891136,1,8,1.0,100.0,High Risk
534,Spain,Female,58,7,200436.8135791792,3,0,0,126160.41822867408,1,2,0.75,75.0,Medium Risk
732,Germany,Female,59,6,221562.64468260895,1,1,1,62679.285562731435,1,10,0.98,98.0,High Risk
795,Spain,Female,48,5,39789.41736114519,4,1,1,170548.22162856563,0,0,0.0,0.0,Low Risk
399,Spain,Female,50,6,178170.46038542714,4,0,1,131842.06682572185,1,5,1.0,100.0,High Risk
702,France,Female,60,4,119777.06147546538,4,0,1,110557.5410760977,0,0,0.02,2.0,Low Risk
695,Germany,Male,84,7,104429.1781863268,1,1,0,100129.665246741,1,1,0.59,59.0,Medium Risk
826,Spain,Male,55,1,28335.78977921425,2,0,0,42570.30308618258,1,2,0.75,75.0,Medium Risk
714,Germany,Male,58,4,16033.937886945738,3,1,0,3157.579905992335,0,0,0.0,0.0,Low Risk
762,Germany,Female,80,6,244452.74432677653,1,1,1,143304.23307181892,1,7,0.98,98.0,High Risk
840,France,Male,57,8,160592.13065566946,4,1,1,183922.92203472205,0,1,0.01,1.0,Low Risk
663,France,Male,47,9,113106.4707233142,2,0,1,36740.611101754854,1,4,0.96,96.0,High Risk
429,Germany,Female,64,0,190440.8763252769,4,1,0,186945.38348979736,1,3,0.94,94.0,High Risk
383,France,Female,39,10,22783.183130324123,4,0,0,14391.646060796782,1,4,0.96,96.0,High Risk
570,France,Male,72,8,151861.59798316655,4,1,1,110497.5086632178,1,6,0.99,99.0,High Risk
543,Spain,Female,60,2,165152.8976915439,1,1,1,23120.66632564538,0,0,0.0,0.0,Low Risk
687,France,Male,78,0,113013.72597525983,2,0,0,177822.00047296743,1,3,0.9,90.0,High Risk
513,France,Female,91,6,63149.65458995986,4,0,0,20657.00557509492,0,1,0.05,5.0,Low Risk
465,Spain,Male,49,2,238646.22233863172,1,0,1,50218.41358162291,0,0,0.01,1.0,Low Risk
358,Spain,Male,21,7,75283.72500425077,3,1,0,161188.74608876454,0,1,0.02,2.0,Low Risk
803,Germany,Male,62,10,31199.233090772523,3,1,0,137700.46173040153,0,1,0.02,2.0,Low Risk
422,France,Female,89,1,157618.3944103907,1,0,0,77631.68680927053,0,2,0.08,8.0,Low Risk
712,Spain,Female,37,3,143580.74300644308,3,0,1,167355.4625431682,0,1,0.0,0.0,Low Risk
438,France,Female,88,1,188693.13457670165,4,0,1,127143.6318302366,0,0,0.01,1.0,Low Risk
528,Germany,Female,82,10,188445.78307351004,1,1,0,51962.898183318175,0,1,0.01,1.0,Low Risk
573,France,Male,77,3,155058.9857198675,1,1,1,148056.4706008638,0,0,0.0,0.0,Low Risk
738,France,Male,43,0,51883.82371310243,3,1,1,66618.61320065577,0,0,0.0,0.0,Low Risk
417,France,Male,90,9,221786.38554930905,2,0,1,163149.52981403723,0,0,0.0,0.0,Low Risk
782,Spain,Male,40,4,62070.7512608068,3,1,0,156320.62216203308,1,5,0.97,97.0,High Risk
694,Spain,Female,57,2,23496.07211092275,4,0,1,61710.55874166006,0,1,0.01,1.0,Low Risk
759,Germany,Female,19,8,75374.78099872463,2,0,0,20739.368499951794,1,4,0.88,88.0,High Risk
377,France,Female,43,3,120808.04978774214,2,0,1,164159.50112130496,0,0,0.0,0.0,Low Risk
711,Germany,Female,79,5,51795.66179612888,4,1,1,72896.1238788557,1,4,1.0,100.0,High Risk
374,Germany,Male,61,8,83417.91716323089,2,1,1,65071.226135028715,1,7,1.0,100.0,High Risk
594,Spain,Female,48,1,128423.29803318466,1,1,0,3648.463475531687,0,1,0.01,1.0,Low Risk
320,France,Female,43,6,80734.85713744292,2,0,0,145177.35729679366,1,8,0.92,92.0,High Risk
470,France,Female,22,2,22329.337870205163,2,1,1,54820.9043829214,0,1,0.0,0.0,Low Risk
314,Germany,Male,87,0,49303.37920976313,3,1,1,87180.09756213415,0,1,0.0,0.0,Low Risk
510,France,Male,52,8,198551.7196934232,1,0,1,179960.05429807547,1,3,0.88,88.0,High Risk
385,Spain,Male,33,8,238582.90473349407,4,0,0,25070.09699932483,1,8,0.95,95.0,High Risk
448,Germany,Female,48,10,37109.222292553866,1,0,0,7617.4353477541745,1,2,0.76,76.0,High Risk
671,Germany,Male,31,3,170254.76311313023,2,1,1,112106.02464785366,0,1,0.01,1.0,Low Risk
779,Spain,Male,42,8,226394.94383910904,3,0,0,139973.72629626538,0,0,0.0,0.0,Low Risk
450,Spain,Male,88,6,74785.71482915561,4,0,1,105638.80648943654,0,0,0.01,1.0,Low Risk
440,Spain,Male,35,3,207365.4336887219,4,1,0,67922.12374241691,0,0,0.0,0.0,Low Risk
368,Spain,Male,67,1,226233.94284467248,2,0,1,72292.5127075306,0,1,0.02,2.0,Low Risk
559,Spain,Male,37,4,74874.47260183223,1,0,1,29938.117139833335,0,0,0.0,0.0,Low Risk
820,Spain,Female,73,7,14185.202520697438,3,1,1,62349.99644300409,1,4,0.96,96.0,High Risk
670,Germany,Female,19,9,229198.27211431484,1,0,1,151779.583069953,1,8,0.94,94.0,High Risk
718,France,Male,43,9,82620.66861274028,1,1,1,99833.22059718089,0,0,0.0,0.0,Low Risk
400,France,Female,40,5,3434.5142460903976,4,0,0,178152.61826153175,0,1,0.03,3.0,Low Risk
542,Germany,Male,49,10,118729.94379958676,1,1,0,33608.63107023731,1,3,0.96,96.0,High Risk
811,France,Female,30,4,28969.145202901032,1,0,0,88490.10245487599,0,2,0.04,4.0,Low Risk
394,France,Male,30,3,225425.46867904137,4,0,1,140324.57582466534,0,3,0.27,27.0,Low Risk
525,Germany,Female,34,10,38748.85709920301,4,1,0,54464.81971985629,0,0,0.0,0.0,Low Risk
817,France,Male,75,5,76104.70121064686,1,1,0,53376.54589622237,0,0,0.05,5.0,Low Risk
513,France,Male,44,10,197612.5427254671,4,1,1,21129.333708832495,0,0,0.0,0.0,Low Risk
366,Germany,Female,34,2,201586.7425731682,3,0,1,178587.30725335347,0,0,0.0,0.0,Low Risk
695,France,Male,55,1,225319.99716708696,3,0,1,34514.03025213576,0,0,0.0,0.0,Low Risk
311,Spain,Female,31,0,124349.03923391466,1,0,1,194025.70942928904,0,0,0.0,0.0,Low Risk
536,Germany,Male,31,8,246680.157261793,2,1,0,89773.07922671997,1,11,1.0,100.0,High Risk
698,France,Male,29,0,129047.25144692784,4,0,1,196357.28370286265,0,1,0.0,0.0,Low Risk
706,France,Male,86,10,197676.94790200627,2,1,1,8080.276605529069,0,0,0.0,0.0,Low Risk
779,Spain,Male,85,3,90475.6039713022,4,0,1,113422.94627192427,0,3,0.28,28.0,Low Risk
521,Germany,Female,72,5,235322.8290750539,4,1,1,138170.87235378553,0,0,0.01,1.0,Low Risk
455,Germany,Female,80,8,171254.05666308416,1,1,0,103274.64159776062,0,2,0.12,12.0,Low Risk
727,France,Female,46,3,19274.562916100665,3,1,1,114024.85786516826,0,0,0.01,1.0,Low Risk
457,Spain,Female,62,6,27129.95720141867,2,1,0,107684.6618780694,1,6,1.0,100.0,High Risk
715,Spain,Female,21,6,222702.63778713712,3,0,1,29899.937611365793,0,1,0.01,1.0,Low Risk
625,Spain,Male,33,5,202389.62811873428,3,1,0,106386.21099420224,0,0,0.0,0.0,Low Risk
670,Spain,Male,83,8,82523.55995519842,2,0,1,108350.53522862724,0,0,0.01,1.0,Low Risk
643,Spain,Female,40,10,130398.99092066636,4,0,1,71122.76752578036,0,1,0.0,0.0,Low Risk
561,Spain,Male,85,9,213187.10945357717,2,1,1,121500.62629785552,1,5,0.99,99.0,High Risk
582,Germany,Female,37,6,25857.7760364363,3,1,1,82386.70191766662,0,0,0.01,1.0,Low Risk
528,France,Male,34,2,34534.85539141582,2,0,1,151033.42341117584,0,2,0.02,2.0,Low Risk
579,France,Female,69,5,178881.73467367343,1,0,1,7651.642114140639,1,3,0.91,91.0,High Risk
589,Spain,Male,23,6,20551.370610619153,4,0,1,2000.0818863317545,0,1,0.0,0.0,Low Risk
346,Germany,Male,56,6,88141.62408845175,4,1,0,104788.94898108787,1,6,0.99,99.0,High Risk
513,Germany,Female,51,5,62952.08053812165,2,0,0,197844.7132376486,1,5,0.92,92.0,High Risk
323,Spain,Male,71,2,190071.4736507013,4,0,1,89097.77616211734,0,0,0.0,0.0,Low Risk
620,France,Female,82,5,611.9683990809255,4,0,0,2385.717198234823,0,0,0.03,3.0,Low Risk
573,Spain,Male,46,1,28846.179240473473,3,0,0,63428.01174505821,0,1,0.04,4.0,Low Risk
612,Germany,Female,58,9,24751.88525019631,3,0,0,93455.5066871843,0,0,0.01,1.0,Low Risk
662,Spain,Male,80,0,79519.26297531655,4,0,1,180226.8373518655,1,3,0.87,87.0,High Risk
679,France,Female,49,7,58119.87474717523,4,1,1,24265.27190381735,0,0,0.0,0.0,Low Risk
769,France,Male,83,2,57070.6962831718,3,1,1,184878.78501873187,1,5,0.96,96.0,High Risk
415,Germany,Male,62,7,92598.3153295012,4,1,1,188031.2642949389,0,0,0.04,4.0,Low Risk
341,Spain,Female,34,2,53512.244371667795,4,1,0,128195.03977216504,0,2,0.04,4.0,Low Risk
678,Spain,Female,60,1,26553.547171635855,3,1,1,45044.299022222054,0,0,0.01,1.0,Low Risk
505,Germany,Female,83,7,145812.81608412898,3,0,0,107346.2930448414,0,0,0.01,1.0,Low Risk
765,Spain,Female,85,2,237934.424255029,3,1,1,163331.92082033728,1,4,0.96,96.0,High Risk
579,Germany,Male,51,7,151791.2317595474,1,0,1,71615.82403133102,1,4,0.93,93.0,High Risk
417,Spain,Male,18,1,189255.16765746145,3,1,1,181063.29034022463,0,1,0.0,0.0,Low Risk
536,France,Male,40,3,243044.20979802587,4,1,0,17393.641642759954,0,0,0.01,1.0,Low Risk
608,Germany,Male,23,8,38290.66128964353,3,1,1,61443.78875213105,0,1,0.0,0.0,Low Risk
755,Spain,Male,33,0,114952.49302221811,1,1,0,198639.65032144336,0,0,0.01,1.0,Low Risk
774,Spain,Female,19,1,145461.83938355886,3,0,1,116779.01112018384,0,0,0.0,0.0,Low Risk
399,Spain,Female,44,1,80528.20665640106,3,0,0,118072.4371423038,0,0,0.0,0.0,Low Risk
560,Germany,Female,36,8,153282.36963416584,1,1,1,47981.61698258491,0,1,0.0,0.0,Low Risk
604,France,Female,45,9,155955.12254024492,2,0,0,171512.8984567551,0,1,0.01,1.0,Low Risk
653,Spain,Female,52,4,210557.30906673663,2,1,1,85822.07032728927,0,1,0.01,1.0,Low Risk
585,Germany,Male,85,10,208128.84566490943,3,0,1,158709.6858326894,0,0,0.0,0.0,Low Risk
627,Spain,Male,66,3,35630.484712479985,2,1,1,162138.72242387396,0,0,0.0,0.0,Low Risk
402,France,Female,24,9,42222.972555151675,2,0,1,34979.70172244726,0,1,0.0,0.0,Low Risk
362,France,Female,54,9,55592.99694813008,4,0,1,100362.55678143728,0,0,0.01,1.0,Low Risk
581,France,Female,42,3,65307.55775716512,4,1,1,76804.29132097671,0,0,0.0,0.0,Low Risk
740,Germany,Male,58,6,141123.3518109306,4,1,0,30977.58703632229,0,1,0.02,2.0,Low Risk
592,Spain,Female,79,2,81872.58521405788,1,0,0,24688.053295990583,0,0,0.0,0.0,Low Risk
306,Germany,Female,58,8,238240.6716623755,2,0,1,9169.446276676068,0,1,0.11,11.0,Low Risk
391,Spain,Female,31,4,29575.355314053308,3,1,0,140395.6760729358,0,1,0.0,0.0,Low Risk
489,Germany,Male,71,10,61621.24412557496,1,1,0,156432.30892288493,0,0,0.0,0.0,Low Risk
775,Spain,Female,19,8,217079.38552971673,2,1,1,94283.03888073046,0,1,0.0,0.0,Low Risk
810,Germany,Male,65,0,146082.78376462578,3,1,0,112788.25777052276,1,6,1.0,100.0,High Risk
761,Spain,Female,68,9,136857.11156385107,1,0,1,52406.5352203665,0,0,0.01,1.0,Low Risk
352,Germany,Female,72,7,148586.31293344602,4,0,1,142962.93754253333,1,9,0.98,98.0,High Risk
785,France,Male,29,1,63066.13988915063,3,1,0,116795.48853765849,0,0,0.01,1.0,Low Risk
789,Germany,Male,86,7,190361.8057905522,4,0,1,176464.3788259628,1,11,0.98,98.0,High Risk
663,France,Female,18,3,124133.02841213792,2,1,0,149232.076336398,0,1,0.03,3.0,Low Risk
411,France,Female,76,1,10648.985314048788,3,0,1,3796.894168351752,0,0,0.02,2.0,Low Risk
708,Spain,Male,90,1,44289.56557218872,4,0,0,161971.87196847476,0,0,0.02,2.0,Low Risk
306,France,Male,51,5,204156.03884538604,4,0,1,5435.61602697022,0,0,0.0,0.0,Low Risk
496,France,Female,63,2,86261.19140962443,2,0,1,162770.97289070577,1,5,0.99,99.0,High Risk
666,Spain,Male,76,10,193361.03175409432,2,1,0,197453.66254740977,0,0,0.03,3.0,Low Risk
549,Germany,Male,83,9,165844.18384661208,2,1,0,96180.89952809842,1,4,1.0,100.0,High Risk
539,Germany,Female,36,2,75364.94518160821,2,0,1,45387.25711981183,0,0,0.0,0.0,Low Risk
679,France,Female,45,8,31758.88600014318,2,0,1,1924.1481212723625,0,0,0.01,1.0,Low Risk
770,Germany,Female,57,4,201736.32163982085,1,1,1,30067.097528291473,1,9,0.99,99.0,High Risk
754,France,Male,74,6,160771.84020741843,4,1,1,100761.3713636296,0,0,0.0,0.0,Low Risk
665,Germany,Female,68,4,75199.37713814339,2,1,0,161319.10302861244,0,0,0.01,1.0,Low Risk
589,Germany,Female,39,1,130818.74205605696,4,0,0,174296.90237796062,0,1,0.04,4.0,Low Risk
702,Germany,Male,85,10,152975.76787950503,1,1,0,136715.344226812,0,0,0.01,1.0,Low Risk
357,France,Female,25,10,529.6304198404156,3,1,1,17373.32520442928,0,0,0.0,0.0,Low Risk
820,Spain,Male,77,7,167628.31869598443,4,1,0,198268.8788191136,1,3,0.88,88.0,High Risk
603,Germany,Male,82,8,164019.5167705701,4,0,0,149423.32622797642,1,4,1.0,100.0,High Risk
414,Germany,Female,53,10,20644.605400936376,4,0,1,85297.16814044179,0,0,0.11,11.0,Low Risk
509,Germany,Female,88,1,196938.33342932776,3,1,0,162736.97207749175,1,8,0.99,99.0,High Risk
340,France,Male,46,1,206272.212498405,1,1,1,117718.69500934349,0,1,0.01,1.0,Low Risk
472,Spain,Female,82,3,72540.61768267231,4,0,0,120560.5006829866,0,0,0.0,0.0,Low Risk
533,France,Male,73,7,40553.164290080655,1,0,1,194260.7345922024,1,7,0.96,96.0,High Risk
702,Germany,Male,21,4,171620.3747715658,4,0,1,160227.5875310642,0,0,0.0,0.0,Low Risk
338,France,Female,89,4,30837.539612380893,4,1,0,52437.519877291554,0,1,0.02,2.0,Low Risk
418,Germany,Female,67,6,214510.60423963208,4,1,1,35039.83918433926,1,6,1.0,100.0,High Risk
634,Germany,Male,56,3,120032.37126111863,3,0,1,34470.025720204096,1,4,0.99,99.0,High Risk
635,France,Male,52,8,227452.24549674132,1,1,1,90906.21016495668,0,0,0.01,1.0,Low Risk
838,Germany,Female,42,3,160542.3430018044,1,0,0,77718.86913550898,0,2,0.05,5.0,Low Risk
373,Germany,Male,61,7,71273.06648907284,2,0,0,90557.84256661564,0,0,0.0,0.0,Low Risk
490,Spain,Male,64,2,117009.42891681996,4,0,1,12548.905811808172,0,0,0.0,0.0,Low Risk
623,France,Male,57,5,132336.78691061484,3,1,1,40423.368861435054,1,4,1.0,100.0,High Risk
446,France,Female,48,0,203789.6662258224,4,1,1,159502.20806355277,0,0,0.0,0.0,Low Risk
583,Germany,Male,86,6,215463.7910425144,1,1,1,151522.67252842066,0,1,0.02,2.0,Low Risk
512,Germany,Male,91,10,170752.94405353648,1,0,1,78668.41683511146,1,7,0.99,99.0,High Risk
693,France,Female,60,6,73549.52629317269,4,0,0,78098.80293719999,0,0,0.0,0.0,Low Risk
638,France,Male,72,1,132142.12699069633,1,1,1,176765.80348131474,0,0,0.0,0.0,Low Risk
321,France,Male,33,4,32655.46309507325,4,0,1,36383.489033719605,0,1,0.0,0.0,Low Risk
404,Germany,Female,85,3,57527.36886364421,4,0,1,71449.33187501314,1,4,0.99,99.0,High Risk
765,Spain,Female,86,9,75764.65855415998,2,1,1,152697.56604258736,0,0,0.0,0.0,Low Risk
758,Spain,Female,59,8,18189.982895640165,3,0,0,114921.57164854088,0,0,0.01,1.0,Low Risk
731,Germany,Female,58,1,221247.1514176907,3,1,0,12062.293263179938,0,0,0.0,0.0,Low Risk
520,Germany,Female,67,2,30661.04430630084,1,1,0,2374.662974218635,0,0,0.0,0.0,Low Risk
678,Germany,Male,23,0,174209.68152136318,1,1,1,3836.6968313006782,0,0,0.01,1.0,Low Risk
521,France,Male,70,9,126415.46720446183,2,0,1,131199.914704465,0,0,0.01,1.0,Low Risk
557,Germany,Female,34,4,207941.95714395164,1,1,1,124501.69224715518,0,1,0.01,1.0,Low Risk
666,France,Male,74,2,185258.93705417044,1,1,1,8911.848181570542,0,1,0.01,1.0,Low Risk
648,Spain,Female,84,3,189934.50133492143,4,0,0,26401.242901498415,1,6,0.99,99.0,High Risk
524,Germany,Male,33,3,104586.56941446233,2,1,1,144514.4957246445,0,1,0.01,1.0,Low Risk
535,Germany,Male,69,5,208494.0339740218,4,1,0,61924.87035976775,1,6,1.0,100.0,High Risk
482,France,Male,51,9,23685.46889670145,4,0,1,198337.17531678884,1,7,0.95,95.0,High Risk
743,France,Female,37,6,111104.75396516045,1,0,0,62503.80619993862,0,0,0.0,0.0,Low Risk
305,France,Female,73,6,248653.51520000116,4,1,0,67144.0413787813,1,2,0.25,25.0,Low Risk
535,Spain,Female,68,10,237028.6362606339,3,1,0,83900.06146954477,0,0,0.0,0.0,Low Risk
426,Spain,Male,70,7,20553.146245530203,3,0,0,165532.97730836633,0,0,0.02,2.0,Low Risk
403,Germany,Female,66,2,143246.3972917094,3,1,0,111462.7011102364,0,0,0.0,0.0,Low Risk
779,Germany,Male,21,4,78912.65293851907,2,0,1,171450.57516752998,1,2,0.78,78.0,High Risk
454,France,Male,35,9,182118.1337524687,2,0,1,85447.17153158343,0,0,0.01,1.0,Low Risk
556,Spain,Female,53,5,183946.85841214153,3,1,0,121660.07146977892,1,3,0.85,85.0,High Risk
534,Germany,Male,52,5,23.317005310719008,3,1,0,933.8173772118624,0,0,0.04,4.0,Low Risk
799,France,Male,47,7,211454.79519283905,4,1,1,115113.80277509333,0,0,0.0,0.0,Low Risk
588,France,Male,80,4,55895.676934153176,2,0,0,16113.728321084014,0,0,0.01,1.0,Low Risk
809,Spain,Female,38,4,241476.65355481612,1,1,1,38610.82069569546,0,0,0.0,0.0,Low Risk
597,Spain,Female,69,0,226357.82697402625,1,0,0,199507.6977820324,0,0,0.01,1.0,Low Risk
436,Germany,Female,86,0,47664.762261698495,2,1,1,127439.57991193286,0,1,0.06,6.0,Low Risk
675,Germany,Male,58,5,159083.85599080697,4,0,0,173852.38271941,0,1,0.01,1.0,Low Risk
386,France,Male,71,9,74087.82650252146,3,0,1,11474.465331819178,0,0,0.04,4.0,Low Risk
718,France,Female,47,9,25746.033839426866,4,0,1,76918.38163711816,0,2,0.1,10.0,Low Risk
498,France,Male,73,4,218500.5820260694,4,0,0,172489.56122758795,1,4,0.97,97.0,High Risk
762,Germany,Female,58,10,45206.61805337214,2,0,1,82162.79171616226,0,0,0.04,4.0,Low Risk
736,Spain,Female,31,9,105241.89010324456,3,0,0,50733.50096247935,0,2,0.01,1.0,Low Risk
609,Germany,Female,38,5,231047.28150475377,2,1,1,96202.57446185952,0,1,0.0,0.0,Low Risk
580,Spain,Female,42,8,18838.58534931357,2,0,1,94193.1825785626,0,0,0.0,0.0,Low Risk
622,Germany,Male,67,7,137646.12393182958,4,0,1,198137.2837046416,0,1,0.01,1.0,Low Risk
451,Germany,Male,70,6,143036.09308016335,2,1,0,70907.32573834415,1,3,0.97,97.0,High Risk
601,Spain,Male,65,6,190766.67766936935,2,1,0,191469.826392029,0,0,0.02,2.0,Low Risk
577,Germany,Female,87,5,206782.71743971415,2,0,0,182407.4186070455,0,0,0.01,1.0,Low Risk
307,Germany,Male,65,5,106035.94869013492,2,0,1,89907.71975077578,0,0,0.0,0.0,Low Risk
534,France,Female,21,0,185920.76017448507,4,0,0,188996.77250364548,0,3,0.15,15.0,Low Risk
601,Spain,Female,41,6,227609.82928693976,3,1,1,145778.45652505793,0,0,0.0,0.0,Low Risk
337,Spain,Female,48,4,221566.54976396495,3,0,0,177003.3735031471,1,6,1.0,100.0,High Risk
435,France,Male,46,6,125454.76715397456,4,0,1,178355.31098466212,0,0,0.0,0.0,Low Risk
720,Spain,Female,22,5,151757.38737831716,1,0,0,17101.323929400245,0,0,0.0,0.0,Low Risk
518,France,Male,84,7,168202.21547866534,2,0,0,179365.99902261936,0,0,0.0,0.0,Low Risk
647,Spain,Male,70,2,204777.19997910215,4,1,1,97921.22627465574,0,0,0.01,1.0,Low Risk
845,Spain,Male,81,7,126933.2724595668,1,1,0,127410.7609006085,0,0,0.01,1.0,Low Risk
378,Spain,Male,52,6,27975.00482401752,1,0,0,60110.49161958274,0,1,0.0,0.0,Low Risk
572,Spain,Male,29,0,96325.43427923418,2,1,0,129107.38489285207,0,0,0.0,0.0,Low Risk
460,France,Male,64,2,180050.51985531073,4,0,1,5425.41988734995,0,0,0.01,1.0,Low Risk
607,France,Male,72,9,155949.7362959721,2,0,1,74242.32047937527,1,4,0.99,99.0,High Risk
673,Spain,Male,86,3,188372.9503710605,1,1,0,125721.48327937657,1,1,0.58,58.0,Medium Risk
308,Germany,Female,55,8,124988.43458058304,1,0,0,39382.6384035804,1,8,0.97,97.0,High Risk
743,France,Female,46,5,43601.19313630018,2,1,1,134527.6092827593,0,2,0.06,6.0,Low Risk
412,Spain,Male,29,6,28801.88465179559,2,1,1,165778.07109080805,0,1,0.0,0.0,Low Risk
504,France,Male,36,4,120315.48475337676,2,0,1,7477.081312444872,0,0,0.02,2.0,Low Risk
704,Germany,Male,26,2,51431.20905384599,3,1,1,120793.9016365113,0,1,0.0,0.0,Low Risk
496,Germany,Male,46,4,245566.7220134398,4,1,1,116129.56868332005,0,1,0.02,2.0,Low Risk
414,Germany,Male,20,6,49688.24298483493,4,1,1,156418.9760503603,1,6,0.97,97.0,High Risk
420,Spain,Female,47,8,141696.0736724149,4,1,0,139504.94766603922,0,0,0.0,0.0,Low Risk
364,Spain,Male,75,8,441.9835476973389,1,0,1,90929.4598037585,0,0,0.04,4.0,Low Risk
575,Germany,Male,70,7,63411.27054974041,4,0,1,70910.80863541488,0,1,0.01,1.0,Low Risk
538,France,Male,21,4,64784.62180477817,4,1,0,197129.9394568043,0,1,0.01,1.0,Low Risk
601,France,Female,74,6,184496.85890400113,1,1,0,100360.50868062138,0,0,0.0,0.0,Low Risk
691,Germany,Female,71,3,123906.5346361149,1,1,1,81591.72190071367,0,0,0.01,1.0,Low Risk
821,Spain,Male,45,9,3022.962752695424,3,1,0,198600.30346943723,0,1,0.06,6.0,Low Risk
668,France,Female,33,4,94792.73471397025,1,1,1,36108.609497925645,0,0,0.0,0.0,Low Risk
532,France,Female,30,3,161195.2742680241,2,1,0,37234.79854251522,0,0,0.0,0.0,Low Risk
494,France,Female,89,2,159176.73871768548,3,1,0,195294.74025661088,0,0,0.01,1.0,Low Risk
311,Spain,Female,73,10,13472.178553138869,1,0,0,131541.48725660826,1,2,0.81,81.0,High Risk
476,Germany,Female,70,0,232228.2330933799,4,0,0,103952.5998466517,1,4,0.99,99.0,High Risk
516,Spain,Female,65,4,61747.767186841105,3,0,1,13564.508163972,0,1,0.02,2.0,Low Risk
310,France,Female,42,1,222881.52852620807,3,0,0,71178.66163660806,0,1,0.0,0.0,Low Risk
745,Germany,Female,83,5,53353.61148191825,4,0,0,86672.61736627754,1,8,0.99,99.0,High Risk
463,Spain,Male,47,4,141962.5710667552,4,1,0,102285.67512726174,1,2,0.33,33.0,Low Risk
352,Germany,Male,20,10,101520.07706148487,4,1,1,87318.98453745151,0,1,0.02,2.0,Low Risk
517,France,Female,40,1,145337.32078660265,2,1,0,87627.38901084504,0,0,0.0,0.0,Low Risk
659,Spain,Female,46,7,124465.7035416383,3,0,1,198967.14059582088,0,2,0.18,18.0,Low Risk
684,Germany,Male,58,4,511.8277134205096,2,0,1,194798.4330977529,1,2,0.8,80.0,High Risk
355,Spain,Male,28,1,87833.09369964787,2,1,0,17248.717239545924,0,2,0.18,18.0,Low Risk
417,France,Female,38,0,2804.28908242486,4,1,0,33732.886132835934,0,0,0.02,2.0,Low Risk
552,Germany,Male,41,1,170841.6336645271,1,0,1,188322.5506838131,0,0,0.04,4.0,Low Risk
479,France,Female,82,0,213373.95129713265,2,0,1,63806.58706998258,1,9,0.99,99.0,High Risk
714,Germany,Male,18,9,96178.61542746516,1,1,0,122311.90036411282,0,0,0.05,5.0,Low Risk
534,France,Female,71,9,131200.50939202716,1,1,1,159574.76985730257,0,0,0.02,2.0,Low Risk
379,France,Male,89,2,16459.33679481473,4,1,0,94180.09706430038,0,0,0.04,4.0,Low Risk
321,Spain,Female,51,2,96299.35220338308,1,0,0,3333.591427366163,1,5,0.91,91.0,High Risk
776,France,Male,85,9,34715.10160782284,2,1,0,165616.89088520588,0,1,0.04,4.0,Low Risk
739,Spain,Male,46,0,16175.459737083758,1,1,1,151250.4554122943,1,3,0.93,93.0,High Risk
392,France,Female,20,6,43008.28687521974,2,0,0,8295.9838832656,0,1,0.0,0.0,Low Risk
491,France,Female,28,9,217710.98589126905,4,0,0,179475.31193466816,0,0,0.0,0.0,Low Risk
402,France,Male,25,6,245551.10083223728,2,1,0,171404.09875447044,1,7,0.99,99.0,High Risk
695,Germany,Male,79,8,219803.53319240033,1,0,0,55016.38993926212,0,0,0.02,2.0,Low Risk
306,Spain,Female,50,4,242417.61792143137,2,1,0,16037.120700405736,0,0,0.02,2.0,Low Risk
530,Germany,Male,25,3,182701.7003713656,1,0,0,80640.71448618814,0,1,0.01,1.0,Low Risk
539,Spain,Male,42,4,39926.37495466167,1,1,0,174981.76602958704,0,0,0.01,1.0,Low Risk
389,France,Male,43,7,140792.61326948344,4,1,0,96487.73326067648,0,1,0.03,3.0,Low Risk
531,Germany,Male,43,7,182899.01740843093,1,0,1,56322.48713543965,0,0,0.0,0.0,Low Risk
756,Spain,Male,34,3,128365.69853719944,3,1,1,46360.81542415686,0,0,0.02,2.0,Low Risk
532,France,Female,46,7,138666.8085255583,2,1,1,71013.44123614233,0,1,0.0,0.0,Low Risk
653,Spain,Male,60,3,146547.52375362808,3,0,0,198789.91414390723,1,5,0.97,97.0,High Risk
632,Spain,Male,90,3,116711.6098448626,3,0,1,175686.0731876441,1,3,0.87,87.0,High Risk
738,France,Female,22,10,72647.11660809687,2,0,0,109413.02752384648,0,0,0.0,0.0,Low Risk
674,Germany,Female,67,7,159256.284701157,4,0,1,161684.75867496146,0,1,0.03,3.0,Low Risk
591,France,Female,73,1,13377.098973543303,2,0,1,63261.13208080507,0,0,0.0,0.0,Low Risk
644,Germany,Female,80,3,42731.811674558005,4,0,0,123046.022021696,1,9,0.99,99.0,High Risk
727,Spain,Female,74,0,231315.38449674135,1,0,1,174551.4624066569,1,7,0.98,98.0,High Risk
429,Spain,Male,62,0,122204.06312220258,3,0,1,73543.58950092238,1,7,0.99,99.0,High Risk
440,Spain,Male,54,10,205420.95284048017,2,1,0,160081.32905873796,0,0,0.01,1.0,Low Risk
714,Germany,Male,89,7,181635.17292171656,1,1,1,122868.42694873815,1,3,0.91,91.0,High Risk
392,France,Female,53,3,80177.26349604675,2,0,1,123075.56429954142,0,0,0.01,1.0,Low Risk
583,Germany,Female,50,5,200912.2657651143,2,0,0,8228.865146579923,1,8,0.99,99.0,High Risk
522,Spain,Female,23,4,22830.610013327117,1,1,1,179853.13242436832,0,0,0.0,0.0,Low Risk
762,Spain,Male,88,9,218744.56358663476,2,0,0,155231.0690465597,1,4,0.99,99.0,High Risk
844,France,Male,62,5,170140.0003326057,1,1,1,7303.997235049908,1,3,0.95,95.0,High Risk
575,Germany,Male,24,3,231768.07922961633,3,1,1,122153.14863640096,0,1,0.0,0.0,Low Risk
439,Spain,Male,82,3,223877.6000622263,1,0,1,149182.91758219872,0,0,0.01,1.0,Low Risk
656,Germany,Male,41,6,95065.50889218308,2,1,0,159026.4928307615,1,3,0.85,85.0,High Risk
322,Germany,Male,62,0,214208.13046734207,3,1,0,17718.6714096979,0,1,0.03,3.0,Low Risk
569,France,Female,78,8,140754.01800483372,3,0,1,127991.74646560276,0,1,0.01,1.0,Low Risk
632,France,Male,36,9,39278.57909166485,1,1,1,46602.853995272,0,1,0.0,0.0,Low Risk
384,Spain,Male,49,2,207387.71584782092,4,1,0,90293.0248066343,1,5,0.97,97.0,High Risk
330,France,Male,47,3,226979.93966006723,1,1,1,105295.70379469969,1,6,0.96,96.0,High Risk
539,Germany,Male,82,8,21136.80191477485,4,1,0,5478.5869529150195,1,1,0.61,61.0,Medium Risk
662,France,Male,49,4,232638.21102759376,1,1,0,59914.98002478375,0,0,0.0,0.0,Low Risk
688,Germany,Female,74,3,150316.22740469742,3,0,0,159490.5191770208,0,0,0.0,0.0,Low Risk
598,Spain,Male,37,5,6474.353850553255,1,0,1,168471.49245011443,0,0,0.0,0.0,Low Risk
670,Germany,Male,47,0,135448.65781759602,4,1,0,66008.81840484972,0,1,0.01,1.0,Low Risk
398,France,Female,76,9,199187.25857084407,2,1,0,88365.06599819018,0,0,0.0,0.0,Low Risk
346,France,Female,79,0,133295.361783805,4,0,1,166240.65929225678,0,0,0.0,0.0,Low Risk
721,Spain,Male,84,4,176811.56348946525,3,0,0,40165.66347065492,0,1,0.04,4.0,Low Risk
779,France,Male,48,4,219895.6829693115,1,0,1,146197.75141945895,0,1,0.0,0.0,Low Risk
361,Spain,Male,83,10,217440.37753884343,3,1,1,81470.18568132252,0,1,0.06,6.0,Low Risk
408,Spain,Male,71,8,44717.47948388491,2,0,1,197420.9125642682,1,2,0.8,80.0,High Risk
848,France,Male,27,0,106782.506273895,2,0,1,120360.2568574743,1,4,0.94,94.0,High Risk
418,Germany,Female,55,2,27791.26647002453,2,0,1,29623.167513589695,1,3,0.8,80.0,High Risk
681,Spain,Female,48,2,148774.45427076117,1,1,1,34381.19762224036,0,2,0.18,18.0,Low Risk
691,Germany,Male,46,3,238681.6877864156,4,1,0,5471.026104560398,0,1,0.03,3.0,Low Risk
351,France,Male,42,6,45461.74324244759,1,0,1,142968.37061860698,0,0,0.01,1.0,Low Risk
588,Germany,Female,49,6,100907.59094634184,3,1,1,88672.10864475838,1,5,0.98,98.0,High Risk
636,Germany,Female,34,9,238506.69999767223,1,0,1,2203.6571305585226,0,1,0.0,0.0,Low Risk
503,Germany,Male,62,4,187529.5566036672,3,0,0,20293.09067260275,1,3,0.97,97.0,High Risk
537,Germany,Male,66,8,17792.369767639953,1,1,0,57891.1408796298,0,1,0.02,2.0,Low Risk
681,France,Male,35,6,107103.89164328562,4,1,1,84829.22877043052,0,0,0.0,0.0,Low Risk
435,France,Male,69,1,246971.4303794138,2,0,1,187689.89927501875,0,1,0.04,4.0,Low Risk
706,Germany,Male,37,2,113310.64962044307,1,1,0,108263.05539334152,0,0,0.0,0.0,Low Risk
807,France,Male,79,10,157350.35248423886,4,1,1,178848.1735769099,1,5,0.99,99.0,High Risk
661,France,Female,30,6,175244.1752656308,1,1,1,50113.53388199837,0,0,0.0,0.0,Low Risk
680,Spain,Female,60,4,165982.84746216683,1,1,0,66453.19744172637,1,7,1.0,100.0,High Risk
553,France,Female,38,6,129679.61476022797,2,0,0,176161.15481078628,0,0,0.01,1.0,Low Risk
776,Germany,Female,23,8,33198.9218727487,3,0,0,98277.43382961344,0,0,0.0,0.0,Low Risk
413,France,Male,88,8,177103.71502012844,4,0,0,118036.35323927582,0,0,0.01,1.0,Low Risk
319,France,Female,70,2,233331.96817784387,1,0,0,114839.85935785453,1,3,0.91,91.0,High Risk
827,France,Female,69,7,235424.16181803055,2,0,1,129078.67965057874,0,2,0.06,6.0,Low Risk
444,France,Male,86,5,148347.35154264158,1,1,1,117794.61076470705,1,3,0.71,71.0,Medium Risk
507,Spain,Female,26,3,123049.37228611093,1,1,0,138876.28627932485,1,7,0.99,99.0,High Risk
830,Germany,Male,91,3,83490.27508125859,2,0,0,29464.0692738362,0,0,0.15,15.0,Low Risk
675,Germany,Male,63,3,25892.2471749409,1,0,1,142128.65927319587,0,1,0.02,2.0,Low Risk
803,France,Female,88,6,220779.45607077287,1,0,1,30127.9548271556,0,0,0.01,1.0,Low Risk
465,France,Female,47,5,34263.35514585327,4,0,0,68090.2093145127,1,7,1.0,100.0,High Risk
849,Spain,Female,60,1,71986.43236286026,4,1,1,166271.0614448541,0,0,0.08,8.0,Low Risk
480,France,Male,76,4,185099.61768811863,4,1,1,121560.75075985232,1,0,0.6,60.0,Medium Risk
743,Spain,Female,55,4,176190.920915638,1,1,1,193433.42847310723,1,6,0.98,98.0,High Risk
631,Germany,Male,51,5,170253.18850800666,1,1,1,50467.04780878936,0,1,0.0,0.0,Low Risk
802,Germany,Female,63,6,185426.7488637276,4,1,0,184149.16908605152,1,8,0.99,99.0,High Risk
378,Spain,Male,49,10,135494.3534872265,1,1,1,128388.32752290452,0,0,0.02,2.0,Low Risk
695,Germany,Female,33,7,38737.74403674646,2,1,1,73854.13592211506,0,1,0.01,1.0,Low Risk
402,France,Female,56,9,249589.50325728368,2,0,1,157359.9175658711,0,0,0.02,2.0,Low Risk
701,France,Male,18,7,223034.896790502,1,0,0,190974.1959106489,0,0,0.02,2.0,Low Risk
523,Spain,Female,74,10,107788.06176542418,1,0,1,155914.31800268017,0,0,0.02,2.0,Low Risk
817,Germany,Female,37,4,132581.52743865905,3,1,0,1304.685393469248,0,0,0.02,2.0,Low Risk
535,Germany,Male,59,1,98387.73753841752,2,1,0,2063.683008628894,1,5,0.92,92.0,High Risk
726,Spain,Female,89,9,159494.5439132971,1,0,1,25242.30126639406,0,1,0.01,1.0,Low Risk
415,Spain,Female,51,7,182785.00993833737,3,0,0,170146.49102353177,1,10,1.0,100.0,High Risk
462,Germany,Male,67,5,57890.79969402614,2,1,0,150051.88318039995,0,1,0.01,1.0,Low Risk
525,Spain,Female,28,2,108199.13337807424,3,1,0,127958.30333242202,1,2,0.66,66.0,Medium Risk
529,France,Male,60,3,160058.6966855512,4,1,0,138904.22135002562,1,4,1.0,100.0,High Risk
481,Germany,Female,27,0,247004.93014632497,3,1,1,123965.01950701563,0,0,0.01,1.0,Low Risk
548,Spain,Female,25,2,81218.5339501055,4,1,1,69583.57811414497,0,0,0.0,0.0,Low Risk
617,Spain,Male,89,3,186250.11171475844,1,1,0,144092.73940404816,0,0,0.01,1.0,Low Risk
509,Spain,Female,36,1,86667.94088692304,1,0,1,187020.33181276923,0,1,0.0,0.0,Low Risk
691,Germany,Male,82,5,23084.938259089664,2,1,0,149936.70008206178,1,7,0.99,99.0,High Risk
395,France,Male,72,7,192536.4550068702,3,0,0,173460.70937651614,1,4,0.99,99.0,High Risk
385,France,Female,69,5,162326.72074388585,3,0,1,47439.09701062061,0,1,0.04,4.0,Low Risk
714,Germany,Male,20,9,128584.928880701,1,0,0,69863.57735221674,0,1,0.03,3.0,Low Risk
693,Spain,Female,70,2,168758.97220669777,2,1,1,101552.50100379108,0,0,0.0,0.0,Low Risk
800,Germany,Male,61,8,219825.013489756,1,1,1,94304.01384015374,0,2,0.24,24.0,Low Risk
432,Germany,Female,65,3,189127.65025026936,2,0,0,93202.7712797826,0,2,0.11,11.0,Low Risk
613,Spain,Female,71,5,214454.35573154676,3,1,1,128114.36438202708,1,4,0.99,99.0,High Risk
520,Germany,Male,33,3,72504.70912144633,4,1,1,171079.67769273164,0,0,0.02,2.0,Low Risk
737,France,Female,47,3,200120.8793237992,2,0,1,177433.5332360323,0,0,0.0,0.0,Low Risk
345,Germany,Female,45,10,90002.33678327779,3,0,1,30108.829724797495,0,0,0.01,1.0,Low Risk
491,Spain,Female,33,1,5162.964098481826,2,0,0,18039.534718153056,0,0,0.01,1.0,Low Risk
819,Germany,Male,68,9,10796.059114249856,4,1,1,62249.9964809104,1,6,0.98,98.0,High Risk
678,France,Female,50,1,182588.6406762894,4,1,0,147447.98181291964,0,0,0.0,0.0,Low Risk
633,Germany,Female,42,1,67977.32615987446,1,1,1,158692.73253392568,0,0,0.0,0.0,Low Risk
338,Germany,Male,35,1,76896.06338750482,4,0,0,76661.5434919433,0,0,0.0,0.0,Low Risk
592,Germany,Female,43,7,155644.5115338867,4,1,0,62096.51459068028,0,0,0.02,2.0,Low Risk
461,Germany,Male,23,9,185377.31497871337,1,1,0,26107.58695217145,0,0,0.0,0.0,Low Risk
630,Spain,Male,55,3,139721.0627834023,4,1,1,47654.12571607347,0,0,0.01,1.0,Low Risk
403,France,Female,61,3,176593.06033372012,1,0,0,20164.094704000665,1,10,0.99,99.0,High Risk
460,France,Male,84,9,235263.2091278547,2,0,0,60777.41234803169,1,8,1.0,100.0,High Risk
353,France,Female,60,9,213539.9862801244,3,1,0,135227.82239313575,0,0,0.0,0.0,Low Risk
333,Germany,Female,23,10,60200.912790967704,1,0,1,25799.5311386584,0,0,0.0,0.0,Low Risk
541,France,Female,81,2,226697.9119341008,2,0,1,64267.35856564731,1,3,0.84,84.0,High Risk
412,Spain,Male,30,4,74316.0638121364,4,1,1,105732.58057405896,0,1,0.0,0.0,Low Risk
617,Germany,Male,82,3,165147.06477032832,2,1,0,65428.11073753676,1,2,0.77,77.0,High Risk
322,Germany,Female,55,6,218679.0808806487,1,0,0,87920.49270606111,0,0,0.03,3.0,Low Risk
417,France,Female,81,9,155861.531816922,1,1,0,99378.6621247621,1,6,0.99,99.0,High Risk
511,Germany,Male,31,6,201549.0340273012,1,1,0,155004.03667743443,1,4,0.99,99.0,High Risk
717,Germany,Female,34,5,231836.77722019347,1,1,1,168620.70398717924,0,1,0.0,0.0,Low Risk
412,France,Male,30,6,241734.26627794123,2,1,1,38486.040704465166,0,0,0.0,0.0,Low Risk
343,Spain,Male,90,6,102658.2325400039,3,1,0,73873.1935389129,1,5,1.0,100.0,High Risk
427,Spain,Female,23,7,248192.05164863184,3,1,1,115036.1940857832,0,1,0.01,1.0,Low Risk
457,France,Female,23,10,67920.29094615349,2,1,1,99880.95282463563,0,2,0.02,2.0,Low Risk
693,Spain,Female,54,0,115546.64431988532,3,0,1,16092.871038919371,0,0,0.01,1.0,Low Risk
811,Spain,Male,74,2,190176.38988586888,4,1,1,68999.37394793109,0,1,0.0,0.0,Low Risk
344,Spain,Male,70,2,242538.39198037912,2,1,1,45512.18107626829,0,1,0.01,1.0,Low Risk
407,Germany,Male,63,4,13235.34031122392,2,0,1,83459.31406603131,0,0,0.01,1.0,Low Risk
518,Germany,Male,21,9,236410.42417634488,2,1,0,67603.03268323951,0,0,0.0,0.0,Low Risk
742,Germany,Female,51,6,249668.87438994233,3,1,0,139079.56483345997,0,0,0.03,3.0,Low Risk
614,Spain,Male,83,9,227394.86030887303,2,1,1,80294.9055737474,0,0,0.0,0.0,Low Risk
476,Germany,Female,80,5,27096.05384862182,2,0,1,48312.825954948225,1,6,1.0,100.0,High Risk
527,Spain,Male,78,3,210175.0646459647,1,1,1,123933.92852639964,0,2,0.06,6.0,Low Risk
566,France,Male,59,5,159940.45090877463,1,1,0,145380.97804605367,0,2,0.11,11.0,Low Risk
678,Spain,Female,81,6,2381.6348389105733,3,0,0,21662.5630031241,1,5,0.93,93.0,High Risk
788,Germany,Male,34,3,246094.05286663747,1,0,1,50254.601904496456,0,1,0.0,0.0,Low Risk
589,Spain,Female,78,10,37630.93083330435,4,1,0,41769.39268840056,1,5,0.99,99.0,High Risk
656,Germany,Male,47,7,99205.3492307573,1,1,1,40225.45058318072,0,0,0.03,3.0,Low Risk
503,Germany,Female,60,4,7568.126009560833,1,1,0,180397.71089092785,1,7,0.99,99.0,High Risk
512,France,Male,24,2,77379.77870719714,2,1,0,25214.2187589341,0,3,0.26,26.0,Low Risk
622,France,Male,90,1,142081.43083157242,4,0,0,174228.16287909274,1,3,0.94,94.0,High Risk
480,Germany,Female,63,0,232713.28060700116,4,1,0,78786.94551689239,0,1,0.04,4.0,Low Risk
798,Spain,Female,40,3,247591.1315434144,1,0,1,128163.83123680962,0,0,0.01,1.0,Low Risk
619,France,Female,53,1,105839.5687668372,3,1,1,88195.37669096963,0,0,0.02,2.0,Low Risk
382,France,Male,31,2,107045.9717315529,2,0,1,119753.2379873259,0,1,0.0,0.0,Low Risk
602,Germany,Male,37,0,40085.85794929276,3,1,0,110335.58601978987,0,0,0.01,1.0,Low Risk
561,Spain,Male,73,5,124589.72416514048,3,0,0,86595.49258947963,0,0,0.0,0.0,Low Risk
499,France,Male,49,3,235020.25394029377,3,0,0,55012.187670112064,0,0,0.0,0.0,Low Risk
539,France,Male,42,4,41349.03936037304,4,1,0,186175.04784979855,0,1,0.03,3.0,Low Risk
594,Spain,Male,66,7,66618.31077388921,3,1,0,183194.30990854476,0,0,0.01,1.0,Low Risk
811,France,Female,74,10,222829.4684296812,3,1,1,14232.3922832925,0,0,0.01,1.0,Low Risk
695,Spain,Male,44,3,156607.65345682055,4,0,1,44711.99763029651,0,0,0.01,1.0,Low Risk
437,Germany,Male,44,5,82626.80948974374,1,1,0,114817.53518994898,0,0,0.01,1.0,Low Risk
428,France,Female,63,2,203186.24129100784,4,1,1,196090.17274493293,0,1,0.03,3.0,Low Risk
348,Germany,Female,62,7,27241.035425527494,4,0,1,145490.42738712815,0,0,0.03,3.0,Low Risk
592,Spain,Female,43,2,214587.84145787533,1,0,1,163669.13420318766,0,0,0.0,0.0,Low Risk
835,Germany,Female,31,6,129500.41649695236,3,1,0,62851.36113780483,1,4,0.98,98.0,High Risk
610,Germany,Female,65,6,189233.60759890443,3,0,1,43790.35644372661,1,9,1.0,100.0,High Risk
836,Germany,Male,32,2,129597.89789153126,1,0,0,45200.17979606287,0,0,0.03,3.0,Low Risk
533,Spain,Male,68,2,61568.23047474336,3,0,0,96661.54410156274,1,3,0.89,89.0,High Risk
508,Spain,Female,71,9,160212.1556960694,1,0,0,171697.46019335653,0,1,0.04,4.0,Low Risk
393,Spain,Female,28,9,38697.784001697735,4,0,1,43281.81971472903,0,1,0.0,0.0,Low Risk
626,Spain,Male,45,10,57467.608637044,3,0,1,114067.92443552408,0,0,0.01,1.0,Low Risk
524,Spain,Female,72,7,137331.41725300564,3,1,0,161760.86346622492,0,1,0.01,1.0,Low Risk
310,France,Male,86,10,97495.89532755484,2,1,1,100076.24216068964,0,0,0.0,0.0,Low Risk
628,France,Male,89,2,186300.57132180463,3,1,0,83386.34192639495,1,6,1.0,100.0,High Risk
311,France,Female,43,1,145893.11938540457,2,1,1,69312.95086505682,0,0,0.01,1.0,Low Risk
334,Germany,Male,87,4,95333.7819022282,3,1,1,120093.70802996116,0,0,0.01,1.0,Low Risk
746,Germany,Male,49,10,81682.48370867873,2,1,1,163540.05050485962,0,0,0.03,3.0,Low Risk
751,Spain,Male,65,6,228310.6954919968,1,1,0,199226.16796652877,1,5,0.97,97.0,High Risk
519,Spain,Male,29,7,10020.665490161284,3,1,1,173873.19361048457,0,1,0.0,0.0,Low Risk
740,France,Female,87,0,172757.7597960263,1,0,1,90555.51182490656,0,2,0.03,3.0,Low Risk
834,Spain,Female,78,1,97974.64472387504,2,1,0,15857.608381323182,1,4,1.0,100.0,High Risk
528,Germany,Female,51,6,94339.41864085008,2,1,1,24116.246696194477,0,0,0.0,0.0,Low Risk
643,Spain,Female,62,8,162969.1933211952,2,0,0,5874.716406949725,0,0,0.02,2.0,Low Risk
379,France,Female,77,2,212616.1883109573,2,0,0,72539.02123856376,0,0,0.0,0.0,Low Risk
652,Spain,Male,82,7,181103.06133001728,4,1,0,96315.43544283204,1,10,0.99,99.0,High Risk
695,Germany,Male,88,9,167527.8170612554,1,0,1,164123.6497418399,0,0,0.05,5.0,Low Risk
589,France,Male,30,2,124050.61251034918,2,1,1,17155.922068397784,0,1,0.0,0.0,Low Risk
754,Spain,Male,65,3,117294.61597832496,3,0,1,45631.595953947166,1,5,0.98,98.0,High Risk
427,Germany,Female,66,1,115178.81887171908,2,1,1,102135.26774771408,1,2,0.73,73.0,Medium Risk
842,France,Female,75,8,36361.86582115794,1,0,0,169956.76908773129,0,1,0.02,2.0,Low Risk
658,France,Male,90,4,139875.7470929888,4,0,1,17536.993849493712,1,8,1.0,100.0,High Risk
826,Germany,Female,87,4,78866.06951750263,1,1,1,48694.756207322345,1,2,0.75,75.0,Medium Risk
612,Spain,Male,78,3,154556.97405633642,3,1,0,108785.52300740822,1,4,0.99,99.0,High Risk
374,Spain,Male,43,4,133583.81190609845,4,1,0,64879.75628398383,1,7,0.97,97.0,High Risk
845,Spain,Female,56,0,234981.0488403536,1,1,0,198479.61253197055,0,0,0.04,4.0,Low Risk
495,France,Female,75,9,108732.53301418084,2,1,0,90432.0598898092,0,1,0.0,0.0,Low Risk
328,France,Female,44,9,166099.30200315447,3,0,0,182272.29107341944,0,2,0.13,13.0,Low Risk
315,Spain,Male,57,5,148200.63967247523,3,0,1,188178.15035172808,0,0,0.0,0.0,Low Risk
722,France,Female,48,10,171098.68947602282,4,1,1,51893.93899876793,0,0,0.06,6.0,Low Risk
704,France,Male,20,3,66743.71469321214,1,0,1,65306.89571687325,0,0,0.01,1.0,Low Risk
830,Germany,Female,32,3,64312.23610465042,3,0,0,64834.12562647795,1,3,0.81,81.0,High Risk
376,Spain,Male,71,4,139919.4890572689,4,1,1,87268.03742986888,0,0,0.02,2.0,Low Risk
528,Spain,Female,87,0,212265.39534083783,2,0,1,12639.501133781196,0,0,0.0,0.0,Low Risk
596,Spain,Male,28,3,180002.1709241733,2,1,1,161472.71528299726,0,0,0.0,0.0,Low Risk
809,France,Male,47,9,122233.67492052562,4,0,1,26179.55674655675,0,0,0.02,2.0,Low Risk
837,France,Female,52,2,63773.60829965853,1,1,1,178734.07857499403,0,0,0.01,1.0,Low Risk
625,France,Male,60,4,189836.8065252552,2,0,0,115320.59186932612,0,1,0.0,0.0,Low Risk
662,Spain,Female,78,9,231561.5494031682,2,0,0,96302.71420466177,0,0,0.0,0.0,Low Risk
658,France,Female,57,4,53255.08024621809,4,1,0,132161.08907259983,0,1,0.0,0.0,Low Risk
623,Spain,Female,59,7,199773.4303031826,1,1,1,186620.81512845965,0,2,0.1,10.0,Low Risk
625,France,Male,59,0,43111.38212056126,2,0,1,59340.43287311738,1,11,0.98,98.0,High Risk
464,Spain,Female,20,2,225195.7445691893,1,1,1,54044.45529544129,0,2,0.01,1.0,Low Risk
754,Germany,Male,38,4,160512.47347145152,4,0,1,73981.91234093429,1,2,0.18,18.0,Low Risk
452,France,Female,90,10,45252.50106542875,1,1,1,97366.8637576484,1,3,0.66,66.0,Medium Risk
426,Spain,Female,70,2,9064.882199236568,1,1,1,15150.16132356101,0,0,0.01,1.0,Low Risk
492,Germany,Male,61,5,173654.0734046017,3,0,0,136000.64148735427,0,0,0.01,1.0,Low Risk
829,Germany,Male,63,9,151525.45601321163,2,0,0,104183.68738946028,1,3,0.95,95.0,High Risk
309,France,Female,54,2,152829.4541266848,2,0,1,107988.18045866046,0,1,0.04,4.0,Low Risk
391,Spain,Male,55,5,120565.47974491958,2,0,0,49936.765937260585,0,1,0.0,0.0,Low Risk
438,France,Female,55,7,153610.78585218664,1,0,0,168121.54908706964,0,1,0.01,1.0,Low Risk
780,Germany,Male,28,3,218305.77312221008,4,1,1,79617.81869702002,0,0,0.02,2.0,Low Risk
748,France,Male,62,7,238000.3953968332,1,0,0,130456.03769614834,0,0,0.01,1.0,Low Risk
632,Spain,Female,81,6,86126.98919116291,2,1,0,48019.7988572967,0,0,0.02,2.0,Low Risk
639,Germany,Male,61,10,121967.99203708432,2,1,1,163260.31792792652,0,0,0.01,1.0,Low Risk
351,France,Female,79,10,68256.96918208615,2,1,1,59950.233633039286,0,0,0.0,0.0,Low Risk
765,France,Female,78,3,102896.33732007744,2,1,0,184338.16237679945,0,0,0.01,1.0,Low Risk
774,France,Male,29,2,198972.13853450335,4,1,1,90963.97261742792,0,0,0.0,0.0,Low Risk
700,France,Female,26,4,106247.2846037502,3,1,1,29038.565173469757,0,0,0.0,0.0,Low Risk
738,France,Male,84,4,97910.1031319584,1,0,1,122242.7411833755,1,6,0.99,99.0,High Risk
808,Germany,Male,91,6,212527.77598779253,4,0,1,111331.24817371563,0,0,0.01,1.0,Low Risk
452,Germany,Female,19,10,318.09042369873583,3,1,0,84292.6559809634,0,0,0.03,3.0,Low Risk
813,Spain,Male,25,0,213047.01906391425,2,0,0,163944.00089925568,0,1,0.04,4.0,Low Risk
802,France,Female,60,8,45351.99151964478,4,0,0,84263.52603227965,0,0,0.0,0.0,Low Risk
305,Spain,Female,35,1,68627.99376065856,4,0,0,27253.13901958487,0,0,0.0,0.0,Low Risk
799,Germany,Male,69,8,90402.26713357294,4,0,1,5726.325469394242,1,3,0.85,85.0,High Risk
417,France,Male,56,8,220163.05771337752,1,0,1,178433.6189774208,0,1,0.02,2.0,Low Risk
784,Spain,Female,48,2,227170.38521095537,3,1,0,93345.98228156488,0,0,0.0,0.0,Low Risk
767,France,Female,31,6,165294.63932458466,3,0,0,112596.7416373595,0,0,0.02,2.0,Low Risk
460,France,Female,81,2,109860.7161406532,1,1,1,22957.05814194196,0,0,0.01,1.0,Low Risk
569,Spain,Male,61,7,129031.95258122412,3,1,1,97887.58095498272,0,0,0.0,0.0,Low Risk
355,Germany,Male,77,7,145100.4023070008,2,0,0,106677.64500897864,0,0,0.01,1.0,Low Risk
527,Spain,Female,19,2,238497.7011358588,4,1,1,93055.90410951443,0,1,0.01,1.0,Low Risk
448,Spain,Male,49,4,242291.80003897296,3,1,1,190824.410587146,0,1,0.05,5.0,Low Risk
345,Spain,Female,53,6,211833.2319867146,3,0,1,114281.3060041772,1,5,0.99,99.0,High Risk
443,France,Male,72,0,145932.17666721455,4,1,1,194877.7066531985,0,0,0.02,2.0,Low Risk
639,Germany,Female,80,2,97683.61856123536,2,0,0,30675.10963206765,0,0,0.0,0.0,Low Risk
712,Germany,Female,86,0,57569.979171469,2,1,0,182838.73658719088,1,7,1.0,100.0,High Risk
819,France,Female,57,1,133613.96508468513,3,0,0,110588.74329403108,0,0,0.0,0.0,Low Risk
643,Germany,Female,41,6,86407.72324515456,2,0,0,59234.33126935137,1,10,0.96,96.0,High Risk
686,Spain,Female,75,6,18186.124410280365,1,1,1,149150.84561314678,0,1,0.01,1.0,Low Risk
772,Germany,Female,45,2,119055.18959618904,4,1,1,111256.86907246264,1,6,1.0,100.0,High Risk
574,France,Male,79,5,142771.54582756516,4,1,1,115139.52453721824,0,1,0.01,1.0,Low Risk
652,Germany,Female,42,5,152828.7859933228,1,1,0,34396.092639738934,0,0,0.0,0.0,Low Risk
365,France,Female,24,1,18453.470244262997,2,0,0,135991.27160633064,0,0,0.0,0.0,Low Risk
378,Spain,Female,55,8,120777.54553905004,2,0,1,58834.99367715813,0,0,0.0,0.0,Low Risk
501,France,Female,88,7,163978.26256231876,4,1,1,71159.25219453417,1,6,1.0,100.0,High Risk
412,Germany,Female,62,1,240266.01743952953,1,0,0,181316.21410263935,0,2,0.15,15.0,Low Risk
390,Spain,Male,49,3,6261.45212211518,1,1,0,35907.84184152169,0,0,0.0,0.0,Low Risk
440,Germany,Female,49,8,169070.57536160946,4,1,0,177330.1686118276,0,0,0.02,2.0,Low Risk
588,France,Female,18,3,15584.352500661147,3,0,1,100088.60733160654,0,0,0.0,0.0,Low Risk
710,Spain,Female,91,6,39710.87180599383,4,1,0,35710.255755366066,0,0,0.01,1.0,Low Risk
676,France,Female,62,4,43326.99291743472,3,0,1,162321.65611888352,1,4,0.97,97.0,High Risk
683,Germany,Male,81,9,82218.10923877134,3,0,0,130502.81334773796,0,0,0.03,3.0,Low Risk
451,France,Male,85,5,207824.75862646493,3,0,0,69370.64684132388,1,5,0.97,97.0,High Risk
618,Germany,Female,24,0,214059.31373466103,4,0,0,60152.20737201179,1,3,0.71,71.0,Medium Risk
668,Germany,Female,55,3,93737.97816279792,1,0,0,84194.41530043032,0,0,0.0,0.0,Low Risk
761,Spain,Male,87,4,107825.70681293546,1,0,0,27251.330539355524,1,4,0.98,98.0,High Risk
311,Spain,Female,70,5,54257.67802661771,1,0,1,161851.80476325873,0,1,0.01,1.0,Low Risk
455,France,Male,90,5,108128.44776432795,4,1,1,55738.48998154386,1,3,0.82,82.0,High Risk
776,Germany,Female,47,4,68708.60808794516,4,0,0,165375.19662107184,0,0,0.01,1.0,Low Risk
700,Germany,Male,39,2,43720.6613110031,2,1,0,146263.37950697835,0,2,0.03,3.0,Low Risk
476,Spain,Male,75,10,39617.01739354448,4,0,1,188367.7022544628,0,2,0.09,9.0,Low Risk
640,Spain,Female,90,1,193911.78784622863,1,1,1,19837.283450151317,1,5,0.99,99.0,High Risk
356,Spain,Female,72,6,29236.597637229745,2,0,1,69842.88640498233,0,0,0.0,0.0,Low Risk
747,Spain,Female,63,0,154008.6179047388,4,0,1,124780.59086268846,1,9,0.98,98.0,High Risk
502,France,Female,43,4,41870.50332513439,4,0,0,171716.75082079138,1,6,0.97,97.0,High Risk
501,France,Male,81,3,209459.8547762581,4,1,1,31134.282216259147,0,1,0.03,3.0,Low Risk
629,France,Male,26,6,68616.76703419842,2,1,1,172281.0856595465,0,1,0.0,0.0,Low Risk
662,France,Female,32,1,11223.370881049826,2,0,0,13404.409000989725,0,1,0.03,3.0,Low Risk
753,Spain,Male,36,10,113018.28966347824,3,1,1,94876.62749193174,0,0,0.0,0.0,Low Risk
655,France,Female,33,7,249949.27820299056,2,0,0,16898.002906307986,0,0,0.01,1.0,Low Risk
515,France,Female,42,8,203284.2755692111,1,1,1,29982.545612380098,0,1,0.0,0.0,Low Risk
322,France,Female,68,9,142565.62313831085,1,1,1,154986.28713882295,1,2,0.69,69.0,Medium Risk
454,Spain,Male,63,0,47359.70211710522,4,0,1,3736.0210733557246,0,0,0.02,2.0,Low Risk
485,Germany,Female,24,4,29376.25941714625,1,0,1,111077.2229272576,0,0,0.02,2.0,Low Risk
548,Spain,Male,51,3,209637.63485873232,1,1,0,19669.39740398944,0,1,0.0,0.0,Low Risk
433,Germany,Female,75,4,196926.85135647916,1,1,1,162254.18322115485,0,0,0.01,1.0,Low Risk
620,Germany,Male,40,8,115547.14129261643,1,1,1,161635.3168340331,0,0,0.0,0.0,Low Risk
689,France,Male,40,2,105352.4217030386,2,0,0,140561.02232046486,0,1,0.0,0.0,Low Risk
733,France,Male,34,0,187168.19731881184,1,1,0,151190.11743171662,1,6,0.98,98.0,High Risk
321,France,Male,30,10,134009.41229292177,4,0,1,118159.49623703751,0,0,0.01,1.0,Low Risk
424,Spain,Female,44,2,101042.31292194228,2,1,1,97103.37281440146,0,1,0.0,0.0,Low Risk
378,Spain,Male,83,3,62930.21401195653,3,1,0,82034.5673625449,1,3,0.8,80.0,High Risk
350,France,Male,47,1,30640.876226271153,1,0,1,132266.72336883817,0,1,0.0,0.0,Low Risk
475,Spain,Female,21,0,148698.36791822326,3,0,1,76565.9870973555,0,0,0.0,0.0,Low Risk
552,Spain,Male,84,0,206512.2119281206,3,0,0,568.3877271121665,0,0,0.01,1.0,Low Risk
545,Germany,Female,31,7,186545.7781422777,4,1,0,20158.900738166507,1,4,0.96,96.0,High Risk
405,Spain,Male,28,3,174079.6131165407,3,1,1,130366.57147216526,0,1,0.0,0.0,Low Risk
492,Germany,Female,57,1,232213.0272958576,1,1,1,72990.6131036999,0,0,0.02,2.0,Low Risk
615,France,Male,20,9,98629.18566906871,4,0,0,197910.50946353155,0,0,0.03,3.0,Low Risk
601,Spain,Male,18,2,34304.39178416608,4,0,1,70790.40772354862,0,0,0.0,0.0,Low Risk
847,Germany,Male,26,7,25487.27579432275,2,0,0,21693.78657765584,0,2,0.14,14.0,Low Risk
567,Spain,Male,90,5,238753.0190372213,4,1,0,65683.06774657188,0,2,0.1,10.0,Low Risk
469,Germany,Female,18,7,147241.05396143495,3,1,0,137372.95764907112,0,0,0.01,1.0,Low Risk
754,Germany,Male,33,9,202698.3104004631,1,1,1,105659.93255749372,0,0,0.04,4.0,Low Risk
591,Spain,Female,89,4,133889.96354385398,2,0,0,122063.02536142444,1,7,0.99,99.0,High Risk
440,France,Female,63,2,99623.59912137275,3,1,0,22256.28999391724,0,1,0.02,2.0,Low Risk
445,Germany,Female,27,5,50067.41271674608,4,0,1,165398.02726219245,0,1,0.0,0.0,Low Risk
724,France,Female,50,9,214102.0862357795,1,1,0,180478.41250081276,1,9,0.96,96.0,High Risk
613,Spain,Male,58,7,15878.809323074369,4,0,0,29078.543925253536,0,1,0.0,0.0,Low Risk
483,Spain,Male,68,4,225058.2181471765,2,1,0,125231.07199941188,1,1,0.59,59.0,Medium Risk
427,France,Male,39,4,51253.19471987214,2,1,0,45960.71945822603,0,0,0.0,0.0,Low Risk
586,Spain,Male,33,2,2382.7614807841733,1,0,0,36462.8335159904,0,0,0.0,0.0,Low Risk
552,Germany,Male,79,2,25974.278782258305,3,0,1,40921.56479941531,0,1,0.04,4.0,Low Risk
685,France,Male,70,7,220877.1780620667,1,0,0,104268.80430315949,1,5,0.99,99.0,High Risk
529,Spain,Female,31,10,18426.79429789798,3,0,0,177181.17843001185,0,0,0.01,1.0,Low Risk
570,Spain,Female,76,0,88810.14668615158,1,1,1,163722.68079858433,0,0,0.0,0.0,Low Risk
714,France,Male,43,3,62579.14275181339,2,0,1,28685.249173777785,0,0,0.0,0.0,Low Risk
497,Germany,Male,61,8,9213.663021247545,2,1,0,101988.86407953482,1,5,0.99,99.0,High Risk
622,France,Male,37,5,132866.71348987025,4,1,0,30185.418244210257,0,0,0.0,0.0,Low Risk
355,Spain,Female,22,5,249583.22805533945,2,1,0,87615.31816384835,0,1,0.0,0.0,Low Risk
502,Spain,Male,82,9,213251.8700198803,4,0,1,112509.54610953244,0,1,0.0,0.0,Low Risk
437,France,Male,28,10,42223.15547304223,2,0,1,162317.68850018247,0,1,0.0,0.0,Low Risk
721,Germany,Male,64,10,221079.00218291025,2,0,0,172262.22694362843,0,1,0.06,6.0,Low Risk
356,Germany,Female,27,6,112948.37028045354,4,0,1,5549.710017427653,0,1,0.0,0.0,Low Risk
370,Germany,Female,78,10,68312.636677768,1,0,1,137846.18675163263,0,0,0.03,3.0,Low Risk
671,France,Male,62,6,160076.46822517255,1,0,0,82037.70589683647,1,5,1.0,100.0,High Risk
813,Germany,Female,64,5,54173.70413464875,1,0,1,98995.80900140158,0,1,0.04,4.0,Low Risk
383,Germany,Female,51,8,219912.9466800996,3,0,0,44376.37038134604,0,0,0.0,0.0,Low Risk
342,Germany,Female,30,7,156046.04800782757,3,1,1,6863.587892340628,0,0,0.0,0.0,Low Risk
432,Germany,Male,40,7,34005.470442673715,2,1,0,167079.68961159253,0,0,0.01,1.0,Low Risk
694,Spain,Male,53,1,142662.2182373671,2,0,1,46133.298636968255,0,0,0.0,0.0,Low Risk
364,France,Female,80,6,127592.76060230164,2,1,1,176060.7020328333,1,3,0.64,64.0,Medium Risk
589,France,Female,64,0,117863.88271278386,4,0,1,13949.715608816,0,0,0.0,0.0,Low Risk
675,Germany,Female,83,9,91243.980378259,3,0,1,81692.44004701127,1,4,0.99,99.0,High Risk
766,France,Male,31,7,118551.38054326506,3,0,0,148471.7397305378,0,1,0.0,0.0,Low Risk
512,France,Female,70,2,146502.87091493263,1,1,0,51356.94551172286,0,0,0.0,0.0,Low Risk
447,Spain,Female,83,10,183392.3290501997,3,0,0,193483.01396443284,0,2,0.17,17.0,Low Risk
770,France,Male,66,8,229468.89527966152,4,1,1,127502.8864501308,0,0,0.01,1.0,Low Risk
448,Spain,Female,33,4,11096.023830378135,4,1,0,43486.28940320368,1,1,0.63,63.0,Medium Risk
387,France,Female,85,6,142336.0046895227,4,0,1,158724.46412969037,0,0,0.01,1.0,Low Risk
623,Spain,Male,60,6,187993.4944258185,4,1,0,196913.74512723053,0,0,0.03,3.0,Low Risk
695,Spain,Female,82,8,28888.533341645707,2,1,0,49826.21637767014,0,0,0.0,0.0,Low Risk
703,France,Female,26,1,227874.44836386453,4,0,1,164502.75171224005,0,1,0.0,0.0,Low Risk
381,Spain,Female,38,3,61247.44046661318,1,0,0,195453.0644060955,0,0,0.0,0.0,Low Risk
585,Spain,Female,60,7,208332.9798023708,4,0,0,44153.955772375426,0,0,0.0,0.0,Low Risk
681,France,Male,83,4,165501.66627897427,3,0,1,46913.571948702825,1,5,1.0,100.0,High Risk
569,Spain,Male,21,10,139886.64842289346,4,0,0,143425.52463221943,0,0,0.0,0.0,Low Risk
591,Spain,Male,24,4,217310.5932287976,1,1,0,190132.31248420005,1,4,0.96,96.0,High Risk
752,Spain,Female,75,2,242308.62241891256,3,1,1,139058.15175554762,0,0,0.01,1.0,Low Risk
323,Spain,Male,21,4,249282.7164886334,3,1,0,100927.70546858408,0,1,0.0,0.0,Low Risk
610,Spain,Male,37,6,170820.2537647201,3,1,1,21054.84306053758,0,1,0.0,0.0,Low Risk
760,Germany,Female,52,3,84782.77265843198,2,1,1,184875.79702559323,0,0,0.01,1.0,Low Risk
507,Spain,Male,76,7,218674.81197993323,3,0,0,13829.466721544544,0,2,0.42,42.0,Low Risk
737,Spain,Female,62,10,163587.07724524682,2,1,0,42315.24324166268,0,0,0.0,0.0,Low Risk
837,Spain,Female,31,5,80832.2996023909,4,0,1,90155.03887112335,0,0,0.0,0.0,Low Risk
635,Spain,Female,39,5,233091.15861747152,1,1,0,100129.42998676164,0,3,0.28,28.0,Low Risk
721,France,Male,65,5,186912.5994901495,3,1,0,11045.151444928784,1,4,1.0,100.0,High Risk
620,Germany,Male,47,3,113206.9509902145,4,1,1,16468.79651510017,1,8,0.91,91.0,High Risk
796,France,Female,46,2,113622.6482914551,2,0,0,25033.8244322128,0,0,0.0,0.0,Low Risk
462,Germany,Male,53,9,248982.14263831064,2,1,1,7948.84493529257,0,0,0.01,1.0,Low Risk
840,Spain,Female,59,5,93427.27612660776,1,0,1,195489.54235122752,0,1,0.02,2.0,Low Risk
464,Spain,Male,46,5,23520.16947410235,4,1,1,47597.45823450857,1,4,0.98,98.0,High Risk
594,Germany,Male,24,1,134640.38004944797,1,1,1,175905.46545147596,0,1,0.0,0.0,Low Risk
341,Germany,Male,49,9,221213.51264080429,1,0,1,156869.40517550273,1,6,0.98,98.0,High Risk
584,France,Male,30,8,146129.94651204086,3,0,1,141179.92644846614,0,0,0.01,1.0,Low Risk
686,Germany,Male,30,3,198271.86818344975,3,1,0,131586.61281044025,0,0,0.0,0.0,Low Risk
437,Spain,Female,71,3,13716.174814027094,1,1,0,99728.68840771128,0,1,0.03,3.0,Low Risk
486,France,Male,31,9,168348.68538254802,3,1,1,112770.1495793633,0,0,0.0,0.0,Low Risk
730,Germany,Male,23,10,19798.52914237204,4,1,0,178132.7679378477,0,0,0.01,1.0,Low Risk
715,Germany,Male,33,7,139089.17017494692,2,0,0,155507.2149284919,1,2,0.7,70.0,Medium Risk
725,France,Male,58,2,124441.85892690394,2,1,1,46173.18650685685,0,0,0.0,0.0,Low Risk
715,Germany,Male,69,9,236401.10633460156,3,0,1,20855.115254461845,1,3,0.95,95.0,High Risk
325,Spain,Female,33,6,33116.1001682978,4,0,1,58754.07616917886,0,1,0.0,0.0,Low Risk
670,France,Female,22,6,2372.8521449497275,3,1,0,26513.99873967921,0,0,0.0,0.0,Low Risk
684,Germany,Female,41,1,34338.68841449494,4,0,0,190893.02036275537,0,1,0.03,3.0,Low Risk
355,Spain,Male,60,2,42676.53538537766,2,1,0,76552.83098077262,0,0,0.01,1.0,Low Risk
552,Germany,Male,82,3,62727.86688228757,4,1,1,34653.97780972092,0,0,0.0,0.0,Low Risk
405,France,Female,27,1,203772.1891981352,2,0,0,124477.36790258298,0,0,0.0,0.0,Low Risk
429,Germany,Female,76,8,94220.20863494744,3,0,1,79652.13629831448,0,0,0.03,3.0,Low Risk
675,Germany,Female,52,9,210189.39699746473,4,1,1,43600.33698623979,0,0,0.03,3.0,Low Risk
607,Germany,Female,48,10,67983.46497810131,3,1,0,11543.699190184265,1,6,0.99,99.0,High Risk
390,Spain,Male,28,5,215135.27955420015,1,0,0,18502.6406789167,0,1,0.0,0.0,Low Risk
692,Spain,Female,26,0,2022.6107622427492,1,0,0,112667.89618042564,0,1,0.01,1.0,Low Risk
833,Germany,Male,83,0,233633.8676312072,3,0,1,150071.72274159992,1,2,0.75,75.0,Medium Risk
409,Germany,Female,61,7,186512.30528104535,2,1,0,185157.70732399615,1,5,1.0,100.0,High Risk
639,France,Male,33,10,103182.61994154735,4,1,1,117090.95082525603,0,0,0.01,1.0,Low Risk
655,Germany,Male,65,5,144333.75482095187,3,0,0,130546.26831726468,0,2,0.45,45.0,Low Risk
467,France,Male,70,9,233254.19354815924,2,1,0,48404.79332914357,0,1,0.02,2.0,Low Risk
751,Spain,Female,82,6,145640.07966396873,4,1,0,54879.88795346846,1,10,0.97,97.0,High Risk
404,Germany,Male,65,5,57142.13091245929,3,0,1,83518.68592673163,0,1,0.0,0.0,Low Risk
449,France,Male,87,1,143218.47565463666,3,0,0,173748.30831252757,1,3,0.78,78.0,High Risk
445,Spain,Female,63,2,217861.82343490643,2,0,0,87075.57139385633,0,1,0.02,2.0,Low Risk
598,France,Female,50,7,246862.49461097785,4,1,1,47934.50586932653,1,10,0.99,99.0,High Risk
466,Spain,Female,69,3,146020.81722866144,4,1,0,183900.32577655537,0,1,0.01,1.0,Low Risk
347,Germany,Female,72,7,38911.29370149066,2,0,1,82293.0110572068,1,5,0.97,97.0,High Risk
538,France,Female,68,2,192938.11028870664,3,1,0,15911.262980577689,0,0,0.01,1.0,Low Risk
306,Germany,Female,57,1,249227.8359767224,2,1,1,109099.56203605566,0,1,0.12,12.0,Low Risk
763,France,Male,42,6,118408.9861854284,2,0,0,125290.86171407715,0,0,0.0,0.0,Low Risk
752,Spain,Male,80,0,95933.19175743472,3,0,0,191077.26057148297,0,0,0.01,1.0,Low Risk
670,France,Female,39,10,138125.161478744,4,1,0,161321.6683299265,0,0,0.01,1.0,Low Risk
848,France,Female,55,2,41191.544961707325,1,1,0,20231.614637716924,0,0,0.03,3.0,Low Risk
786,Germany,Male,26,1,242820.84612589717,1,1,0,102389.8850174984,1,6,0.99,99.0,High Risk
510,Germany,Male,54,4,209583.6714353938,2,0,1,86828.42637333613,1,6,1.0,100.0,High Risk
464,Germany,Male,22,1,28247.67771844294,4,1,1,78694.7944246702,0,0,0.0,0.0,Low Risk
424,Spain,Female,39,9,236270.37433228688,3,1,1,27971.238160200763,0,0,0.01,1.0,Low Risk
636,Germany,Male,29,4,235704.8643845399,4,1,1,75073.77593221176,0,0,0.0,0.0,Low Risk
491,France,Male,77,2,79088.68743960392,2,0,0,94023.24480850718,1,6,0.97,97.0,High Risk
513,Spain,Female,61,8,154785.51577459162,4,1,0,43782.45210214223,0,0,0.0,0.0,Low Risk
627,Germany,Female,39,9,27688.57133901073,4,1,0,115175.38931831288,1,4,0.99,99.0,High Risk
680,France,Female,23,8,21047.85010060439,3,1,0,44264.11378809875,0,2,0.0,0.0,Low Risk
538,France,Male,44,7,125448.64023676176,1,0,1,24272.437803043988,0,0,0.0,0.0,Low Risk
831,Spain,Female,72,4,12419.51725626672,4,0,1,196797.1981787865,0,1,0.04,4.0,Low Risk
381,France,Male,32,9,218722.9024941527,4,1,1,137683.31688289237,0,0,0.0,0.0,Low Risk
662,Germany,Male,81,10,232023.8452193946,1,1,0,118963.67205664844,0,1,0.04,4.0,Low Risk
804,France,Female,34,6,16826.602855826488,4,0,0,65507.48687518438,0,0,0.01,1.0,Low Risk
501,Germany,Male,20,1,11821.180667604876,4,1,1,41675.92873865214,0,0,0.0,0.0,Low Risk
803,Germany,Female,27,2,55354.45527108215,4,1,1,26307.89489495474,0,1,0.02,2.0,Low Risk
336,Spain,Female,80,10,232489.58972800957,1,0,0,12534.163106470318,1,4,0.97,97.0,High Risk
701,France,Female,80,1,192253.6567423327,2,0,0,139945.53036671047,0,2,0.05,5.0,Low Risk
475,Spain,Female,79,9,169124.44681304612,1,1,1,55247.74759990624,1,3,0.95,95.0,High Risk
844,Spain,Male,26,10,194086.8025342831,1,0,1,63631.88939720652,0,1,0.0,0.0,Low Risk
766,Spain,Female,41,0,49869.1954760255,2,1,0,32206.45795531067,0,0,0.0,0.0,Low Risk
500,Germany,Male,49,2,64147.090730849064,3,0,1,23441.603620617643,0,0,0.0,0.0,Low Risk
839,Germany,Male,20,3,79407.15897122122,1,0,0,99004.0140457583,1,6,0.99,99.0,High Risk
846,Germany,Female,50,8,151266.4783796673,4,1,1,145505.67432014,0,1,0.03,3.0,Low Risk
693,Germany,Male,60,1,152055.01639530837,3,0,1,198186.57025205944,0,0,0.02,2.0,Low Risk
341,France,Female,29,8,52151.93178080296,3,0,0,67906.07523676116,0,0,0.0,0.0,Low Risk
692,France,Female,49,0,109181.79327017868,2,1,1,132771.09885131274,1,9,0.99,99.0,High Risk
740,Germany,Female,37,8,172504.97221586623,3,1,1,23222.0589677022,1,11,0.99,99.0,High Risk
805,Germany,Male,84,5,77404.82264003418,4,1,0,111139.7469235825,0,0,0.01,1.0,Low Risk
619,France,Female,85,7,18869.269721202592,3,1,0,103621.30647269076,0,0,0.0,0.0,Low Risk
514,Spain,Female,34,2,49347.49477114844,4,0,1,6421.23517819307,0,1,0.01,1.0,Low Risk
370,Spain,Male,36,7,41183.904885225806,2,1,0,96602.45796768954,1,5,0.98,98.0,High Risk
535,Germany,Female,21,10,157985.69728158572,3,1,1,99091.7306214044,0,0,0.01,1.0,Low Risk
580,Spain,Female,34,8,17137.246805720486,1,0,1,74410.12309828949,0,0,0.0,0.0,Low Risk
461,Germany,Female,81,6,221187.39383657064,2,1,0,114713.57027991742,1,5,1.0,100.0,High Risk
490,Germany,Female,39,3,21096.78466434886,2,0,1,9122.646940051984,0,0,0.0,0.0,Low Risk
308,Germany,Female,83,5,149477.4345780813,4,0,1,168890.82475177504,1,3,0.91,91.0,High Risk
359,France,Female,59,5,232383.15879227017,2,0,0,104107.29833706073,0,0,0.01,1.0,Low Risk
524,Spain,Male,62,1,15605.732176360993,1,0,1,6439.5602924766545,0,1,0.03,3.0,Low Risk
586,France,Female,28,1,95776.21928959628,3,1,0,196753.7692075039,0,2,0.12,12.0,Low Risk
468,Spain,Female,70,10,81986.44824076323,3,0,1,76356.70005922491,0,1,0.01,1.0,Low Risk
361,France,Female,77,4,86052.19346816429,3,1,0,197345.6888172764,0,0,0.01,1.0,Low Risk
648,France,Female,46,0,150077.86635298008,4,1,1,36074.628154604376,1,7,0.99,99.0,High Risk
741,Germany,Male,37,4,65525.773865512725,1,0,1,6004.135634694446,0,1,0.02,2.0,Low Risk
313,Germany,Female,22,9,6830.739321151691,4,0,0,142679.63440484722,0,0,0.01,1.0,Low Risk
463,France,Male,42,2,240568.7591104787,3,1,0,189085.60823974735,0,0,0.0,0.0,Low Risk
719,Spain,Female,51,2,187193.99644125855,3,0,1,15527.587983108211,0,0,0.01,1.0,Low Risk
819,Spain,Female,29,7,33781.89805891849,1,0,0,147107.9059742979,0,0,0.0,0.0,Low Risk
847,Germany,Male,45,10,113789.21337739885,4,1,0,13850.424087030486,0,1,0.1,10.0,Low Risk
327,Germany,Male,23,2,15680.433303087437,1,0,0,158783.60425914574,0,0,0.01,1.0,Low Risk
745,Spain,Female,36,2,6964.082849373665,3,1,0,116257.21972151945,1,1,0.64,64.0,Medium Risk
507,Spain,Female,29,0,11877.932858578604,1,0,1,156366.8511773535,0,0,0.0,0.0,Low Risk
769,Spain,Female,42,7,188944.43311992745,1,0,0,74302.94960372207,0,1,0.0,0.0,Low Risk
403,Germany,Female,30,9,111230.9893167796,4,1,1,181077.8172451732,0,2,0.07,7.0,Low Risk
725,Spain,Female,20,9,211099.22880031113,4,0,0,60539.31789993004,0,1,0.0,0.0,Low Risk
400,Germany,Female,41,5,76303.77601859542,1,1,0,56647.8742969168,1,3,0.93,93.0,High Risk
840,France,Male,25,10,193830.4344913118,2,0,0,192127.25369644188,0,0,0.01,1.0,Low Risk
821,France,Female,62,7,19483.639487525517,2,1,1,24572.01562038338,0,0,0.0,0.0,Low Risk
405,France,Female,89,2,158777.03940541737,4,0,0,118515.47497917945,1,5,0.99,99.0,High Risk
576,Spain,Female,18,10,90150.4783948378,3,1,1,114805.5521075243,0,0,0.0,0.0,Low Risk
364,Germany,Male,20,5,69181.23165015316,3,1,0,47355.227710689695,0,0,0.0,0.0,Low Risk
487,Spain,Male,82,1,203777.2735376565,4,0,0,63422.77659684259,1,3,0.97,97.0,High Risk
616,Germany,Male,32,2,12980.529901443717,4,1,0,57324.79245361164,0,1,0.02,2.0,Low Risk
437,Spain,Female,67,3,237382.86517155592,1,1,0,169215.04290067012,0,0,0.04,4.0,Low Risk
642,France,Male,37,8,196386.39146561504,3,0,0,77916.72374244899,0,1,0.01,1.0,Low Risk
404,Germany,Female,20,3,88902.31848180621,2,0,1,71746.66954689435,1,7,0.99,99.0,High Risk
845,Spain,Female,78,6,247833.24786362937,4,1,0,127347.79196882973,0,1,0.04,4.0,Low Risk
679,Germany,Female,32,7,50622.3097794257,4,1,1,99106.38883627328,0,0,0.02,2.0,Low Risk
409,Germany,Female,76,4,100603.50332329085,3,1,0,85200.40666352859,1,2,0.77,77.0,High Risk
844,Spain,Female,71,1,221219.88407319068,3,0,0,141887.00269752563,0,1,0.03,3.0,Low Risk
653,Spain,Female,77,10,249201.7712006317,2,0,0,82529.73230056229,1,5,1.0,100.0,High Risk
616,Germany,Female,54,7,59778.20533614225,4,1,0,44439.41667396318,0,1,0.01,1.0,Low Risk
565,Germany,Male,38,4,185778.35159333536,2,0,0,148371.86707324965,1,5,0.99,99.0,High Risk
364,France,Male,40,4,76432.33265888863,1,1,0,13572.141930616504,1,7,0.97,97.0,High Risk
632,Germany,Male,35,6,191618.1676784015,1,0,1,199935.33298564504,0,0,0.02,2.0,Low Risk
812,France,Female,34,5,31321.00370006144,4,0,0,119330.2361372562,1,7,0.95,95.0,High Risk
432,France,Male,48,2,84042.48344364145,1,1,0,43268.29722329254,0,1,0.02,2.0,Low Risk
839,France,Female,81,6,18749.896388620848,3,0,1,39644.2748722939,0,0,0.03,3.0,Low Risk
834,Germany,Male,65,0,122974.23006007192,3,0,0,54750.42640655755,1,10,0.98,98.0,High Risk
795,France,Male,43,3,175375.13818843703,3,0,0,175855.58956431434,0,1,0.0,0.0,Low Risk
668,Germany,Female,39,3,94654.02208043412,2,1,0,165339.43507419428,0,0,0.01,1.0,Low Risk
398,Germany,Male,62,5,153679.23125058648,3,0,1,28914.181398599907,0,0,0.0,0.0,Low Risk
616,Spain,Female,53,5,142271.69056310793,2,1,0,120012.12912386494,0,2,0.14,14.0,Low Risk
422,Germany,Male,81,9,73649.12935434251,4,0,0,182181.47807262375,1,4,1.0,100.0,High Risk
619,Germany,Male,52,7,121694.54697524704,4,1,1,146629.54235215706,0,0,0.0,0.0,Low Risk
794,France,Male,44,0,17254.760749789322,3,0,1,117495.61313449718,0,0,0.0,0.0,Low Risk
756,Germany,Female,85,6,114978.3199440084,3,0,0,41733.97242676108,0,1,0.01,1.0,Low Risk
821,Germany,Female,34,3,114547.37357813552,4,0,1,188706.242274259,0,2,0.09,9.0,Low Risk
819,Spain,Male,87,5,7179.477714354038,2,1,1,178361.91072115983,0,0,0.01,1.0,Low Risk
614,Spain,Male,28,9,128468.31202912577,2,0,1,64251.77421545719,0,1,0.01,1.0,Low Risk
841,France,Female,22,8,184423.41648922968,2,1,0,99542.02176608882,0,0,0.01,1.0,Low Risk
778,France,Male,75,2,113063.04370914832,1,1,0,16377.311353638865,1,5,1.0,100.0,High Risk
319,Spain,Male,74,7,161506.38034373714,1,1,0,126294.7927981315,1,10,0.99,99.0,High Risk
429,Spain,Female,91,2,133105.24216714545,3,0,0,10885.309632626955,0,0,0.0,0.0,Low Risk
592,Germany,Male,91,5,196294.69365933555,3,0,0,181204.29003910092,1,6,1.0,100.0,High Risk
431,France,Male,91,1,128613.81631393428,4,0,1,176079.73353044738,0,0,0.02,2.0,Low Risk
655,France,Female,31,8,82902.25352672373,3,0,1,56297.79193867279,0,0,0.0,0.0,Low Risk
353,Germany,Female,89,1,206892.1923942114,4,1,0,148412.35271723033,0,2,0.16,16.0,Low Risk
686,Germany,Female,18,4,16905.353671655244,1,1,1,87877.07529507087,0,1,0.0,0.0,Low Risk
564,France,Female,33,5,72364.06146877089,3,0,0,169073.86951655574,0,1,0.0,0.0,Low Risk
514,Spain,Male,43,3,147871.1078907592,2,1,1,12303.346005680192,0,0,0.0,0.0,Low Risk
759,Spain,Female,66,6,214006.62923681605,4,1,1,101146.37840850525,0,0,0.0,0.0,Low Risk
757,Germany,Female,59,6,18035.45929915834,2,1,0,79483.55775833206,0,0,0.02,2.0,Low Risk
342,France,Male,87,6,24013.23318505183,1,0,0,52081.02856711872,0,1,0.03,3.0,Low Risk
577,Germany,Female,83,10,70596.25531488298,2,1,0,41864.03280982687,1,4,1.0,100.0,High Risk
429,Spain,Female,70,6,86142.98854894642,2,0,1,135309.7473290728,0,0,0.01,1.0,Low Risk
649,Spain,Male,26,9,210884.5613187171,3,0,0,40387.543677525915,0,2,0.03,3.0,Low Risk
843,Germany,Female,86,10,239725.80429366548,2,0,0,126442.90152202136,1,3,0.99,99.0,High Risk
405,Spain,Female,57,9,4307.171946465987,2,1,1,77948.22828296784,0,0,0.02,2.0,Low Risk
300,France,Male,73,8,3839.0278438326377,1,1,1,48530.01860842227,0,0,0.07,7.0,Low Risk
731,Germany,Female,22,1,216202.5822189218,2,0,0,156745.16575747967,0,0,0.01,1.0,Low Risk
605,Germany,Female,73,4,33904.24331691955,4,1,0,72785.16866628859,0,0,0.0,0.0,Low Risk
826,Germany,Male,89,9,84834.04031583894,2,0,0,2999.4574342461397,0,2,0.14,14.0,Low Risk
352,Spain,Male,22,8,68803.38184136253,4,0,1,170230.53282941366,0,1,0.0,0.0,Low Risk
819,France,Female,86,10,70467.05402746264,3,0,0,62912.40857911965,0,1,0.05,5.0,Low Risk
629,Germany,Female,69,10,82147.97453764525,4,0,1,164464.24333442113,0,0,0.01,1.0,Low Risk
624,Germany,Female,90,1,84011.54600350768,4,1,1,109271.28680875716,1,6,1.0,100.0,High Risk
413,Spain,Male,50,2,155038.95984714114,3,0,1,176266.48225514794,1,4,0.98,98.0,High Risk
446,France,Female,39,6,157196.02722876062,3,0,0,83619.38604618955,0,0,0.0,0.0,Low Risk
465,Germany,Female,32,8,130722.9991795259,1,1,0,33903.40361507741,0,0,0.0,0.0,Low Risk
678,Spain,Male,82,2,214635.39395287703,4,1,1,3611.217996034547,0,0,0.01,1.0,Low Risk
438,Germany,Female,88,9,211417.961595432,3,1,1,155708.34324180143,1,6,0.99,99.0,High Risk
598,Spain,Female,40,7,54304.35018137764,2,0,1,155857.79861536634,0,1,0.0,0.0,Low Risk
575,France,Female,23,10,135909.8893801225,1,0,1,39132.20542121049,0,1,0.0,0.0,Low Risk
477,Spain,Male,75,7,195959.27288532577,2,0,1,191091.9109076053,1,4,0.99,99.0,High Risk
653,Germany,Male,43,3,216718.58418922513,2,1,1,189818.55184264755,0,1,0.02,2.0,Low Risk
453,Germany,Female,29,10,63796.44326826589,3,0,1,73106.35132517056,1,9,0.98,98.0,High Risk
500,Spain,Female,19,5,123525.03734936708,1,1,1,29526.332404180208,0,0,0.0,0.0,Low Risk
414,France,Male,49,10,131256.82087641454,1,1,0,56787.07830708248,0,0,0.0,0.0,Low Risk
367,France,Female,67,7,174909.57955497384,3,0,0,185862.41613993212,0,1,0.01,1.0,Low Risk
744,Germany,Male,78,8,82564.809249876,4,0,1,121891.2848026719,0,0,0.0,0.0,Low Risk
744,Germany,Male,28,1,73362.94982292366,1,1,0,182877.3157640373,1,4,0.97,97.0,High Risk
625,Spain,Male,85,0,176399.37142533925,2,1,0,4573.374459307074,0,0,0.02,2.0,Low Risk
658,Spain,Male,51,4,99833.87090049326,4,1,1,198182.86142202825,0,0,0.01,1.0,Low Risk
444,Spain,Male,25,9,1005.986872538306,1,0,1,125602.67426420833,0,1,0.0,0.0,Low Risk
574,France,Female,25,2,234461.64475102175,2,1,1,37154.26445173701,0,1,0.0,0.0,Low Risk
808,France,Male,32,10,37411.373926577005,1,1,0,101360.05323632396,0,0,0.0,0.0,Low Risk
478,Germany,Female,22,5,37158.52898892383,1,0,0,164021.1061872099,1,7,0.98,98.0,High Risk
776,Germany,Female,36,10,204591.4503844905,3,1,0,28225.96995698111,0,0,0.0,0.0,Low Risk
713,Germany,Female,91,0,83875.70774541875,3,0,0,121722.36701346618,0,1,0.02,2.0,Low Risk
452,Spain,Male,26,10,82043.82665456609,4,1,1,138714.8061113603,0,1,0.01,1.0,Low Risk
403,France,Female,74,3,155598.8518450728,1,1,0,82570.44572416332,0,0,0.01,1.0,Low Risk
374,Germany,Female,71,5,14759.663235343778,4,0,0,108324.78782302866,0,0,0.0,0.0,Low Risk
427,Germany,Female,46,1,59240.43144130442,2,0,0,167469.92420312125,0,0,0.02,2.0,Low Risk
644,Germany,Male,36,10,13317.790853310751,3,1,0,190352.3864597723,1,7,0.93,93.0,High Risk
830,Germany,Female,63,10,72877.41543127566,3,0,0,110842.36005103432,0,1,0.03,3.0,Low Risk
458,Germany,Male,79,7,217482.53961986472,4,0,1,140527.66714460173,0,0,0.01,1.0,Low Risk
837,Germany,Male,77,3,227333.1361079952,4,1,1,64567.99844912477,0,0,0.0,0.0,Low Risk
725,France,Female,22,1,77359.17368225048,3,1,1,66818.19254745518,0,0,0.0,0.0,Low Risk
322,Germany,Female,50,0,46896.674072536145,4,1,1,177682.0452109793,1,2,0.74,74.0,Medium Risk
346,France,Male,72,7,33818.99705634383,1,0,0,19740.562759594977,0,0,0.0,0.0,Low Risk
824,Spain,Male,36,9,98604.78020335044,2,0,0,41105.49805911459,0,1,0.02,2.0,Low Risk
443,France,Female,34,0,206601.5711950581,4,1,1,53986.115532150005,0,2,0.01,1.0,Low Risk
718,Spain,Female,59,6,213165.85840689047,2,0,0,18880.31759956952,0,1,0.0,0.0,Low Risk
384,France,Female,39,6,11481.99603807304,1,1,0,133526.68427074738,0,0,0.0,0.0,Low Risk
715,France,Female,56,5,52307.214067119414,2,0,0,181255.5122518762,0,0,0.0,0.0,Low Risk
781,Germany,Female,44,7,50792.56379535832,3,1,1,5408.723002787756,0,0,0.01,1.0,Low Risk
755,France,Male,63,9,207107.54500402015,2,0,1,50466.33964156446,1,6,0.99,99.0,High Risk
596,France,Male,45,0,114073.0789695995,4,0,0,184123.19784521256,0,1,0.02,2.0,Low Risk
411,Germany,Male,69,0,92098.80798889356,4,1,0,93131.5594594668,1,5,1.0,100.0,High Risk
529,Spain,Male,82,0,239151.47276784573,3,0,1,177127.19018168093,0,0,0.0,0.0,Low Risk
395,Germany,Male,56,5,231339.32436166608,3,0,1,188808.38242548265,0,1,0.02,2.0,Low Risk
677,Germany,Female,35,6,110026.67168107178,1,1,0,198187.3544685732,1,4,0.97,97.0,High Risk
455,Germany,Male,39,9,32082.95650072512,3,1,0,79149.13586106747,1,7,0.99,99.0,High Risk
720,Spain,Female,85,8,42750.87170163197,2,1,0,68601.6910774455,0,0,0.0,0.0,Low Risk
404,France,Male,28,9,28020.97931494829,2,0,1,149730.17966056737,0,0,0.0,0.0,Low Risk
629,France,Male,81,4,170125.97092322732,2,0,0,118915.90629165836,0,0,0.01,1.0,Low Risk
738,Germany,Female,88,0,138671.77209884755,2,0,1,131844.14369286533,0,0,0.02,2.0,Low Risk
431,Germany,Male,74,8,139161.1193496817,2,1,0,106477.23989982216,0,1,0.01,1.0,Low Risk
681,France,Male,52,4,24594.463686690604,3,1,0,102833.15734610792,0,1,0.01,1.0,Low Risk
437,France,Male,54,5,198318.7390120893,1,1,1,63000.43626091066,0,1,0.0,0.0,Low Risk
569,France,Male,67,8,133893.22309959505,1,0,1,119124.1187255761,0,0,0.0,0.0,Low Risk
849,Spain,Female,47,1,22742.299083875263,4,1,0,53650.34117460421,0,2,0.07,7.0,Low Risk
695,Spain,Male,34,2,186782.69762616567,2,0,0,71138.208477852,0,1,0.01,1.0,Low Risk
763,Germany,Male,50,6,245324.52616055275,3,0,1,126122.59059691722,1,6,0.98,98.0,High Risk
749,Spain,Male,33,2,110295.12779406043,4,0,0,127328.79442121922,1,6,0.95,95.0,High Risk
630,Germany,Male,32,1,28913.65559653833,1,1,0,115427.62689632838,1,6,0.93,93.0,High Risk
552,France,Male,30,6,25349.78866177692,2,0,1,134949.10484168277,0,1,0.0,0.0,Low Risk
584,France,Male,20,7,6469.882200875826,3,0,1,82388.56494391727,0,0,0.01,1.0,Low Risk
573,Germany,Male,41,8,192599.53661332172,1,1,1,118874.58428618156,1,5,0.98,98.0,High Risk
319,France,Male,40,1,173500.24929179798,3,1,0,19066.254153192287,0,0,0.01,1.0,Low Risk
538,Germany,Female,76,1,146059.8224470787,2,1,0,96750.039294456,0,3,0.3,30.0,Low Risk
569,Germany,Female,72,10,191407.3308438207,3,1,0,117213.00387453102,1,7,1.0,100.0,High Risk
717,Germany,Female,82,6,249824.41710729583,1,0,1,84447.028329551,0,0,0.03,3.0,Low Risk
609,Spain,Male,49,3,100461.9843848208,1,0,0,3402.823770379836,0,4,0.4,40.0,Low Risk
330,Germany,Male,77,4,176452.55628296582,4,1,1,140203.27854647842,0,0,0.03,3.0,Low Risk
403,Germany,Female,47,0,94290.40132170574,3,0,1,91103.38265073496,0,0,0.02,2.0,Low Risk
485,Germany,Female,83,5,88014.47145828017,4,1,0,31147.154099034724,0,2,0.13,13.0,Low Risk
427,Spain,Female,35,9,212730.02422613592,1,0,0,194503.80487478976,0,0,0.01,1.0,Low Risk
509,France,Female,76,7,143690.78537117658,4,1,0,188483.35401737952,0,0,0.03,3.0,Low Risk
713,Spain,Male,70,10,30153.318289730003,4,1,1,31745.689656595332,1,6,1.0,100.0,High Risk
580,Germany,Female,81,0,100878.99947925124,3,0,1,141444.29373183954,0,1,0.02,2.0,Low Risk
552,Spain,Male,47,1,199138.5798818787,3,0,1,103507.86983672249,0,3,0.2,20.0,Low Risk
318,France,Female,35,6,234999.5297638108,4,0,1,57866.45772926502,0,0,0.0,0.0,Low Risk
435,France,Male,22,1,153607.03218051742,2,0,0,136877.5391582626,0,1,0.01,1.0,Low Risk
522,Germany,Male,86,8,98553.42734382112,2,1,0,89570.71238319694,0,0,0.01,1.0,Low Risk
302,France,Male,25,5,62995.597898791304,3,0,0,179702.38660805582,0,0,0.0,0.0,Low Risk
535,Spain,Male,26,4,105505.9245350058,1,0,1,140729.57892820588,1,2,0.68,68.0,Medium Risk
764,Spain,Female,49,6,141413.61945080542,2,1,1,101522.08443610276,0,0,0.0,0.0,Low Risk
527,France,Male,31,9,1104.184072469344,1,0,0,90382.3299325853,0,0,0.0,0.0,Low Risk
798,Germany,Male,30,7,67169.4553519064,3,1,1,6324.826881062061,0,1,0.0,0.0,Low Risk
820,Germany,Female,35,8,167878.98496301737,1,0,0,32179.336644570223,0,0,0.0,0.0,Low Risk
438,Spain,Female,85,5,168307.40538967907,4,0,0,9024.860089268392,1,5,0.99,99.0,High Risk
575,France,Female,39,4,163251.68053369125,1,1,0,12695.285169235569,0,0,0.0,0.0,Low Risk
590,Spain,Female,37,6,237485.5899345666,3,1,1,13427.788813824598,0,0,0.0,0.0,Low Risk
352,Spain,Male,32,1,142136.4150752985,2,1,1,2826.325993724302,0,1,0.0,0.0,Low Risk
409,Spain,Female,24,7,67432.01269546467,4,1,0,158271.3578278282,0,0,0.0,0.0,Low Risk
303,Germany,Male,47,3,202903.17324717712,2,0,0,95719.5417844132,0,0,0.01,1.0,Low Risk
346,France,Female,22,0,97344.3357758442,1,0,0,149832.0430041239,0,3,0.16,16.0,Low Risk
393,France,Male,18,2,59822.63206724459,3,0,1,33553.20415782761,0,0,0.0,0.0,Low Risk
512,Germany,Female,77,8,139187.256104694,3,0,1,168244.44647753914,0,0,0.0,0.0,Low Risk
735,Spain,Female,48,3,72258.60777292239,2,1,0,18830.496810135177,1,2,0.76,76.0,High Risk
807,Spain,Female,37,9,99040.00952823888,4,1,0,64419.41451909695,0,2,0.0,0.0,Low Risk
504,Germany,Female,81,9,173289.38959359258,3,1,0,74146.92404120255,0,1,0.0,0.0,Low Risk
680,France,Male,81,10,248987.0291479345,3,1,0,47153.83869620055,0,0,0.02,2.0,Low Risk
372,Germany,Female,46,2,161182.89845569702,1,0,0,27469.359555737818,0,0,0.04,4.0,Low Risk
815,France,Male,27,3,69119.97588900593,4,0,1,125620.68773921876,0,0,0.0,0.0,Low Risk
375,France,Male,46,2,22616.385125642817,4,1,0,1707.7648862905976,0,2,0.29,29.0,Low Risk
376,France,Female,48,2,90491.90794270331,1,0,1,158329.52993992902,0,0,0.01,1.0,Low Risk
709,Spain,Female,47,1,4827.671388347166,2,1,0,8473.74238857488,1,8,0.88,88.0,High Risk
405,Spain,Male,42,5,116188.68379833936,2,0,1,192809.82667914015,0,1,0.0,0.0,Low Risk
775,Germany,Male,75,9,164995.94178138953,1,1,1,173657.1234759724,0,1,0.0,0.0,Low Risk
574,Germany,Male,74,5,127948.99411562768,3,0,0,82917.66147884117,1,3,0.98,98.0,High Risk
387,Spain,Male,80,9,216320.5755209036,3,0,1,28549.98439733501,1,2,0.77,77.0,High Risk
376,Germany,Male,54,3,123512.52172008064,1,0,1,174128.51003918567,1,3,0.93,93.0,High Risk
376,Spain,Female,75,7,115595.01517902936,1,1,0,128833.20932333358,0,1,0.02,2.0,Low Risk
741,Spain,Female,45,5,77419.29503403089,1,1,1,100960.33620640032,0,0,0.0,0.0,Low Risk
839,France,Male,44,7,209403.4259937746,1,1,1,63888.29170581395,0,0,0.0,0.0,Low Risk
544,France,Female,87,5,225899.6677800928,3,0,0,112260.962814684,0,0,0.0,0.0,Low Risk
681,Spain,Male,54,8,244479.6840767872,4,0,1,83034.64948320517,0,0,0.0,0.0,Low Risk
441,France,Female,23,2,245302.24902349,3,0,1,93078.6426238034,0,0,0.01,1.0,Low Risk
667,Spain,Male,79,2,245105.9065209903,2,0,1,169091.96391135547,0,0,0.0,0.0,Low Risk
383,France,Female,50,1,177989.72860593194,1,0,0,190494.73540842268,0,1,0.0,0.0,Low Risk
442,Germany,Female,57,9,140663.22553256337,2,0,0,192537.3532015583,1,1,0.65,65.0,Medium Risk
651,Germany,Male,58,5,43086.11595416609,3,0,0,181587.75681649783,1,5,1.0,100.0,High Risk
844,Spain,Female,59,6,191765.7947607652,2,1,1,160454.4796968259,0,1,0.04,4.0,Low Risk
451,Spain,Male,26,6,183720.03667436112,3,1,0,90736.88115498754,0,0,0.0,0.0,Low Risk
457,France,Male,35,4,210600.5394256542,3,1,0,17657.826281488185,0,0,0.0,0.0,Low Risk
745,France,Female,32,5,115612.76887391192,2,1,1,126126.00562700989,0,0,0.0,0.0,Low Risk
602,Spain,Male,21,6,223105.3645575923,2,0,0,80410.81488812953,0,0,0.0,0.0,Low Risk
749,Germany,Female,51,10,179668.58622852873,4,0,0,137414.11665660972,0,2,0.07,7.0,Low Risk
523,Germany,Female,79,1,42781.33443720134,1,1,1,44164.80348627156,1,7,0.97,97.0,High Risk
342,Spain,Male,55,9,51725.879232424275,4,0,0,152948.340498435,1,6,1.0,100.0,High Risk
563,Germany,Female,88,6,203566.3802588288,4,0,0,34140.031792393616,0,1,0.01,1.0,Low Risk
302,Spain,Male,40,0,106423.35214011736,3,0,1,161716.82806519922,0,0,0.0,0.0,Low Risk
567,France,Male,37,5,62253.2366609872,1,1,0,182342.54975072996,0,0,0.0,0.0,Low Risk
315,Germany,Female,73,7,105644.12517554485,1,1,0,180062.76393355694,1,2,0.79,79.0,High Risk
633,Germany,Male,70,0,40344.43342102767,3,0,1,69326.37432268173,0,0,0.0,0.0,Low Risk
763,France,Female,19,0,222934.16988988535,2,1,1,77968.39504705304,0,0,0.0,0.0,Low Risk
358,France,Female,38,5,17884.853868799677,1,0,0,167622.65593477822,0,0,0.0,0.0,Low Risk
476,Germany,Male,59,4,88310.37880670933,1,0,1,138434.63023050994,0,1,0.08,8.0,Low Risk
362,Germany,Female,74,2,139232.18982649708,4,1,1,105340.61151842012,0,0,0.01,1.0,Low Risk
606,Spain,Male,66,9,218411.40646128036,3,1,0,192115.8722144122,0,0,0.0,0.0,Low Risk
545,Spain,Male,27,9,195387.22223498143,4,0,1,103257.64422349734,0,2,0.03,3.0,Low Risk
588,Germany,Male,89,6,5605.896011706357,2,0,1,48771.00303462805,0,1,0.0,0.0,Low Risk
631,Spain,Male,78,6,206312.03568233535,4,0,0,135984.38771602226,0,0,0.0,0.0,Low Risk
826,France,Female,38,6,159530.0164700604,2,0,1,102451.96238458132,1,4,0.95,95.0,High Risk
554,Spain,Male,77,5,33337.099579448026,1,1,0,40794.51393753745,0,2,0.5,50.0,Low Risk
809,Spain,Male,30,3,154369.38984587582,3,1,0,30494.644319178507,0,0,0.0,0.0,Low Risk
762,Germany,Male,65,8,204473.55434688175,4,1,1,71019.99546424947,1,4,1.0,100.0,High Risk
498,Spain,Female,57,8,150527.96767094012,4,1,0,194128.38076065425,1,4,0.98,98.0,High Risk
570,Germany,Female,80,6,249786.68640896797,1,0,1,29161.34687938457,1,4,1.0,100.0,High Risk
363,Germany,Male,26,6,126750.85540840772,2,0,0,94290.18866646498,0,0,0.0,0.0,Low Risk
529,Germany,Female,74,7,168282.76999477472,1,1,0,65392.186608241296,0,1,0.03,3.0,Low Risk
548,France,Female,68,10,17593.378245717773,3,0,1,188604.66677906213,0,1,0.0,0.0,Low Risk
545,Spain,Male,57,4,203299.54317177457,4,1,1,75504.77146185988,0,1,0.01,1.0,Low Risk
456,Spain,Male,90,10,156025.7559326998,1,0,1,45258.914875129856,0,0,0.01,1.0,Low Risk
387,Spain,Female,81,8,140310.70100523025,2,1,1,95649.17446624092,1,3,0.86,86.0,High Risk
612,Germany,Female,87,5,177202.17774407993,4,1,0,30745.72122328992,0,0,0.0,0.0,Low Risk
365,France,Female,81,6,140127.44045529718,3,0,0,75894.09625639115,0,2,0.1,10.0,Low Risk
319,Germany,Male,42,6,191612.85378828217,4,1,1,146495.26640820102,1,3,0.93,93.0,High Risk
332,Spain,Female,45,8,145878.89836811973,3,1,0,119872.28035993269,0,0,0.0,0.0,Low Risk
372,Germany,Female,27,6,130013.45820363468,3,1,1,2198.9952380319446,1,2,0.73,73.0,Medium Risk
642,Germany,Female,45,2,33754.87118042178,3,0,1,99588.51678339514,1,10,0.9,90.0,High Risk
432,Spain,Female,53,5,117957.6910533127,4,0,0,162630.79798796837,1,5,1.0,100.0,High Risk
354,Germany,Male,28,5,134558.66543394062,3,1,0,112564.29929946076,0,0,0.0,0.0,Low Risk
360,Germany,Male,38,10,156143.449609945,4,1,1,94085.12014829813,0,0,0.01,1.0,Low Risk
819,France,Male,43,6,113973.04083408386,1,1,0,83020.94055738165,0,0,0.0,0.0,Low Risk
571,Germany,Female,35,5,36660.860286444,3,0,1,107335.51775575764,1,8,0.97,97.0,High Risk
545,France,Male,85,3,37590.65523725166,2,1,1,14804.1185658972,0,0,0.0,0.0,Low Risk
475,Spain,Female,58,5,180246.9373811861,4,0,1,159935.49754653778,1,5,1.0,100.0,High Risk
616,France,Female,32,2,165361.8122188706,3,1,1,171310.86961556098,0,0,0.01,1.0,Low Risk
430,Germany,Male,40,0,64874.83037290973,2,0,0,118468.40830939736,0,1,0.03,3.0,Low Risk
401,Spain,Female,58,0,111464.39864437935,4,1,0,195799.34281239723,1,7,0.99,99.0,High Risk
609,Germany,Female,23,4,76739.42062687589,2,1,0,111049.40405964084,0,0,0.03,3.0,Low Risk
591,Germany,Female,88,10,45255.71415310897,2,1,1,5442.6755447853475,1,4,0.97,97.0,High Risk
794,France,Male,77,7,81540.89456207944,2,1,1,92776.1846485328,0,0,0.01,1.0,Low Risk
660,Germany,Male,69,2,65672.26688155567,2,0,1,79982.69917160938,1,6,0.99,99.0,High Risk
637,France,Male,26,1,20606.905018977937,1,1,1,38826.654769442735,0,0,0.0,0.0,Low Risk
309,Spain,Male,47,7,126121.64316808172,2,1,0,106894.0851234358,0,1,0.01,1.0,Low Risk
348,Spain,Male,61,8,112721.01325002176,2,0,1,90962.66321745962,1,8,1.0,100.0,High Risk
786,Germany,Male,79,8,178652.08250709975,2,0,1,34239.88086769387,1,9,0.99,99.0,High Risk
620,France,Male,60,1,155076.41714880365,1,1,1,101225.13676027113,0,0,0.01,1.0,Low Risk
432,Germany,Male,45,7,85844.54363623139,4,0,0,166887.40142623748,0,0,0.03,3.0,Low Risk
382,Germany,Male,25,1,124076.05026370264,3,1,1,101856.01560238498,0,1,0.0,0.0,Low Risk
356,Germany,Male,68,6,134020.77829897738,2,0,0,43492.188297864835,0,0,0.0,0.0,Low Risk
675,Germany,Female,47,7,229387.15190914672,1,1,1,137180.87004764203,1,3,0.95,95.0,High Risk
648,France,Male,28,0,245423.58556668,1,0,0,173961.1078304869,1,6,0.92,92.0,High Risk
570,Germany,Female,37,7,203885.7003737812,1,0,1,69032.84797959407,1,9,1.0,100.0,High Risk
782,Spain,Female,48,2,140526.13803249027,3,1,0,14222.557332138904,0,0,0.03,3.0,Low Risk
410,France,Male,51,0,232026.71065855105,1,0,0,182969.379077751,0,0,0.06,6.0,Low Risk
375,Germany,Male,29,6,44528.17961749914,2,0,0,136447.04081133034,0,1,0.0,0.0,Low Risk
457,France,Female,65,9,174124.0199102869,2,1,1,198287.91664276464,0,1,0.0,0.0,Low Risk
831,Germany,Male,45,2,115116.92910728112,2,0,0,138911.82388527025,0,1,0.04,4.0,Low Risk
628,Spain,Male,84,7,36187.23081074512,3,1,0,24851.177396616084,1,6,1.0,100.0,High Risk
421,Spain,Female,80,8,18802.496792000384,1,1,0,86634.59805838727,1,1,0.64,64.0,Medium Risk
340,Spain,Male,65,1,120185.45926383047,2,0,0,8582.196556497312,0,0,0.0,0.0,Low Risk
466,France,Male,59,0,59742.30099149752,2,0,0,68305.44286154181,0,0,0.0,0.0,Low Risk
322,Spain,Female,69,7,62626.5646924507,4,1,0,157060.80032605783,0,0,0.01,1.0,Low Risk
578,Germany,Female,22,9,80054.22183464553,4,1,0,111130.18783576031,0,0,0.02,2.0,Low Risk
768,Germany,Female,29,5,179591.05472857374,4,0,0,91793.61234771648,1,6,1.0,100.0,High Risk
699,Germany,Male,76,9,41022.40038852073,2,1,1,169570.09974894894,0,0,0.0,0.0,Low Risk
308,France,Female,82,0,179388.9714144347,3,0,0,35429.01512157862,0,1,0.01,1.0,Low Risk
312,France,Male,69,2,195677.48175865956,2,0,0,107729.32686274665,0,0,0.0,0.0,Low Risk
351,Spain,Male,60,8,148620.0240865465,1,0,0,129480.03563712566,0,1,0.01,1.0,Low Risk
508,France,Male,80,8,61889.38215476575,4,0,0,185153.8960191948,0,0,0.0,0.0,Low Risk
849,Germany,Female,67,5,12883.132058549048,1,1,0,32740.148746753057,1,4,0.98,98.0,High Risk
701,Germany,Male,56,2,101986.27789998752,4,0,1,141340.35292323589,0,2,0.11,11.0,Low Risk
490,Germany,Male,59,7,211861.3052247526,3,1,1,9173.83654036905,1,6,0.99,99.0,High Risk
350,France,Female,34,5,25467.56677389855,3,1,0,113456.81327692058,0,2,0.05,5.0,Low Risk
692,Germany,Female,60,0,186207.69280970923,3,0,1,129001.25698782102,0,0,0.03,3.0,Low Risk
599,Spain,Male,66,5,116972.45199655334,1,0,1,167986.17750553382,0,1,0.0,0.0,Low Risk
495,France,Female,22,4,224708.26863444375,3,0,1,64773.18107850436,0,1,0.0,0.0,Low Risk
716,Germany,Male,18,7,89049.52467689497,3,0,1,139341.71500031388,0,0,0.0,0.0,Low Risk
719,Germany,Male,84,1,176187.20806605334,4,1,0,18548.129716681666,0,1,0.04,4.0,Low Risk
821,France,Male,41,6,185029.84411345352,1,0,1,44518.68155320328,0,1,0.0,0.0,Low Risk
655,France,Female,46,5,49685.42824405031,2,1,1,154700.8116497766,1,3,0.9,90.0,High Risk
447,Spain,Female,32,0,39536.73143570915,3,1,0,178531.6549294589,0,2,0.1,10.0,Low Risk
664,France,Male,21,7,23182.78680179231,2,0,0,3259.6302405096985,0,0,0.01,1.0,Low Risk
663,Germany,Male,61,5,175395.58583191692,2,0,0,33293.8391653997,0,1,0.01,1.0,Low Risk
701,Spain,Male,82,2,137037.61367004522,2,1,0,42040.29447403169,1,4,0.99,99.0,High Risk
791,Germany,Male,48,4,21679.69313589307,2,1,1,103882.48228803348,0,0,0.02,2.0,Low Risk
528,Germany,Female,37,6,77083.53772507087,3,1,1,30844.120357610453,0,0,0.0,0.0,Low Risk
836,Germany,Female,27,8,35586.604845544796,3,1,1,195213.00812202125,0,1,0.02,2.0,Low Risk
567,France,Female,28,3,23170.25577159182,3,1,1,77578.54419197958,0,0,0.0,0.0,Low Risk
704,France,Female,45,1,74692.79115105861,1,0,1,28572.10386741196,0,1,0.0,0.0,Low Risk
310,Germany,Female,55,2,24074.003004068007,1,1,1,154848.9844467269,0,1,0.22,22.0,Low Risk
619,France,Male,41,6,65046.50031959416,2,1,0,112366.67307786284,0,0,0.0,0.0,Low Risk
425,Germany,Female,56,7,138179.79163087453,4,1,1,182821.34299463127,0,1,0.03,3.0,Low Risk
605,France,Male,68,4,140226.05168410577,1,0,0,187119.96833954623,0,1,0.02,2.0,Low Risk
810,France,Male,67,2,42000.57521584508,2,1,1,171178.7707988174,0,1,0.0,0.0,Low Risk
388,France,Female,24,0,47753.37981038722,2,0,0,112872.47323340486,0,1,0.01,1.0,Low Risk
654,Spain,Female,85,9,213742.8919971718,3,1,0,44527.92213657913,0,0,0.0,0.0,Low Risk
651,France,Male,70,0,41733.7246817332,3,0,0,85722.14716315086,0,0,0.0,0.0,Low Risk
313,Spain,Male,54,10,11435.366692002955,1,0,1,96514.61011250058,0,1,0.01,1.0,Low Risk
556,Spain,Male,71,1,61205.21254179681,3,0,1,195105.08616201425,0,1,0.02,2.0,Low Risk
508,Spain,Female,72,4,144106.60046528137,1,1,1,50529.687804967,0,0,0.0,0.0,Low Risk
580,Germany,Female,48,2,1806.1161736319664,3,1,1,86950.98445257373,0,1,0.03,3.0,Low Risk
742,France,Female,82,6,246246.7673553444,4,0,1,112473.1732286893,0,0,0.02,2.0,Low Risk
688,Germany,Female,76,1,57597.40263036911,3,0,0,78233.26943026274,0,1,0.0,0.0,Low Risk
782,Spain,Male,64,1,59529.3820989739,1,1,1,24132.950826126824,0,1,0.01,1.0,Low Risk
446,France,Female,66,2,184654.3749267166,2,0,0,178089.43341509812,1,10,0.98,98.0,High Risk
578,Germany,Male,35,0,62044.77170369385,1,0,0,160244.45361893525,0,0,0.04,4.0,Low Risk
820,Spain,Female,20,1,99037.84393578436,3,0,1,51306.55522673296,0,1,0.0,0.0,Low Risk
733,Germany,Female,35,4,135979.67216180902,2,0,1,89500.83858822365,0,0,0.02,2.0,Low Risk
443,Germany,Female,75,2,5468.1179634819555,3,0,0,147054.3124966511,0,0,0.0,0.0,Low Risk
588,France,Male,88,10,209323.1565379459,3,0,1,194714.38061223223,1,7,0.98,98.0,High Risk
685,France,Male,42,9,128012.69461989996,3,0,0,33510.7063786575,0,0,0.0,0.0,Low Risk
313,Germany,Female,35,5,78229.74474472116,2,1,0,127600.89462636592,0,0,0.0,0.0,Low Risk
556,France,Male,69,1,99946.65697761024,3,0,1,163512.08245522136,0,0,0.01,1.0,Low Risk
645,France,Male,60,7,13956.180561918774,4,0,0,5190.449596220182,0,0,0.02,2.0,Low Risk
644,Germany,Female,84,3,179495.27581155224,1,0,1,162199.21904151724,1,7,0.98,98.0,High Risk
699,France,Female,24,2,134876.09972855795,4,1,1,157982.46532587108,0,1,0.02,2.0,Low Risk
506,France,Male,91,4,228497.86033027532,4,1,0,184697.23889074745,0,0,0.02,2.0,Low Risk
471,Spain,Female,61,7,116046.70998249568,1,0,1,16893.86061664234,0,1,0.03,3.0,Low Risk
763,France,Male,61,8,207100.3829235163,1,0,0,24866.201862004786,0,0,0.01,1.0,Low Risk
569,Spain,Male,68,0,47082.13607503445,2,1,1,103741.50846209412,0,1,0.0,0.0,Low Risk
520,Germany,Female,38,3,14127.341336934329,4,0,0,174326.31760811343,0,0,0.0,0.0,Low Risk
451,Spain,Male,54,5,237110.0309411107,4,1,1,174903.36891599288,1,8,1.0,100.0,High Risk
482,Germany,Female,45,5,64239.521791900734,1,0,1,140015.7504616976,0,1,0.04,4.0,Low Risk
698,France,Male,49,8,208395.9312248367,3,0,0,89753.91712563901,0,0,0.0,0.0,Low Risk
371,France,Male,74,0,64333.4300348011,4,1,1,46234.51766200867,0,1,0.03,3.0,Low Risk
717,Spain,Male,58,4,38960.42377960823,2,1,1,94941.3242911497,1,7,0.95,95.0,High Risk
582,Germany,Male,71,9,183132.72366352825,3,1,0,43420.68366021124,0,0,0.02,2.0,Low Risk
373,France,Male,44,0,194601.5325225116,4,0,1,154606.20823632425,0,0,0.0,0.0,Low Risk
654,Spain,Male,91,5,210903.18389759972,3,0,1,84307.20440948235,1,5,0.99,99.0,High Risk
796,Spain,Female,57,8,216217.17066106567,4,0,0,107877.02727549036,0,0,0.0,0.0,Low Risk
627,Spain,Male,58,3,120782.79855919445,3,0,1,136189.87838578605,1,3,0.91,91.0,High Risk
834,France,Male,87,9,100054.2228745386,4,0,1,105289.9303643296,0,1,0.07,7.0,Low Risk
746,Germany,Male,41,9,187742.24158499876,1,0,1,151064.01043855745,0,0,0.02,2.0,Low Risk
672,France,Female,35,8,142346.577955509,1,0,1,157214.61568898614,0,0,0.0,0.0,Low Risk
661,France,Male,91,2,241321.0369888052,2,1,1,48554.4563086178,0,0,0.0,0.0,Low Risk
392,Germany,Male,73,10,93959.0028298098,4,0,1,59635.03546977887,0,1,0.09,9.0,Low Risk
620,Spain,Male,32,6,10718.882714256666,2,1,1,11873.645567373143,0,1,0.0,0.0,Low Risk
623,France,Female,89,4,147326.14318136487,1,0,0,17848.123886998193,0,2,0.14,14.0,Low Risk
683,Spain,Female,52,9,88367.39974978456,4,1,1,165896.92500722074,0,0,0.01,1.0,Low Risk
645,Spain,Female,44,0,85668.41839867606,1,1,0,42807.79548605825,0,0,0.0,0.0,Low Risk
402,Germany,Male,20,6,141129.76957452757,3,0,0,166934.3588911484,1,4,0.98,98.0,High Risk
514,Germany,Male,38,7,230445.3228946647,1,0,1,197175.7872655049,0,1,0.0,0.0,Low Risk
491,Germany,Male,56,5,66739.57013671259,3,0,0,48569.91710761288,0,0,0.0,0.0,Low Risk
493,Spain,Female,49,0,94898.3436318682,1,0,0,92080.0574246472,0,0,0.0,0.0,Low Risk
679,Spain,Male,67,8,222812.4125594042,3,0,0,107416.9116255669,0,0,0.03,3.0,Low Risk
702,France,Female,26,6,223804.783926615,1,1,1,188564.269109051,1,6,0.95,95.0,High Risk
310,Spain,Female,67,5,58647.26744840707,1,0,0,35734.245960534485,0,1,0.01,1.0,Low Risk
486,Germany,Male,18,3,176582.6468047908,4,0,0,167197.7006923356,0,2,0.12,12.0,Low Risk
314,Germany,Male,21,2,103890.23580397844,4,1,1,191556.87834744583,0,0,0.01,1.0,Low Risk
596,Germany,Female,21,3,234000.13832655037,4,0,0,110887.77023929157,1,6,0.98,98.0,High Risk
710,Germany,Male,51,0,183061.32785931483,2,1,0,30487.096317820968,1,3,0.93,93.0,High Risk
351,Spain,Female,44,8,123588.31883529162,2,1,0,66767.5715732447,0,1,0.0,0.0,Low Risk
327,Germany,Female,32,1,204352.83720041063,3,0,0,191819.027537288,0,1,0.01,1.0,Low Risk
316,France,Male,49,1,249469.6347338312,2,1,0,33652.955526171645,1,3,0.87,87.0,High Risk
650,Spain,Male,58,2,111760.82644909438,2,0,1,97531.67448089956,0,0,0.0,0.0,Low Risk
727,Germany,Male,88,0,93378.10176661226,1,1,1,37980.011207725714,0,0,0.02,2.0,Low Risk
528,France,Male,78,9,151759.0247012166,3,1,1,180826.0120601956,0,0,0.0,0.0,Low Risk
509,Germany,Male,80,2,170770.6175225869,2,1,1,118091.28181882386,0,0,0.0,0.0,Low Risk
730,Spain,Male,78,3,176112.1310238805,4,0,0,184670.2193679651,1,4,0.98,98.0,High Risk
593,Spain,Male,31,8,118395.72491057256,4,0,1,189234.5664595697,0,0,0.0,0.0,Low Risk
403,France,Female,40,4,83073.1954717852,2,0,1,97798.83466288158,0,3,0.25,25.0,Low Risk
503,Spain,Male,82,10,205481.18679546163,1,1,1,187421.14432939424,0,0,0.01,1.0,Low Risk
352,France,Male,49,5,239565.07710295272,4,1,1,151.6341380010356,0,0,0.03,3.0,Low Risk
674,Germany,Male,58,0,215995.4633260639,4,1,0,38429.285280268385,0,1,0.03,3.0,Low Risk
353,Spain,Male,43,2,170588.55664023373,1,0,1,146802.34171057993,0,0,0.0,0.0,Low Risk
575,Germany,Female,65,6,90037.52927528977,4,1,1,105302.377963364,1,6,0.99,99.0,High Risk
634,Germany,Male,90,6,155620.78144577582,1,0,1,198190.4824164611,1,4,0.99,99.0,High Risk
330,Spain,Female,33,9,25290.01587622895,3,1,0,156858.7500850502,0,0,0.0,0.0,Low Risk
434,Germany,Female,48,0,133478.2431980068,1,1,1,132828.39639203812,1,4,0.99,99.0,High Risk
357,France,Female,83,8,195304.30010576695,3,1,0,182434.61266986813,0,0,0.0,0.0,Low Risk
404,France,Female,49,0,62764.78670091765,1,1,1,67446.82932498715,0,2,0.08,8.0,Low Risk
565,France,Female,27,6,125383.5672414656,2,1,1,33524.09685608669,0,0,0.0,0.0,Low Risk
821,Spain,Male,42,1,18318.561603696824,4,0,0,109420.5012039666,0,0,0.0,0.0,Low Risk
795,Germany,Female,62,8,209624.24258223368,3,1,0,47702.42292676657,0,0,0.0,0.0,Low Risk
552,Germany,Female,41,8,87557.99260989885,4,1,1,46484.83058455176,0,1,0.01,1.0,Low Risk
594,Germany,Male,20,8,145551.96710673912,1,1,1,61267.09464142548,0,0,0.0,0.0,Low Risk
457,Germany,Female,79,3,94633.71001239012,1,1,1,135030.99546327657,0,1,0.0,0.0,Low Risk
848,France,Male,84,5,149400.09160806122,4,1,0,4727.789213652119,1,6,0.99,99.0,High Risk
366,Spain,Male,72,1,186049.4901021809,2,0,0,169999.19062253306,0,0,0.01,1.0,Low Risk
598,France,Male,27,2,81703.65059515764,2,0,0,122413.23100514837,0,0,0.0,0.0,Low Risk
762,France,Male,72,5,129815.34361149694,4,0,0,60897.82108840013,0,1,0.03,3.0,Low Risk
400,Spain,Female,39,0,198718.63413555847,2,1,0,22629.77644272743,0,2,0.03,3.0,Low Risk
355,Spain,Female,31,6,171962.84985240345,1,0,0,158007.01237245146,0,0,0.0,0.0,Low Risk
631,France,Female,90,1,14268.240292439226,4,1,1,87292.35498534152,0,2,0.1,10.0,Low Risk
692,Germany,Male,25,7,142189.70708827875,4,1,1,87066.83613523321,1,3,0.89,89.0,High Risk
680,Spain,Male,32,4,94083.41830756252,4,1,1,94051.42792381872,0,0,0.0,0.0,Low Risk
391,Spain,Male,32,6,177195.03669391348,4,0,0,82795.76158289376,0,0,0.0,0.0,Low Risk
746,France,Female,69,7,4166.960147088588,2,1,1,102663.8611757273,0,0,0.0,0.0,Low Risk
408,Germany,Male,87,2,82649.20151651217,2,0,1,126134.1617393991,0,0,0.0,0.0,Low Risk
616,Spain,Female,71,5,21623.26894820521,3,0,0,86208.18624254203,0,0,0.01,1.0,Low Risk
467,France,Female,59,8,230122.976975068,3,1,1,194560.84869230684,1,2,0.79,79.0,High Risk
734,Spain,Male,36,3,219124.89210304385,3,1,0,79525.3846523682,0,1,0.0,0.0,Low Risk
741,Germany,Male,57,9,242022.17006243157,1,1,0,42895.77391673554,1,6,0.98,98.0,High Risk
517,France,Male,86,6,160867.07376259007,3,1,1,196021.36043041517,1,2,0.79,79.0,High Risk
521,France,Male,44,0,201762.21591425812,4,0,1,59229.05975509352,0,1,0.0,0.0,Low Risk
827,Germany,Male,91,6,152967.18799987607,1,0,1,124165.5340914898,0,0,0.04,4.0,Low Risk
577,France,Female,60,8,123010.95140015906,2,1,1,165721.67763397502,0,0,0.0,0.0,Low Risk
765,Germany,Female,69,9,208455.11330167027,1,0,0,800.9101245858707,1,7,0.96,96.0,High Risk
329,France,Male,63,7,194041.5540786138,1,1,0,56573.8329322107,0,0,0.01,1.0,Low Risk
658,Germany,Male,31,3,183319.20207260447,4,0,0,106368.3743419852,0,0,0.01,1.0,Low Risk
587,Spain,Male,81,2,223477.730598486,2,0,1,91181.8271904662,0,0,0.01,1.0,Low Risk
385,Spain,Female,78,6,232186.04390505317,3,0,1,14568.746034152742,0,1,0.02,2.0,Low Risk
533,Spain,Female,75,0,111321.8253723948,3,0,0,89416.80294886185,0,1,0.06,6.0,Low Risk
612,France,Female,66,7,70705.32668781451,3,0,0,21198.879819712507,0,0,0.01,1.0,Low Risk
664,Germany,Female,46,0,127946.38734701504,2,1,1,49981.44438800062,1,9,1.0,100.0,High Risk
568,Germany,Male,43,6,23266.5495789931,1,0,1,149760.127144913,1,5,0.98,98.0,High Risk
430,Spain,Female,44,5,234540.1153812659,4,1,1,35722.55267336588,0,0,0.0,0.0,Low Risk
650,Spain,Female,84,9,245963.33048105435,2,0,1,133059.40621789178,1,7,1.0,100.0,High Risk
479,Spain,Male,84,7,163176.2152279361,4,0,0,194586.31146414223,0,0,0.02,2.0,Low Risk
779,Germany,Male,52,5,186540.42374327933,2,1,0,49404.16588999985,0,1,0.0,0.0,Low Risk
462,Spain,Female,77,4,80918.01389474176,2,1,0,51916.85143127453,0,0,0.01,1.0,Low Risk
395,France,Male,78,8,216566.8644188239,2,0,1,190618.955948659,0,0,0.0,0.0,Low Risk
809,Spain,Male,87,3,225075.63429603283,1,1,0,133031.15306732134,1,7,0.99,99.0,High Risk
664,Spain,Male,20,6,19225.562908709915,4,1,0,154023.0825028861,1,3,0.9,90.0,High Risk
652,Germany,Female,50,5,32860.96701493501,3,0,1,158304.79262739277,1,6,0.98,98.0,High Risk
735,France,Female,59,9,65213.23399288617,4,1,1,145974.31390166454,0,0,0.01,1.0,Low Risk
382,Germany,Male,30,5,175918.61821310318,3,0,1,195359.7509346548,0,2,0.29,29.0,Low Risk
524,France,Male,46,10,45841.16819339748,4,0,1,54956.33141715004,0,1,0.0,0.0,Low Risk
711,France,Female,26,4,55020.02477163068,2,1,1,103678.70295699772,0,1,0.0,0.0,Low Risk
417,Spain,Female,49,1,95465.88988709182,1,1,0,132819.04492144217,0,0,0.01,1.0,Low Risk
781,Spain,Male,39,3,152909.08932603974,2,0,1,141455.15403686144,0,2,0.07,7.0,Low Risk
491,Germany,Male,75,0,244077.34119890345,1,1,0,38439.06882210254,0,0,0.05,5.0,Low Risk
406,Germany,Female,74,8,195973.6734769793,2,0,0,175102.70912441556,0,1,0.04,4.0,Low Risk
681,Germany,Male,27,8,139575.8791824774,3,0,1,162950.82834330614,0,0,0.0,0.0,Low Risk
689,France,Female,42,7,12346.554353724254,3,1,1,52841.06229383449,0,1,0.0,0.0,Low Risk
543,Germany,Male,79,3,129209.9784451076,2,0,1,108797.80732064862,0,0,0.0,0.0,Low Risk
767,France,Female,80,4,51021.29740830635,4,0,0,58948.84006921022,1,2,0.62,62.0,Medium Risk
837,France,Male,20,0,75017.262664934,3,0,0,73183.84973500714,0,0,0.01,1.0,Low Risk
509,France,Female,64,3,62715.17186819223,2,0,1,106718.50054575715,0,0,0.01,1.0,Low Risk
372,France,Male,72,3,86862.03135090548,1,0,0,107901.2483761485,0,0,0.0,0.0,Low Risk
608,France,Male,43,4,15564.945140717267,1,0,1,106416.44759519205,0,0,0.0,0.0,Low Risk
485,Spain,Male,30,1,144209.4512611615,1,1,1,108856.37765092288,0,1,0.0,0.0,Low Risk
552,France,Male,24,1,11438.261147558054,1,1,0,127229.77572797396,0,0,0.0,0.0,Low Risk
312,France,Female,51,1,165145.8855977818,4,1,1,3151.221500730909,0,1,0.02,2.0,Low Risk
598,Spain,Male,39,10,182700.5829447119,4,0,0,27973.08176635107,0,0,0.0,0.0,Low Risk
375,Spain,Female,40,7,121516.01037850045,4,0,1,94060.74242044584,0,0,0.0,0.0,Low Risk
350,Spain,Female,65,1,195314.27855456175,2,1,1,141681.01565425837,1,3,0.74,74.0,Medium Risk
448,Germany,Male,31,5,241847.6747623711,3,0,0,101858.35914972235,0,0,0.01,1.0,Low Risk
421,Germany,Female,69,1,85013.15270786438,1,0,1,125792.19107333044,0,0,0.04,4.0,Low Risk
510,France,Male,56,7,154726.7310315415,3,1,1,194139.1692580485,0,0,0.0,0.0,Low Risk
579,France,Female,58,0,80932.93576422092,2,0,1,146015.86019746627,0,0,0.0,0.0,Low Risk
837,France,Male,53,1,110846.39625721738,3,1,0,187973.9329924667,0,0,0.07,7.0,Low Risk
455,France,Male,23,4,5206.3807598393405,3,0,1,3810.908621948298,0,0,0.0,0.0,Low Risk
537,Spain,Female,40,5,18587.47038938552,3,1,0,89437.24211712484,0,1,0.0,0.0,Low Risk
675,Germany,Female,27,8,199382.18238185227,4,1,1,70909.58342323064,0,1,0.0,0.0,Low Risk
381,Spain,Male,77,5,34976.94528941214,2,0,1,141107.7827736679,0,0,0.0,0.0,Low Risk
791,Germany,Female,47,7,174787.85691806665,2,0,0,185887.99173241013,0,2,0.1,10.0,Low Risk
655,Spain,Male,87,6,177216.75814444575,2,1,0,8066.026508650948,1,2,0.77,77.0,High Risk
572,France,Male,22,0,249056.4914928871,3,0,0,11470.403188085524,0,0,0.0,0.0,Low Risk
343,Germany,Female,74,1,173899.0015071969,4,1,1,134570.38496340517,1,3,0.79,79.0,High Risk
422,France,Male,60,3,32186.42231766092,1,1,1,69217.44285549168,0,0,0.02,2.0,Low Risk
648,Germany,Female,69,0,156635.4132361144,4,0,1,40612.14152546218,1,8,1.0,100.0,High Risk
629,Germany,Male,23,7,131035.70508575712,1,1,1,190943.33210251183,1,5,0.97,97.0,High Risk
708,France,Male,19,3,229347.689381224,3,1,0,2817.643044270962,0,0,0.04,4.0,Low Risk
622,France,Male,34,6,172537.51657139868,4,0,0,54803.2009278447,0,0,0.02,2.0,Low Risk
410,France,Female,29,6,129619.65041652184,4,0,1,66345.78723372363,0,1,0.0,0.0,Low Risk
388,Spain,Male,61,7,156053.47305535502,1,1,0,156558.5400536683,0,0,0.0,0.0,Low Risk
732,Germany,Male,71,8,110864.98816636998,1,1,0,112352.59688941696,0,0,0.02,2.0,Low Risk
398,Germany,Female,24,8,127101.822345175,3,0,1,65681.41408298073,0,0,0.0,0.0,Low Risk
838,Germany,Male,49,6,180586.24092438695,4,1,0,33958.99022291501,0,1,0.02,2.0,Low Risk
445,France,Female,46,8,19586.568106788993,4,0,0,43583.96326913094,0,1,0.02,2.0,Low Risk
556,Germany,Female,63,4,153833.89383664922,4,1,0,7744.45199729024,1,3,0.98,98.0,High Risk
488,Germany,Female,90,9,22054.36698629859,2,1,1,167374.51368653393,1,6,0.98,98.0,High Risk
539,France,Male,70,3,213769.1964880152,1,0,0,23445.914973063893,1,2,0.71,71.0,Medium Risk
802,France,Female,42,2,235615.8451664803,4,1,1,164611.07745445755,0,1,0.01,1.0,Low Risk
570,Germany,Male,70,5,195050.6379773668,2,1,1,27843.869601629172,0,2,0.11,11.0,Low Risk
819,Spain,Female,46,9,179507.93054330946,4,0,1,181182.5197958495,1,4,0.92,92.0,High Risk
849,France,Male,23,10,235936.83412874132,1,1,0,135705.3740351411,0,0,0.07,7.0,Low Risk
413,Spain,Female,55,8,54632.07869411576,4,1,0,70413.0396552976,0,0,0.0,0.0,Low Risk
638,Spain,Female,20,3,57208.23639544334,4,0,0,78544.85495242146,0,0,0.01,1.0,Low Risk
658,Spain,Female,52,1,120253.84135468952,3,1,0,56919.17241330935,1,7,1.0,100.0,High Risk
633,Spain,Male,72,10,1865.7547582435488,3,0,0,42265.89529815947,1,5,0.99,99.0,High Risk
468,France,Female,64,2,241267.47277762071,4,1,0,182214.5292282338,1,4,1.0,100.0,High Risk
638,Germany,Male,50,2,8063.112189900329,2,1,0,36892.30592824478,0,0,0.0,0.0,Low Risk
560,Germany,Male,20,1,149027.9933858658,2,1,0,35197.937985479824,0,1,0.0,0.0,Low Risk
498,France,Male,86,8,88493.47451118461,2,0,0,72059.17976693252,0,0,0.0,0.0,Low Risk
510,France,Male,76,3,25741.486455612776,4,1,0,196863.8904374516,1,9,0.96,96.0,High Risk
586,Spain,Male,35,2,6153.733994617105,2,1,0,92988.79604802202,0,0,0.02,2.0,Low Risk
771,Spain,Male,83,9,65604.63642462234,3,1,1,71075.84473040818,0,1,0.02,2.0,Low Risk
781,France,Female,42,5,26671.008727238263,4,1,0,199710.11725759265,0,0,0.01,1.0,Low Risk
322,Germany,Female,37,7,235082.145494117,3,1,0,148010.95965955756,0,1,0.06,6.0,Low Risk
408,Spain,Male,88,10,61190.3219288229,3,1,1,188925.61611473895,0,0,0.0,0.0,Low Risk
595,France,Male,86,7,23532.982546412313,2,0,1,49792.1156060533,0,1,0.02,2.0,Low Risk
305,France,Female,46,9,192420.50867593713,3,0,0,150841.7284598229,0,1,0.01,1.0,Low Risk
849,France,Female,35,5,103563.02326039271,3,1,0,178130.303688327,0,2,0.09,9.0,Low Risk
502,Spain,Male,89,4,210916.5017707693,1,0,1,105877.17974172624,1,5,1.0,100.0,High Risk
624,France,Female,44,10,209607.74215562,1,0,0,84782.32969681319,0,0,0.0,0.0,Low Risk
543,Germany,Male,59,6,248095.18810376865,1,1,1,59198.51506636326,0,0,0.04,4.0,Low Risk
626,France,Female,83,2,200956.98290133505,2,1,1,113459.48121374231,0,1,0.01,1.0,Low Risk
346,Spain,Female,43,9,53537.96065078148,2,1,1,38436.0859196104,0,0,0.0,0.0,Low Risk
312,Germany,Female,40,1,146612.09698023263,3,0,1,86374.9353607188,0,0,0.0,0.0,Low Risk
679,Germany,Female,22,7,131562.5196558416,3,1,0,136511.51539688444,1,10,0.95,95.0,High Risk
664,France,Female,28,10,127047.4073425182,2,0,1,130474.68604815114,0,0,0.0,0.0,Low Risk
641,France,Male,36,8,74201.86169644319,4,1,1,139981.7131683895,0,0,0.0,0.0,Low Risk
520,Germany,Male,29,5,52535.20756920274,4,1,0,117314.14655362091,0,0,0.0,0.0,Low Risk
372,France,Female,19,3,179223.73368664275,4,1,1,536.0453370305714,0,0,0.03,3.0,Low Risk
345,Spain,Male,60,5,25440.43247423905,1,1,1,5356.818685412513,0,0,0.01,1.0,Low Risk
803,Germany,Male,39,6,12403.99900125555,3,1,1,116056.23252794844,1,0,0.01,1.0,Low Risk
573,France,Female,43,7,95310.90787602398,4,1,1,193192.72884691675,0,0,0.01,1.0,Low Risk
507,Germany,Male,50,2,185981.3688148241,1,1,1,38897.950648250255,0,3,0.26,26.0,Low Risk
423,France,Male,41,5,217133.2511913492,3,0,0,143479.39010920236,0,1,0.0,0.0,Low Risk
309,France,Female,86,9,135031.73155005617,4,1,0,86646.84329178871,1,5,0.99,99.0,High Risk
628,Spain,Male,38,5,209983.105675374,4,0,1,27827.81440234107,0,0,0.0,0.0,Low Risk
486,France,Female,63,9,6322.804141897953,1,1,0,6665.364201582992,0,1,0.02,2.0,Low Risk
842,France,Female,35,6,113842.36963416096,4,0,0,142677.89591195193,0,0,0.02,2.0,Low Risk
359,France,Male,22,3,33347.134211601515,3,0,1,28795.81244144301,0,1,0.0,0.0,Low Risk
741,Spain,Female,25,5,145679.38010080543,4,1,1,59692.92079718578,0,0,0.0,0.0,Low Risk
516,France,Male,74,1,230247.06235236008,1,0,1,80281.62516403839,0,0,0.0,0.0,Low Risk
301,France,Male,22,7,1797.6158162864854,4,1,1,141177.55812370052,0,0,0.0,0.0,Low Risk
835,France,Female,30,2,167055.2719712401,1,1,1,77530.44858378444,0,0,0.0,0.0,Low Risk
655,Germany,Male,83,8,198087.4295864993,2,0,1,77264.19586903905,0,2,0.15,15.0,Low Risk
464,Spain,Male,54,7,186120.31839076013,4,0,0,158848.82029370588,0,0,0.0,0.0,Low Risk
390,Germany,Male,46,5,4942.272799523251,3,0,0,1406.158047238007,1,6,0.96,96.0,High Risk
466,Spain,Male,86,9,43470.8935884692,4,1,0,150773.85643468477,0,0,0.01,1.0,Low Risk
506,Spain,Male,49,1,23599.83064390314,1,0,1,104340.70348656896,0,1,0.01,1.0,Low Risk
581,Germany,Male,65,7,21363.54973224358,2,1,1,108340.89251256511,0,0,0.0,0.0,Low Risk
364,Spain,Male,19,10,182546.03316386335,3,0,1,69117.95798292274,0,0,0.0,0.0,Low Risk
815,Spain,Female,86,5,106197.33901701424,4,1,1,18506.45065270422,0,0,0.03,3.0,Low Risk
456,Germany,Male,68,10,181205.3549708773,2,1,1,18175.78768136879,1,3,0.89,89.0,High Risk
605,France,Female,52,0,90188.10425490011,1,1,0,68174.63974476412,1,5,0.99,99.0,High Risk
694,Spain,Female,32,5,29262.32707165169,3,0,0,144085.16940820406,0,0,0.0,0.0,Low Risk
373,Germany,Male,89,4,179613.02543715795,1,1,1,178330.37378967664,1,6,0.98,98.0,High Risk
486,Spain,Female,82,5,156514.30093690494,4,0,0,162446.8086563796,0,0,0.0,0.0,Low Risk
636,Germany,Female,55,0,28244.0391783193,1,0,0,159585.6778339507,1,4,0.92,92.0,High Risk
539,France,Female,34,3,231091.10289335749,2,1,0,1156.5888490256427,0,1,0.06,6.0,Low Risk
832,Spain,Male,62,6,77230.20369728029,1,1,0,38331.418270734765,1,1,0.66,66.0,Medium Risk
440,France,Female,18,4,163682.51406180827,3,0,0,189018.13077012048,0,1,0.01,1.0,Low Risk
564,France,Female,20,5,7995.22955777715,2,1,0,174034.57511994126,1,5,0.97,97.0,High Risk
438,Germany,Female,87,1,110760.608136216,4,0,1,25354.859053270306,1,2,0.71,71.0,Medium Risk
758,Spain,Female,69,7,241091.04987841423,1,1,0,127236.92491627856,0,0,0.0,0.0,Low Risk
369,Spain,Female,70,9,221627.14662151996,1,1,1,86631.02402799971,0,0,0.0,0.0,Low Risk
684,Spain,Female,20,3,55336.81354782583,4,1,0,1546.6343414349385,0,0,0.02,2.0,Low Risk
497,Spain,Male,64,5,219782.58396210143,4,1,1,160032.4956355444,0,0,0.01,1.0,Low Risk
504,Spain,Female,23,2,73267.54197489787,1,1,1,188627.53804545788,0,0,0.01,1.0,Low Risk
730,Germany,Female,63,8,213058.60839692704,4,1,1,184156.38205391643,0,0,0.0,0.0,Low Risk
624,Spain,Male,78,7,182306.73251940313,2,1,0,76861.46851771559,1,4,0.98,98.0,High Risk
741,France,Male,60,5,88013.150652275,3,0,0,157565.09844718975,1,3,0.94,94.0,High Risk
587,France,Female,73,8,227697.72336868383,2,1,1,99600.71738599638,0,0,0.0,0.0,Low Risk
525,Spain,Female,87,9,121319.82364879396,1,1,1,195997.98843277147,0,1,0.07,7.0,Low Risk
363,Germany,Male,37,8,79423.51784355345,2,0,0,192657.5422707484,0,0,0.06,6.0,Low Risk
797,Germany,Female,64,1,69921.46432069865,1,0,1,154672.87937890165,0,1,0.15,15.0,Low Risk
359,Spain,Female,71,8,234766.77874510025,2,1,0,94271.46522353972,0,0,0.0,0.0,Low Risk
696,France,Male,58,7,189645.24765231827,1,0,1,180388.33384636304,0,1,0.01,1.0,Low Risk
556,Spain,Female,83,1,87474.77421050551,4,0,0,44799.15110286104,0,0,0.0,0.0,Low Risk
538,Spain,Male,48,8,63542.11116799516,2,0,0,42852.039296730174,0,0,0.0,0.0,Low Risk
337,Spain,Female,81,4,52904.260593363506,1,0,0,111651.61804592182,0,0,0.08,8.0,Low Risk
324,Germany,Female,75,8,61123.15775804692,4,1,1,163811.06741487994,0,1,0.09,9.0,Low Risk
709,Germany,Male,72,2,27744.847859243942,1,1,0,12429.809505032928,0,0,0.01,1.0,Low Risk
760,France,Male,63,3,121183.73965125528,2,1,1,156941.63491359385,0,0,0.0,0.0,Low Risk
716,France,Female,41,0,10268.040381745195,2,1,1,189865.17998386524,0,1,0.02,2.0,Low Risk
656,Spain,Female,54,10,2878.6615974812635,1,0,0,109204.13424549568,0,1,0.01,1.0,Low Risk
682,France,Female,58,4,154518.14828423318,4,0,1,42719.30239076273,0,1,0.01,1.0,Low Risk
457,Spain,Male,42,6,22119.82966214093,3,0,1,126337.99821475538,0,0,0.0,0.0,Low Risk
732,France,Male,46,6,211302.4032307716,1,0,1,39373.62838467851,0,1,0.04,4.0,Low Risk
347,Spain,Male,48,5,26682.194628546124,1,1,1,78100.23545749113,0,0,0.01,1.0,Low Risk
627,Germany,Male,19,5,135667.24998528496,3,1,1,139929.0757469678,0,1,0.0,0.0,Low Risk
732,Spain,Male,29,7,168875.91058448702,1,1,1,76277.85585447853,0,1,0.0,0.0,Low Risk
730,Germany,Male,22,10,57288.8766793383,2,0,0,96878.45009451245,0,3,0.26,26.0,Low Risk
355,Germany,Female,78,9,222066.0390697556,2,1,1,109055.1249624121,0,3,0.36,36.0,Low Risk
567,France,Male,73,8,120346.72547887216,4,0,1,67891.13850725969,0,0,0.01,1.0,Low Risk
368,France,Male,88,3,78829.77377968303,3,1,0,15273.450909205594,1,6,0.98,98.0,High Risk
748,Germany,Male,54,3,225282.15201843297,1,0,0,102184.39236056888,1,7,1.0,100.0,High Risk
556,Spain,Male,53,7,214585.0608796056,2,0,1,97567.7040583619,0,0,0.0,0.0,Low Risk
789,Spain,Female,91,4,177406.8504053218,1,0,1,85304.20021512314,0,0,0.01,1.0,Low Risk
348,France,Male,46,9,72620.61267884987,3,1,0,36905.12117829021,0,0,0.0,0.0,Low Risk
615,Spain,Female,55,8,97551.58491314686,2,1,0,10469.069445220404,0,0,0.02,2.0,Low Risk
712,Spain,Male,58,5,172433.34064365044,3,0,0,165329.43486923,0,1,0.0,0.0,Low Risk
733,Spain,Female,50,8,46321.081096627,1,0,1,106467.98841286468,0,0,0.0,0.0,Low Risk
301,Germany,Male,30,3,123778.1179793894,4,0,0,196058.45478656492,0,0,0.06,6.0,Low Risk
444,Germany,Male,23,0,184430.56566786257,1,0,1,195564.9864159763,0,0,0.02,2.0,Low Risk
665,Spain,Male,83,3,164428.23176771944,1,0,0,116019.0802611736,0,0,0.02,2.0,Low Risk
719,France,Male,25,8,179983.27092068063,3,0,1,98029.60719135228,0,0,0.0,0.0,Low Risk
743,Spain,Female,81,6,222979.8074862008,2,1,0,37298.190860105366,1,6,0.99,99.0,High Risk
733,France,Female,26,5,242071.6628802203,3,1,0,75873.34975628178,0,2,0.04,4.0,Low Risk
356,Germany,Male,40,1,114595.87817867636,2,0,1,157088.33187882317,0,0,0.0,0.0,Low Risk
477,Spain,Male,88,3,14995.461502270213,1,1,0,192645.17078725132,0,0,0.01,1.0,Low Risk
592,Spain,Female,38,0,208587.5808406047,1,1,1,119969.59764117094,0,0,0.0,0.0,Low Risk
345,France,Female,18,2,29491.483309758896,4,1,0,123381.21544253084,0,1,0.01,1.0,Low Risk
469,France,Female,63,1,54861.094722024885,4,1,1,188492.01878410525,0,1,0.01,1.0,Low Risk
570,Spain,Male,79,3,163291.8634218634,3,1,1,25397.086180327955,1,7,0.98,98.0,High Risk
716,Spain,Female,19,3,186433.81102325863,2,1,1,122371.99976357252,0,0,0.0,0.0,Low Risk
438,France,Male,61,10,173661.8121667767,4,1,1,117089.66500271902,0,1,0.03,3.0,Low Risk
546,Germany,Male,22,8,109623.0485622254,4,0,1,41027.1186531199,0,0,0.0,0.0,Low Risk
447,France,Female,56,6,229516.76462856968,1,1,0,154765.491461169,0,1,0.02,2.0,Low Risk
529,Spain,Male,83,2,208049.0672994992,1,0,1,23849.184885330254,0,0,0.0,0.0,Low Risk
673,Germany,Male,62,6,165920.6475497286,3,1,1,12657.778755694404,0,0,0.0,0.0,Low Risk
379,Germany,Female,30,7,110268.92060143757,3,1,0,97232.20080849,0,0,0.01,1.0,Low Risk
364,Germany,Male,49,6,115956.48329816482,2,0,0,59951.237018742504,1,4,0.95,95.0,High Risk
387,Germany,Female,60,7,43991.66061139104,4,0,1,87232.95507416256,0,0,0.11,11.0,Low Risk
387,Spain,Female,25,8,194926.24927492856,1,1,0,22526.895982664657,0,0,0.0,0.0,Low Risk
503,Germany,Female,91,0,216490.8456216931,2,1,1,90485.95706245418,1,4,0.98,98.0,High Risk
681,France,Male,76,9,206820.4152311797,4,0,0,87926.28280220629,0,0,0.04,4.0,Low Risk
775,France,Female,28,5,136774.48699412914,2,1,0,193310.0222589969,1,7,0.94,94.0,High Risk
838,France,Female,45,3,209485.2853830165,2,1,1,144516.59414386147,0,0,0.0,0.0,Low Risk
513,Spain,Male,56,0,197602.2083644056,3,1,1,184095.38781824624,0,2,0.09,9.0,Low Risk
373,Germany,Male,43,1,208089.8282675412,4,0,0,156249.04960445873,0,1,0.01,1.0,Low Risk
360,France,Female,89,9,245483.3326921526,2,1,1,157570.50617702355,0,0,0.0,0.0,Low Risk
842,France,Male,43,3,202500.00859341188,2,1,0,173147.07333424545,0,0,0.04,4.0,Low Risk
518,France,Male,49,0,67672.49142880343,2,0,1,51185.77214647827,0,0,0.0,0.0,Low Risk
311,Germany,Male,63,5,205215.72907319255,3,1,0,85348.52082397608,1,7,1.0,100.0,High Risk
714,France,Male,45,0,93908.77649709678,3,1,1,175043.12497881052,0,0,0.0,0.0,Low Risk
331,Germany,Male,24,8,129048.05442091584,1,1,1,13393.388131881007,0,0,0.0,0.0,Low Risk
459,Germany,Female,52,9,199099.88178256835,3,1,0,11034.563745282308,0,2,0.15,15.0,Low Risk
536,Germany,Female,83,2,79179.70816774956,3,1,1,129593.45452350038,0,1,0.04,4.0,Low Risk
480,Spain,Female,39,10,6520.786067265166,4,0,0,181912.70844523457,0,0,0.01,1.0,Low Risk
640,Spain,Male,39,0,179536.13076128118,4,0,1,158842.50596048246,0,0,0.0,0.0,Low Risk
757,Germany,Male,20,5,225543.52994885037,2,0,0,159804.7566133768,0,1,0.0,0.0,Low Risk
379,Germany,Female,63,5,231972.1120736385,1,0,1,72001.4015272636,0,0,0.01,1.0,Low Risk
772,Spain,Female,67,6,199727.54583502337,3,1,1,118344.1651879282,1,5,1.0,100.0,High Risk
411,Spain,Female,25,6,233785.71452349125,4,1,0,154299.8199909754,0,1,0.0,0.0,Low Risk
591,Germany,Male,21,9,205164.0230923287,1,1,0,158750.08727328666,0,0,0.02,2.0,Low Risk
682,Spain,Female,32,10,7524.762153297337,4,1,1,116120.8609350098,0,1,0.01,1.0,Low Risk
316,France,Male,61,3,87413.85636322168,2,1,0,160078.29915573087,1,3,0.89,89.0,High Risk
792,Germany,Female,56,4,84026.58184390664,3,0,1,5397.869707305502,0,0,0.01,1.0,Low Risk
630,Germany,Female,46,2,54791.08711505093,2,1,0,188519.00938575884,1,5,1.0,100.0,High Risk
785,Spain,Male,90,5,199484.2575227259,2,1,1,174116.74432308783,0,0,0.0,0.0,Low Risk
705,France,Male,79,6,130022.46138027532,4,1,0,10398.940884577236,0,2,0.18,18.0,Low Risk
416,Spain,Female,51,8,209072.3460275437,1,0,1,83871.02894528335,1,5,0.97,97.0,High Risk
414,France,Female,43,8,150337.3225334693,3,1,0,183896.13167496477,1,3,0.96,96.0,High Risk
848,France,Female,35,4,147652.33640819922,1,0,1,102563.74925283872,0,0,0.03,3.0,Low Risk
846,Germany,Male,80,3,96037.11332393235,2,0,0,18299.251643987915,1,5,0.98,98.0,High Risk
635,France,Male,69,6,197400.73022253663,3,1,0,193304.4703779441,0,0,0.01,1.0,Low Risk
635,Germany,Female,71,2,170772.91576651114,2,1,0,71704.94460279917,0,0,0.01,1.0,Low Risk
446,France,Female,59,3,84687.9620475511,4,0,1,103254.3334550093,0,0,0.01,1.0,Low Risk
421,Germany,Female,71,8,248393.3273500452,1,0,0,126394.67231867492,1,4,0.96,96.0,High Risk
380,France,Male,69,4,115697.29961229178,1,1,0,166488.9883302172,0,0,0.01,1.0,Low Risk
674,Spain,Female,30,9,79147.5487290626,2,1,0,174625.56665946476,1,2,0.65,65.0,Medium Risk
362,France,Female,49,6,171948.26402855472,1,0,1,130621.58986118884,0,0,0.03,3.0,Low Risk
803,Spain,Male,83,1,55701.857518000994,1,0,1,189684.12273893703,0,0,0.01,1.0,Low Risk
748,France,Female,75,8,207661.01811536332,2,1,0,43811.44971436099,1,3,0.9,90.0,High Risk
727,France,Female,56,4,170090.8945718395,3,1,1,180967.75043001905,0,1,0.0,0.0,Low Risk
726,Germany,Male,44,4,217516.33843437748,4,0,0,38026.64965739736,0,2,0.09,9.0,Low Risk
720,France,Male,71,3,82262.84073006434,3,0,0,178889.17411038268,1,7,1.0,100.0,High Risk
621,France,Female,89,7,213606.3907332649,3,0,1,43184.75858163105,0,1,0.02,2.0,Low Risk
465,France,Male,90,10,125232.7856926182,4,0,0,143852.6321761703,1,9,0.99,99.0,High Risk
760,Spain,Male,60,3,14789.069161155938,2,1,0,163393.41814651332,1,6,0.98,98.0,High Risk
758,Germany,Male,69,1,48542.316846962254,2,1,0,78111.76875494099,0,0,0.01,1.0,Low Risk
488,Germany,Male,31,4,54412.29132228101,4,1,1,22708.55839716186,0,0,0.0,0.0,Low Risk
763,France,Male,25,2,191997.7440764051,1,0,1,72508.6440041211,0,1,0.0,0.0,Low Risk
678,France,Male,52,3,50781.35344862159,3,1,0,12334.043898468444,0,1,0.0,0.0,Low Risk
301,Spain,Male,35,2,140479.3136476418,1,1,0,131864.96271347575,0,2,0.06,6.0,Low Risk
663,France,Female,72,6,163135.5080281725,2,0,1,139437.22541670428,1,6,1.0,100.0,High Risk
371,Germany,Male,69,5,193464.3429579305,3,0,1,53672.61968425867,0,2,0.34,34.0,Low Risk
726,Germany,Male,89,1,195970.05449697044,2,0,1,130322.25757294658,0,0,0.0,0.0,Low Risk
469,Spain,Male,66,10,179400.9640312353,4,0,1,11711.580734327785,1,5,1.0,100.0,High Risk
504,Spain,Male,25,7,53295.94886818448,4,0,0,6316.431182875745,1,4,0.96,96.0,High Risk
636,Germany,Female,54,4,135867.32821779622,1,1,1,81607.61574820345,0,0,0.03,3.0,Low Risk
771,Spain,Female,83,5,72542.395390604,1,0,0,96893.65294331124,0,0,0.01,1.0,Low Risk
494,France,Male,58,7,193774.38944722083,2,1,0,3732.031878405722,0,0,0.0,0.0,Low Risk
574,France,Female,90,10,187023.2027187844,2,1,0,117987.17211543652,1,9,0.96,96.0,High Risk
306,Spain,Female,44,10,57411.89166861832,4,0,1,166552.78272776413,0,1,0.01,1.0,Low Risk
477,Germany,Female,37,6,160335.68042818535,3,1,1,82107.90900685331,0,1,0.0,0.0,Low Risk
541,Spain,Female,55,10,14606.97558496718,4,0,1,149412.7099518364,0,1,0.0,0.0,Low Risk
502,Germany,Female,29,2,192137.10426701428,2,1,1,30233.433497694044,1,3,0.96,96.0,High Risk
842,Spain,Male,59,1,195050.51609462497,4,1,1,105921.79017193663,0,0,0.02,2.0,Low Risk
761,Spain,Male,67,2,86752.97769289553,1,1,0,157832.99879590803,0,0,0.0,0.0,Low Risk
379,Spain,Male,48,7,201564.13655235377,1,0,1,136411.33503883454,0,0,0.0,0.0,Low Risk
822,France,Female,82,3,214574.3874683894,2,1,0,155932.45530819555,0,0,0.0,0.0,Low Risk
716,France,Male,70,7,47514.451117794815,4,1,0,144229.84554310664,0,2,0.13,13.0,Low Risk
683,Germany,Female,57,3,87723.77582998753,2,1,1,24214.375638779387,0,1,0.01,1.0,Low Risk
690,Spain,Male,90,6,65270.16915739878,3,1,1,20542.684551877028,0,1,0.02,2.0,Low Risk
425,France,Male,56,5,93589.58246713592,1,1,0,195108.85820400415,1,4,0.99,99.0,High Risk
793,Spain,Male,27,9,111726.03970384054,4,0,1,96466.5162782785,0,0,0.01,1.0,Low Risk
346,Germany,Male,46,0,127492.18651175796,1,0,0,146481.8092987677,0,0,0.01,1.0,Low Risk
775,France,Female,57,10,8775.92549081474,4,1,0,136310.25494181734,0,1,0.01,1.0,Low Risk
763,Germany,Male,47,7,13791.58727974064,1,1,1,8868.368406721578,1,6,1.0,100.0,High Risk
422,France,Male,19,5,163808.65830517613,2,1,0,99334.43032408656,0,0,0.0,0.0,Low Risk
773,Spain,Female,45,1,110685.34726357674,1,1,0,104279.1713158798,1,6,1.0,100.0,High Risk
433,Germany,Female,64,4,22434.400266492154,4,1,1,161720.04792016433,1,2,0.48,48.0,Low Risk
322,France,Male,49,1,96557.47863864,2,0,0,192436.20193805124,0,3,0.21,21.0,Low Risk
534,France,Male,49,9,118873.72366391846,4,1,1,57893.14285586445,0,0,0.0,0.0,Low Risk
358,Spain,Female,44,6,158897.52575096657,3,0,1,11779.499941042626,1,6,0.95,95.0,High Risk
463,Germany,Female,71,10,29582.51621040075,4,0,0,95066.09119723516,0,0,0.04,4.0,Low Risk
515,Germany,Male,73,9,248701.0786418078,4,0,0,5979.207328330853,0,0,0.04,4.0,Low Risk
482,Germany,Female,48,5,118676.38390142818,2,1,1,77089.94249286602,0,0,0.0,0.0,Low Risk
389,Spain,Female,41,6,170197.64353346918,4,0,0,54659.425116657985,0,1,0.01,1.0,Low Risk
610,France,Male,52,5,227054.54304271945,3,1,1,48602.61226298314,0,2,0.28,28.0,Low Risk
556,France,Male,47,9,7955.841017851683,3,0,0,332.1886013613608,0,2,0.16,16.0,Low Risk
832,Germany,Male,72,0,150339.7445479968,2,1,0,50133.021422748345,1,4,0.99,99.0,High Risk
832,France,Female,81,2,135088.93537015494,3,0,1,63990.2644297268,0,1,0.0,0.0,Low Risk
351,Germany,Male,50,9,14351.700326579952,2,0,0,182208.1589017786,1,5,0.98,98.0,High Risk
637,Spain,Male,63,1,173256.93620755637,1,1,1,17660.527296395612,0,0,0.01,1.0,Low Risk
470,Spain,Male,50,0,55195.595120584614,4,1,1,153400.42306231044,0,0,0.01,1.0,Low Risk
366,Spain,Female,85,0,175470.3966904411,4,0,1,144975.33393879377,0,0,0.02,2.0,Low Risk
599,Germany,Male,81,3,90657.29375925356,4,1,0,65257.03391612636,1,8,0.99,99.0,High Risk
531,France,Male,47,10,192531.55024952252,4,0,1,181397.6325031313,0,0,0.02,2.0,Low Risk
367,Spain,Female,46,0,235440.3608100405,2,0,0,131065.6455483452,1,5,1.0,100.0,High Risk
805,Germany,Female,79,1,215128.1544880855,4,1,0,19408.60486718766,1,7,0.98,98.0,High Risk
327,Germany,Male,47,0,120643.39268854636,3,1,0,40810.68613606485,0,0,0.03,3.0,Low Risk
350,Spain,Male,29,5,56318.22602447639,3,1,1,80232.55177865466,0,1,0.0,0.0,Low Risk
559,Spain,Male,84,10,248105.87993205356,1,1,1,193459.15067129512,0,0,0.03,3.0,Low Risk
483,Spain,Female,32,3,164874.66760091702,2,0,0,52891.62323802588,0,2,0.0,0.0,Low Risk
322,France,Male,27,7,98988.15936795612,1,0,0,85648.63431080681,0,0,0.0,0.0,Low Risk
428,France,Male,78,10,120380.93686980124,4,0,0,112138.792228665,0,0,0.0,0.0,Low Risk
590,Germany,Female,40,4,32013.82286629181,3,1,1,71109.72272479058,1,4,0.96,96.0,High Risk
800,Spain,Female,28,9,126323.00747616138,2,0,1,140197.83188050918,0,1,0.0,0.0,Low Risk
485,Spain,Male,33,4,43291.12684159672,3,1,1,132181.7703764819,0,0,0.0,0.0,Low Risk
778,France,Female,66,10,91436.37361852394,2,0,0,12090.688195571542,0,2,0.11,11.0,Low Risk
791,Spain,Male,31,10,122941.73931059171,1,1,0,85755.26110088121,1,5,0.96,96.0,High Risk
812,Germany,Male,23,7,236949.6847849807,4,0,0,156218.69590814953,0,1,0.03,3.0,Low Risk
366,Spain,Female,59,10,156173.2716895253,1,1,0,127985.92711932334,1,7,1.0,100.0,High Risk
766,France,Female,34,9,92972.54526472343,4,1,1,92042.66673363396,0,1,0.0,0.0,Low Risk
584,Germany,Female,59,5,28272.323603935307,3,0,1,145976.48485604016,1,6,0.98,98.0,High Risk
716,Germany,Female,27,5,186797.1470200871,1,1,1,134100.8971297991,0,0,0.0,0.0,Low Risk
399,Spain,Male,63,2,116713.22382039434,1,1,0,167523.61260583077,0,0,0.0,0.0,Low Risk
488,Germany,Female,66,5,17038.78891279306,3,0,0,10208.723420664675,0,0,0.01,1.0,Low Risk
687,Spain,Female,26,9,164218.6549933713,3,0,0,107060.56652038373,0,2,0.04,4.0,Low Risk
540,Spain,Male,56,6,87526.34550377206,3,1,1,132067.72524835382,1,4,0.93,93.0,High Risk
716,France,Male,19,1,100972.8202919046,2,0,0,135091.35564041577,0,1,0.02,2.0,Low Risk
475,Germany,Male,85,2,209713.45575594695,3,0,0,184488.42017122993,0,1,0.02,2.0,Low Risk
686,Spain,Female,69,5,34327.059852879785,2,1,0,82329.19417771221,0,0,0.0,0.0,Low Risk
770,Spain,Male,28,9,85093.71765501403,3,0,0,159025.07799079537,0,0,0.01,1.0,Low Risk
532,Spain,Female,54,8,90917.03657574544,2,0,0,157209.00019166045,1,3,0.94,94.0,High Risk
751,Germany,Female,89,8,832.3396640414483,3,0,1,53779.89619313678,0,0,0.03,3.0,Low Risk
576,Germany,Female,39,7,211332.2290928075,2,0,0,53666.63673569097,1,6,0.99,99.0,High Risk
528,Germany,Female,69,7,208828.1420473908,4,1,0,188569.61644788692,1,6,0.99,99.0,High Risk
470,Spain,Male,22,8,165459.07725219964,4,0,0,64887.27964965577,0,0,0.0,0.0,Low Risk
512,Germany,Male,19,10,224735.2312082003,1,1,0,82886.27734794965,0,1,0.02,2.0,Low Risk
581,Spain,Male,22,10,68221.6520841942,3,0,1,120794.29765590634,0,0,0.01,1.0,Low Risk
340,Germany,Male,49,8,55157.57015739426,3,0,0,63320.86040470606,0,1,0.02,2.0,Low Risk
421,Germany,Male,36,9,17130.20010388322,2,1,1,132363.52197416313,0,0,0.0,0.0,Low Risk
526,Spain,Female,21,10,148003.2031550927,1,0,1,57895.40224396053,0,1,0.0,0.0,Low Risk
593,Germany,Female,63,8,124088.8637653386,4,0,1,105470.71159872344,0,0,0.01,1.0,Low Risk
566,Spain,Female,43,4,202599.07892326472,1,1,1,111921.85597806562,0,0,0.0,0.0,Low Risk
840,Germany,Female,67,5,120321.75938327756,2,0,1,160114.90456844444,0,0,0.01,1.0,Low Risk
750,Germany,Male,43,4,50809.0549487859,3,0,1,172015.60438989024,0,0,0.0,0.0,Low Risk
748,Germany,Female,88,0,202399.2293635292,1,1,0,136322.11910870293,1,8,0.99,99.0,High Risk
360,Germany,Female,49,3,113863.64303318638,3,0,0,54009.55664833384,1,7,0.95,95.0,High Risk
801,France,Female,61,10,238957.55514841425,4,0,1,92776.99335481587,0,0,0.0,0.0,Low Risk
446,Spain,Female,43,0,133617.8543522443,2,0,1,112574.04346059253,0,0,0.0,0.0,Low Risk
633,France,Female,78,0,29184.733572565845,3,1,1,59572.34566700119,0,0,0.01,1.0,Low Risk
441,Germany,Female,68,2,212756.1110244228,1,0,0,188000.63422117615,0,1,0.04,4.0,Low Risk
343,Germany,Male,76,6,219602.59653135404,2,1,0,21733.75284633609,1,8,0.97,97.0,High Risk
443,Spain,Male,55,0,111357.88550893846,4,1,1,166692.5361568539,1,2,0.73,73.0,Medium Risk
632,Spain,Female,43,6,6498.25233581322,1,1,1,85289.0332030103,0,1,0.02,2.0,Low Risk
796,Spain,Female,62,9,7430.867460689105,3,1,0,189102.47425242997,1,7,0.99,99.0,High Risk
695,Spain,Female,48,9,87787.31330189762,3,1,0,106513.1202592143,0,0,0.0,0.0,Low Risk
354,Germany,Female,87,0,179058.05501832833,2,0,1,145944.45753408017,0,0,0.04,4.0,Low Risk
606,Spain,Female,62,8,82762.95358751282,4,1,1,146898.94739583027,0,0,0.0,0.0,Low Risk
722,France,Male,48,4,1932.4806847475784,1,1,1,139603.7281222494,0,0,0.01,1.0,Low Risk
716,Spain,Male,78,5,212142.7573270325,4,0,0,9884.99221184148,0,0,0.01,1.0,Low Risk
624,Spain,Female,65,8,242183.10788620892,1,0,0,124438.30378660816,0,1,0.01,1.0,Low Risk
379,France,Male,62,10,86592.36377530819,1,1,0,178962.93527782094,1,10,1.0,100.0,High Risk
330,France,Female,77,2,18268.680672649003,2,1,0,168703.15906481748,0,3,0.25,25.0,Low Risk
411,France,Female,78,2,72852.92975588678,3,1,1,182990.2868914891,0,0,0.01,1.0,Low Risk
771,France,Male,69,4,199751.44391180712,3,0,0,88883.10371920299,0,1,0.02,2.0,Low Risk
373,Spain,Male,69,6,135564.65186903838,3,0,1,90925.36768087716,0,1,0.01,1.0,Low Risk
778,France,Male,79,2,95996.40984473964,4,1,1,161639.4152278943,0,1,0.03,3.0,Low Risk
686,Germany,Male,43,3,83556.72509447101,1,1,1,60700.9150210978,0,3,0.66,66.0,Medium Risk
732,Spain,Female,84,1,28848.73035655988,2,0,1,153017.14480091748,1,7,0.99,99.0,High Risk
711,Germany,Male,66,8,84878.43952595323,4,1,1,100885.161162504,1,4,1.0,100.0,High Risk
766,Spain,Male,61,9,117527.10907653884,1,0,0,52873.28141514708,0,1,0.03,3.0,Low Risk
547,Spain,Male,53,8,168285.26645868763,2,1,0,128739.82630988507,0,1,0.03,3.0,Low Risk
419,Germany,Female,70,10,65519.588663506074,1,1,1,59165.93615051061,1,8,0.97,97.0,High Risk
366,France,Female,61,1,224344.7202440756,2,1,1,134358.9538179585,1,4,0.96,96.0,High Risk
626,France,Female,39,4,121199.93259037774,4,0,0,113865.7710651196,0,0,0.01,1.0,Low Risk
769,Germany,Male,19,0,101290.31504444205,1,0,0,144441.63964471806,0,1,0.05,5.0,Low Risk
792,France,Male,24,7,148488.4358025947,1,1,1,119816.11282765404,0,0,0.0,0.0,Low Risk
585,Spain,Male,33,5,41905.93660607645,4,1,0,151659.43242746269,0,0,0.02,2.0,Low Risk
611,Spain,Female,61,9,26646.35153388331,2,0,1,199242.06663074653,0,2,0.11,11.0,Low Risk
608,Spain,Male,82,9,86635.0927196038,3,1,1,93558.86342645327,0,1,0.0,0.0,Low Risk
396,France,Male,90,1,9983.347918574054,3,1,0,119654.19324848842,0,1,0.01,1.0,Low Risk
412,France,Female,88,1,94395.80020450785,2,0,1,20387.13984527932,0,0,0.01,1.0,Low Risk
755,Germany,Male,86,9,167871.31437121748,2,1,0,190082.4825600548,0,0,0.0,0.0,Low Risk
762,Spain,Male,78,4,203030.57603334615,3,1,0,119271.390707161,1,4,0.97,97.0,High Risk
431,Germany,Male,47,6,144940.77720283656,1,0,1,20569.361707680426,1,2,0.75,75.0,Medium Risk
420,France,Male,59,8,172832.2892771271,4,0,1,80008.33465365335,1,5,1.0,100.0,High Risk
496,Germany,Female,91,8,208282.44673364,3,1,1,16267.90494394915,0,1,0.06,6.0,Low Risk
781,France,Female,42,10,193282.524548836,2,0,0,99445.19035474924,1,8,1.0,100.0,High Risk
338,Spain,Female,88,5,79995.47883131941,1,0,1,55417.678567720075,1,5,1.0,100.0,High Risk
811,Spain,Male,74,1,143355.66982111777,2,0,0,68062.41651571282,0,0,0.0,0.0,Low Risk
773,France,Male,49,5,66213.28867741433,3,0,0,13824.926394532024,0,1,0.05,5.0,Low Risk
460,France,Female,67,0,144083.44584878784,4,0,1,152484.05169820113,0,1,0.02,2.0,Low Risk
588,France,Male,27,10,106500.34403680502,4,1,0,168226.92388638222,0,0,0.0,0.0,Low Risk
499,Spain,Female,39,10,93199.79541005666,1,1,1,28035.6861841924,0,0,0.0,0.0,Low Risk
827,France,Female,58,1,45890.986026261766,4,0,1,150132.99293618862,0,1,0.02,2.0,Low Risk
802,Spain,Male,64,2,140438.26129719906,3,0,0,25722.61280789075,0,0,0.0,0.0,Low Risk
547,Germany,Female,31,4,182328.99530170375,3,1,1,17117.505204781904,0,1,0.0,0.0,Low Risk
682,Spain,Female,20,9,142819.92607638368,3,1,1,22827.42018081404,0,0,0.0,0.0,Low Risk
517,Germany,Female,70,0,17306.667058006013,1,1,1,6366.463292684532,0,0,0.03,3.0,Low Risk
386,Spain,Female,33,9,231081.74076067444,3,0,1,75221.16202630053,0,1,0.0,0.0,Low Risk
381,Spain,Female,78,4,1372.762384672321,4,1,1,190584.871961872,1,2,0.75,75.0,Medium Risk
361,France,Female,45,4,221264.47841422912,1,1,1,179851.9865208394,0,0,0.0,0.0,Low Risk
799,Spain,Male,52,3,191518.3316048383,3,0,1,66388.10994650789,0,0,0.01,1.0,Low Risk
341,France,Female,19,2,24139.321012090957,3,0,0,158931.59701869538,0,0,0.01,1.0,Low Risk
311,France,Female,78,6,59141.095454327355,2,1,1,164918.9208205501,0,1,0.05,5.0,Low Risk
414,France,Male,73,10,87241.7973911993,3,0,1,30420.162502391588,0,0,0.01,1.0,Low Risk
517,Spain,Male,72,6,227575.22727686615,1,0,0,45898.76363651929,1,4,0.96,96.0,High Risk
405,France,Female,35,0,244981.5533950493,2,0,1,138102.22044288384,0,1,0.0,0.0,Low Risk
827,Germany,Male,88,6,21792.06691824184,1,1,1,52813.52145906263,0,1,0.04,4.0,Low Risk
771,Germany,Male,66,2,99233.03378027477,3,1,0,187631.20215383763,1,8,1.0,100.0,High Risk
686,Spain,Female,59,2,37320.46431163771,4,1,1,46150.160494732765,0,0,0.0,0.0,Low Risk
525,France,Male,24,5,69609.14010912819,2,1,0,159831.1064998851,0,0,0.0,0.0,Low Risk
780,Germany,Female,21,5,245267.5752090621,2,1,1,151622.4862878753,0,0,0.0,0.0,Low Risk
707,Spain,Female,60,10,246106.52803088984,2,1,0,100756.64973905186,0,1,0.04,4.0,Low Risk
756,Spain,Female,76,3,118034.48505352174,1,0,1,52662.51369322752,0,0,0.0,0.0,Low Risk
320,Spain,Female,66,4,45784.68347651282,2,1,0,6781.505331096744,0,0,0.04,4.0,Low Risk
502,Spain,Male,77,2,136754.64831521982,4,1,0,165678.41532892274,0,1,0.02,2.0,Low Risk
716,Spain,Female,23,2,80171.3018931318,4,1,0,75557.43283660871,0,1,0.01,1.0,Low Risk
715,France,Male,37,8,232207.71003218624,2,0,1,68028.64746242382,0,0,0.0,0.0,Low Risk
747,France,Male,48,4,204553.57683036357,1,0,0,8908.303054033404,1,3,0.94,94.0,High Risk
811,France,Female,39,0,77210.16644789571,1,1,1,30274.351935912968,0,1,0.0,0.0,Low Risk
384,France,Female,49,8,4577.27407992542,1,0,0,73589.39995886372,0,0,0.02,2.0,Low Risk
466,Spain,Male,64,9,249512.15891128316,3,0,1,138169.00788181045,0,1,0.0,0.0,Low Risk
683,Spain,Female,51,5,170835.9963747274,1,1,0,41473.62873774624,0,0,0.0,0.0,Low Risk
767,Germany,Female,44,8,106431.88061742373,1,0,0,32730.52084188402,0,0,0.0,0.0,Low Risk
371,Germany,Female,61,10,72113.93100781189,2,0,0,52466.65338327629,0,1,0.02,2.0,Low Risk
820,France,Male,47,6,1106.109623475654,3,1,0,56693.877404047504,0,1,0.03,3.0,Low Risk
772,Spain,Male,50,10,38489.85238913244,2,0,1,82002.45763856942,0,1,0.0,0.0,Low Risk
557,Germany,Male,44,9,1467.833720991379,1,0,1,72193.56867421324,0,0,0.03,3.0,Low Risk
574,Germany,Male,73,9,149396.10754882445,1,1,0,14793.99774930577,1,3,0.98,98.0,High Risk
319,Germany,Female,40,6,165835.81788683689,2,1,0,123586.237731198,0,1,0.06,6.0,Low Risk
789,Germany,Female,60,4,191699.0355988136,3,0,1,26101.283185832606,0,0,0.02,2.0,Low Risk
789,France,Male,71,6,46749.83888270889,3,0,1,173687.53138556876,0,1,0.0,0.0,Low Risk
625,Spain,Male,85,9,23992.717544241703,2,1,1,171904.17374434386,0,0,0.0,0.0,Low Risk
828,France,Male,70,3,162614.77576840122,1,0,0,14486.792226415544,0,0,0.03,3.0,Low Risk
388,Germany,Male,57,10,124973.52976123508,3,0,1,82625.66534483666,1,3,0.88,88.0,High Risk
785,Germany,Male,77,10,218921.47501852893,3,0,0,95381.50696060824,1,3,0.94,94.0,High Risk
649,Spain,Female,26,5,133316.50589809543,4,0,1,199173.6613034609,0,1,0.04,4.0,Low Risk
383,Spain,Male,27,1,111205.30495054346,2,1,0,50259.30978958692,0,0,0.0,0.0,Low Risk
686,France,Male,27,9,122006.95120775432,3,1,1,127193.6894733372,0,1,0.0,0.0,Low Risk
386,Spain,Female,47,2,195580.42958445015,4,1,0,91423.14151230385,0,1,0.0,0.0,Low Risk
606,France,Female,27,1,4576.299773043219,4,0,0,153720.9567159312,0,0,0.0,0.0,Low Risk
453,France,Female,75,9,229552.8608758579,4,0,1,49695.01918689355,0,0,0.01,1.0,Low Risk
739,Germany,Male,53,1,178547.2606197048,1,1,1,136187.43159204014,0,0,0.02,2.0,Low Risk
563,France,Female,61,6,221322.43508771915,2,0,0,25986.990371771823,0,0,0.01,1.0,Low Risk
720,Germany,Male,74,4,239899.74861075572,3,1,1,3035.266294511096,0,0,0.01,1.0,Low Risk
792,France,Male,60,5,56500.921957703344,4,1,0,3654.4114583740256,1,4,0.99,99.0,High Risk
710,France,Female,40,2,144585.1982940952,1,0,0,98543.0099155572,0,0,0.0,0.0,Low Risk
472,Spain,Male,21,9,121510.93151551762,1,0,0,154148.80788187633,0,0,0.01,1.0,Low Risk
303,Spain,Male,29,4,134404.77653790754,2,1,1,115529.6650307357,0,0,0.0,0.0,Low Risk
771,Germany,Female,66,4,11822.295563592294,2,0,1,7274.241118827537,1,6,0.99,99.0,High Risk
409,Spain,Female,41,10,228496.4446530108,1,1,0,110419.99324499496,0,0,0.0,0.0,Low Risk
336,France,Female,30,3,238671.0456288432,1,0,0,22659.643487994275,0,0,0.0,0.0,Low Risk
330,Germany,Female,85,9,171281.07792749087,4,1,0,193080.04509692648,0,1,0.03,3.0,Low Risk
680,Germany,Female,89,3,64569.40992988173,4,0,1,70521.10311294158,0,1,0.01,1.0,Low Risk
567,Germany,Female,51,7,196801.6068631076,3,0,0,100687.9311187322,0,0,0.0,0.0,Low Risk
310,France,Female,26,5,182711.6208840903,4,0,0,67754.37771728501,0,0,0.0,0.0,Low Risk
643,Spain,Female,27,10,143647.57428486054,4,1,0,93424.0077506042,0,0,0.0,0.0,Low Risk
843,Germany,Female,82,1,42559.87415709786,4,1,0,191692.58789013387,0,0,0.04,4.0,Low Risk
465,France,Female,89,1,50294.725542094384,3,0,1,52112.73439066686,0,2,0.06,6.0,Low Risk
641,Spain,Male,91,1,147351.23370313787,3,0,0,143619.1726581395,0,1,0.02,2.0,Low Risk
781,Spain,Male,71,5,32206.198593229125,3,0,0,151059.90407565853,0,0,0.01,1.0,Low Risk
318,Germany,Male,60,0,180982.41150385016,3,0,0,38130.11135467029,0,1,0.01,1.0,Low Risk
483,France,Female,76,2,53150.020790481976,4,1,0,145832.29361697298,0,1,0.01,1.0,Low Risk
844,Spain,Male,76,0,227619.9530984129,2,0,1,129602.41600342284,1,8,1.0,100.0,High Risk
309,France,Male,84,3,224931.28333366587,3,0,0,58215.52996950225,0,1,0.0,0.0,Low Risk
491,Spain,Male,78,0,73400.9657363761,3,1,1,104542.42300194196,0,0,0.01,1.0,Low Risk
619,Germany,Male,55,8,20846.711501585567,3,0,0,118000.83858394442,1,3,0.95,95.0,High Risk
774,Germany,Male,25,10,152853.95105347325,4,0,1,167312.46239095042,0,1,0.01,1.0,Low Risk
726,Spain,Female,82,10,112103.61848822216,1,0,0,24974.06070220385,1,6,1.0,100.0,High Risk
358,France,Female,22,5,35927.22460098602,4,1,1,194395.50185705055,0,0,0.0,0.0,Low Risk
735,Spain,Female,60,7,132870.36836319126,3,0,1,153833.79593078498,0,2,0.08,8.0,Low Risk
396,France,Male,77,1,248181.060722756,4,0,1,106999.88559708175,1,3,0.88,88.0,High Risk
795,Spain,Male,43,5,17245.72878616079,2,1,1,155247.9174723935,0,0,0.0,0.0,Low Risk
577,Germany,Female,28,3,65973.84644280096,4,1,0,146634.8769078791,1,5,0.99,99.0,High Risk
564,France,Female,51,6,134653.57125849038,1,0,1,92031.31420491796,0,0,0.0,0.0,Low Risk
308,Germany,Female,19,7,198340.32063967225,1,1,0,67216.91095232817,0,1,0.01,1.0,Low Risk
756,France,Male,38,5,4690.279998098456,3,1,0,197720.66345757147,0,0,0.04,4.0,Low Risk
572,Spain,Female,43,0,183190.00171261217,1,1,0,176877.43724823,0,0,0.0,0.0,Low Risk
307,Germany,Female,90,7,34970.88574064255,3,0,0,190184.66204886313,0,0,0.03,3.0,Low Risk
507,Germany,Female,22,10,207669.8692531821,4,0,0,9703.79062871618,0,0,0.01,1.0,Low Risk
422,France,Female,26,0,173044.00871397887,4,1,1,163047.01936962572,0,0,0.0,0.0,Low Risk
332,France,Female,67,8,114127.83949764492,3,1,0,178246.60445211956,0,0,0.0,0.0,Low Risk
812,France,Male,27,1,205395.81865245377,3,0,1,95383.73129389394,0,0,0.0,0.0,Low Risk
503,Germany,Male,75,10,183262.17109132055,4,0,0,178188.13524929708,1,7,0.99,99.0,High Risk
817,Spain,Female,27,9,189796.00025753627,2,0,0,20184.65189067276,0,1,0.0,0.0,Low Risk
816,France,Male,53,5,72518.4344737565,1,0,1,12104.291220702544,0,0,0.01,1.0,Low Risk
742,Spain,Female,91,7,154854.71302299685,1,1,0,58318.827872869704,1,1,0.06,6.0,Low Risk
638,France,Female,73,4,35276.513150721636,1,1,1,5258.2338194888,0,1,0.01,1.0,Low Risk
737,Spain,Male,79,1,205215.1906350632,1,0,0,136800.91696825097,1,12,0.99,99.0,High Risk
744,France,Male,54,4,131685.53024592696,4,0,1,185394.58657659116,0,1,0.01,1.0,Low Risk
435,Spain,Male,58,0,206220.9121078538,1,1,0,59018.40003324572,0,0,0.02,2.0,Low Risk
686,Germany,Male,65,7,52789.220348089635,4,0,1,131924.3652493673,0,1,0.0,0.0,Low Risk
324,France,Female,39,7,32585.3783140424,3,1,1,93615.02952593788,0,1,0.01,1.0,Low Risk
805,France,Male,78,1,172242.19234816526,4,0,1,51018.88833314858,0,0,0.0,0.0,Low Risk
624,Germany,Female,65,5,14599.38165004565,3,0,0,183713.31945218617,0,0,0.04,4.0,Low Risk
637,France,Female,81,10,60996.486387597746,3,0,1,191582.91655093455,0,0,0.04,4.0,Low Risk
394,France,Female,54,7,227178.41184089228,2,1,0,26959.606160893465,1,8,1.0,100.0,High Risk
844,Germany,Female,58,9,33189.49216993247,2,1,1,153396.74411227027,0,0,0.02,2.0,Low Risk
445,Germany,Female,22,7,93888.97228395416,2,1,0,37771.48167294741,1,3,0.64,64.0,Medium Risk
530,Spain,Male,69,6,236395.72434000156,2,1,0,97649.78522330929,1,9,0.99,99.0,High Risk
794,Germany,Female,34,2,5000.8039785142955,1,0,0,72203.18514993475,0,0,0.03,3.0,Low Risk
337,Germany,Male,79,10,111328.77836261263,2,0,0,48805.27534171725,0,0,0.01,1.0,Low Risk
724,France,Female,69,3,196614.80540321997,1,1,1,135165.02359717272,0,0,0.0,0.0,Low Risk
736,Germany,Male,37,0,227245.10135299235,1,1,1,171080.68292069936,0,0,0.0,0.0,Low Risk
667,France,Male,33,8,183894.2292392972,1,1,1,156236.17612996913,0,0,0.0,0.0,Low Risk
644,Germany,Female,24,9,222097.93328099744,3,0,1,144459.5250201377,0,0,0.0,0.0,Low Risk
459,Germany,Female,83,9,8592.058101397126,3,0,0,13260.763780554782,1,2,0.78,78.0,High Risk
849,Spain,Male,29,1,24969.044825419172,1,1,1,19494.402309660865,0,1,0.09,9.0,Low Risk
840,Germany,Female,60,9,184431.64495325435,2,1,0,92971.27801904084,1,8,0.98,98.0,High Risk
443,Germany,Female,57,6,188332.0630623444,1,1,1,111157.04285322728,0,0,0.0,0.0,Low Risk
644,France,Male,18,7,151317.86116882207,3,0,0,144680.01833164308,0,1,0.01,1.0,Low Risk
568,France,Male,75,3,182569.12572948812,2,0,0,71177.5985204124,0,1,0.01,1.0,Low Risk
567,Spain,Female,20,10,214513.2800873897,3,0,0,4594.99932549688,1,5,0.95,95.0,High Risk
468,Germany,Female,25,10,136370.62753523423,2,1,0,7229.913351696699,0,0,0.0,0.0,Low Risk
332,France,Female,78,9,236831.09038199997,3,0,0,170967.56298898498,0,0,0.0,0.0,Low Risk
676,Germany,Female,22,0,173559.41263461582,1,0,0,25719.236184278114,0,0,0.0,0.0,Low Risk
513,Spain,Male,43,4,117995.52131058223,4,0,0,187379.39402291417,0,1,0.01,1.0,Low Risk
739,France,Male,90,9,105379.53093085247,4,0,0,66532.27334396158,1,4,0.98,98.0,High Risk
791,France,Female,34,9,187541.69889035576,3,1,1,116734.77650411194,0,0,0.02,2.0,Low Risk
692,Spain,Male,83,5,157617.30440746286,2,0,0,33731.95375217114,0,0,0.01,1.0,Low Risk
788,Germany,Male,68,6,204360.8421096623,3,0,1,90812.95422731564,1,3,0.98,98.0,High Risk
328,France,Male,64,0,195246.56566049252,4,1,1,175163.1010919552,0,1,0.02,2.0,Low Risk
338,France,Male,57,3,131050.67393888671,2,0,0,196826.70356342537,0,0,0.01,1.0,Low Risk
472,Spain,Male,44,4,236425.44757374012,3,1,1,153310.90288024693,0,1,0.02,2.0,Low Risk
316,Spain,Male,57,4,176064.31679845433,4,1,1,152925.8722612329,0,0,0.02,2.0,Low Risk
355,Spain,Male,18,6,50209.896930282914,3,0,1,177063.64694325568,0,0,0.0,0.0,Low Risk
525,Germany,Female,63,3,154621.79339914268,1,0,0,48986.19121015192,1,3,0.98,98.0,High Risk
366,Germany,Female,28,9,50453.26396900051,2,0,1,147255.97657218573,0,0,0.0,0.0,Low Risk
496,Germany,Male,56,6,139712.32379991043,2,1,0,111671.70763273245,1,2,0.8,80.0,High Risk
322,Spain,Male,35,7,197483.6130734454,1,1,0,52343.85177643697,1,6,1.0,100.0,High Risk
536,France,Male,64,1,203126.3355713432,4,1,1,11103.996288733102,0,1,0.03,3.0,Low Risk
437,Germany,Male,91,0,162706.25454597987,3,1,0,40172.08210882396,0,0,0.02,2.0,Low Risk
772,Spain,Male,38,9,195826.54299009123,4,0,1,130041.5228655103,1,2,0.66,66.0,Medium Risk
528,Germany,Female,45,9,118058.91154778606,2,0,0,113973.79759034408,0,1,0.07,7.0,Low Risk
616,France,Male,18,0,137663.9612680906,4,1,1,13863.47912394678,0,0,0.01,1.0,Low Risk
500,France,Female,31,0,219901.74486055857,2,0,0,112466.74333065913,0,1,0.02,2.0,Low Risk
557,Spain,Female,37,8,123270.16258040782,2,1,1,78135.95722928995,0,0,0.0,0.0,Low Risk
779,France,Male,90,3,87732.27216002603,1,0,1,2996.190041593879,0,2,0.11,11.0,Low Risk
477,Spain,Male,62,8,199248.1423562833,1,1,0,181899.33272298443,0,1,0.02,2.0,Low Risk
422,Spain,Male,78,6,12618.424427691703,2,1,1,51682.645101518174,1,6,1.0,100.0,High Risk
641,Spain,Female,44,6,239589.2543363456,3,1,0,110683.55571960118,0,0,0.0,0.0,Low Risk
470,Spain,Female,73,1,85016.29779016468,3,0,0,117832.96672668144,1,3,0.75,75.0,Medium Risk
358,France,Female,69,1,157404.0400061843,1,0,0,99766.81646781613,1,9,1.0,100.0,High Risk
764,France,Male,85,4,171363.81306911574,3,1,0,47924.00596942208,0,0,0.01,1.0,Low Risk
559,France,Male,54,9,34269.5418745802,1,1,1,81479.2347908502,0,1,0.02,2.0,Low Risk
672,France,Male,48,0,205715.06168985376,2,1,1,58073.306307451865,1,5,0.99,99.0,High Risk
394,Spain,Male,66,6,143028.2396731303,2,0,1,86716.92750325217,0,1,0.01,1.0,Low Risk
424,Spain,Male,70,10,81982.15438426667,2,1,1,16541.27927811475,0,0,0.01,1.0,Low Risk
340,France,Male,56,6,212671.46808119,1,0,0,33197.951871731086,1,1,0.0,0.0,Low Risk
553,Germany,Female,27,10,156270.0945692494,3,0,0,27511.98829039881,0,3,0.28,28.0,Low Risk
306,Germany,Female,26,7,196444.5425004322,2,1,0,119004.38573218643,1,5,0.94,94.0,High Risk
770,Germany,Male,30,6,248077.4441644172,4,0,1,131182.56460288842,0,0,0.03,3.0,Low Risk
810,France,Male,35,7,32569.102164708485,3,1,1,182792.0657475986,0,0,0.0,0.0,Low Risk
368,Spain,Female,29,2,187399.12094913423,3,1,0,52439.8099581341,0,2,0.02,2.0,Low Risk
380,Spain,Female,89,2,189417.75227955545,1,0,0,78703.82224674243,0,0,0.01,1.0,Low Risk
841,Germany,Female,22,7,218672.41601839065,1,0,0,124489.95138091246,0,0,0.02,2.0,Low Risk
561,Germany,Male,24,8,102016.36312618174,3,0,0,194351.45319988832,0,0,0.03,3.0,Low Risk
388,Spain,Female,32,9,217412.8285393897,3,0,0,78309.5008514473,0,0,0.0,0.0,Low Risk
507,Germany,Female,84,3,159970.80943310197,2,0,0,57930.2715322331,1,5,1.0,100.0,High Risk
512,Germany,Female,35,7,17193.04308097433,2,0,1,77565.04501243179,0,0,0.0,0.0,Low Risk
565,Spain,Female,55,0,7879.187575859231,4,0,1,61866.724595976135,1,4,0.89,89.0,High Risk
592,Germany,Female,43,1,120371.35345192636,2,1,0,17026.971850368154,0,1,0.02,2.0,Low Risk
506,Germany,Male,55,9,196458.01800848692,3,0,1,69203.48296120692,1,2,0.3,30.0,Low Risk
632,France,Male,76,9,96057.88140671849,1,1,1,117069.12060208822,0,0,0.02,2.0,Low Risk
376,Germany,Female,69,9,212958.03798664373,4,0,1,36566.746924364415,1,1,0.71,71.0,Medium Risk
587,France,Male,50,8,123030.50410489904,3,0,1,166734.19238406452,0,0,0.0,0.0,Low Risk
346,Spain,Male,38,1,6572.118369899737,4,1,0,147074.82008456183,0,0,0.01,1.0,Low Risk
499,France,Female,34,1,243416.26501423176,4,1,0,111721.52499849342,0,0,0.0,0.0,Low Risk
726,Spain,Male,79,7,122402.9411506623,4,1,1,147501.49768151442,0,0,0.0,0.0,Low Risk
509,France,Male,76,4,162533.99425045963,2,1,0,63340.00008838222,0,1,0.0,0.0,Low Risk
719,France,Female,19,4,49822.30390763925,2,0,1,40034.94977623836,0,1,0.0,0.0,Low Risk
453,France,Female,81,10,74332.66635066833,1,0,0,168456.3242059723,1,6,0.99,99.0,High Risk
821,Germany,Male,42,5,121071.12421342904,3,1,0,163760.53771462978,1,7,0.94,94.0,High Risk
714,Germany,Male,58,7,214047.3007112724,4,0,1,147193.4076033642,0,1,0.06,6.0,Low Risk
652,Germany,Male,36,7,25488.556248298933,2,0,0,51269.12711909296,0,0,0.03,3.0,Low Risk
456,Germany,Female,55,8,195084.92352512936,1,1,0,68738.11704224569,1,4,1.0,100.0,High Risk
560,Germany,Male,42,9,144837.69655890993,2,1,0,76121.17794879925,0,0,0.03,3.0,Low Risk
376,France,Male,56,10,124916.31854360072,1,0,1,36855.496069119574,0,0,0.03,3.0,Low Risk
787,Germany,Female,21,2,219146.9772510778,3,1,1,152009.98263600207,0,1,0.03,3.0,Low Risk
430,Spain,Male,20,8,29530.033283043933,4,0,1,36947.455490930945,0,0,0.0,0.0,Low Risk
754,France,Female,51,10,247688.5359764332,1,1,0,44357.923986274815,1,5,0.97,97.0,High Risk
462,France,Male,27,2,213658.36064529244,4,0,0,9644.313744893512,0,0,0.0,0.0,Low Risk
314,Spain,Female,44,0,81434.23253274846,3,1,1,132673.22648711188,0,0,0.0,0.0,Low Risk
531,Germany,Male,18,10,112894.11339597502,3,1,1,185800.42986523607,0,0,0.01,1.0,Low Risk
494,Spain,Male,61,4,6250.827428079226,2,1,1,96758.05609663176,0,0,0.0,0.0,Low Risk
841,France,Female,69,6,131901.24920814298,3,1,1,179560.27378549043,0,2,0.06,6.0,Low Risk
658,France,Female,42,2,136929.89283040093,4,0,0,168201.59958000877,0,0,0.01,1.0,Low Risk
630,France,Female,91,8,231643.93286880656,2,0,0,158942.38242718106,0,0,0.01,1.0,Low Risk
726,Spain,Female,82,0,96981.41884337756,4,0,0,33536.38969053247,1,3,0.82,82.0,High Risk
796,Germany,Female,28,5,142654.48839374338,2,0,0,75470.13387987416,1,6,0.98,98.0,High Risk
785,France,Female,85,5,185154.33611626795,4,1,1,132771.1793031345,0,0,0.0,0.0,Low Risk
748,Germany,Female,32,7,152129.10953033285,3,0,1,68877.84505721729,0,1,0.01,1.0,Low Risk
712,France,Male,74,2,39043.46959400881,1,1,1,142181.12213384185,0,0,0.0,0.0,Low Risk
629,Germany,Male,91,4,42953.81498143919,3,0,0,57465.28692351589,1,5,1.0,100.0,High Risk
446,Spain,Male,81,10,34584.87545172684,4,1,1,78529.19093246372,0,1,0.06,6.0,Low Risk
558,France,Male,28,9,54432.24038758085,3,0,1,146304.9555752184,0,1,0.0,0.0,Low Risk
591,France,Male,37,10,82082.44336603093,1,1,1,23585.669668272567,0,0,0.0,0.0,Low Risk
442,France,Male,47,4,184916.8497815135,4,0,0,157358.35928912155,0,1,0.01,1.0,Low Risk
664,Spain,Male,27,7,15231.452518986693,4,1,1,142517.418151857,0,0,0.0,0.0,Low Risk
389,Spain,Female,71,6,205111.2400050123,2,1,1,89931.19879189823,0,0,0.0,0.0,Low Risk
463,Germany,Male,75,2,65615.60256251872,2,0,0,87510.70529982004,1,1,0.73,73.0,Medium Risk
780,Spain,Female,46,6,153355.92300847513,3,0,0,181333.8018050232,0,0,0.01,1.0,Low Risk
383,France,Male,18,9,138192.08881675082,1,1,1,143257.3704897709,0,0,0.0,0.0,Low Risk
376,Germany,Female,75,7,38505.55911558107,1,0,1,124036.9279907648,0,0,0.01,1.0,Low Risk
816,Spain,Male,38,4,71824.29210586664,1,0,1,172836.9943598096,0,0,0.0,0.0,Low Risk
784,Germany,Male,32,10,73980.23231787249,1,1,0,66329.22613064895,0,0,0.0,0.0,Low Risk
403,Germany,Male,84,4,155957.58684390283,4,1,0,57347.05407677524,1,5,1.0,100.0,High Risk
751,Germany,Male,50,10,197125.12392410496,3,1,1,41969.93985356845,1,3,0.92,92.0,High Risk
786,France,Female,55,0,249072.15269733337,4,0,0,104051.2448343802,0,1,0.1,10.0,Low Risk
638,France,Male,36,7,23974.308469895124,3,0,0,197619.35504956465,0,1,0.01,1.0,Low Risk
777,Spain,Female,21,5,234666.6976651324,2,1,0,185692.30446699247,0,2,0.12,12.0,Low Risk
522,France,Male,75,5,140381.52291924038,1,0,1,91066.39735889064,0,2,0.05,5.0,Low Risk
308,Germany,Male,87,4,89191.95341133176,3,0,0,22276.71224386038,0,1,0.0,0.0,Low Risk
352,Germany,Male,29,4,71143.69415899941,4,0,0,174919.52618778835,0,0,0.01,1.0,Low Risk
376,France,Male,34,2,52260.127093671894,4,1,1,184521.47461146992,0,1,0.0,0.0,Low Risk
802,Germany,Female,18,2,139268.66003071488,4,0,0,34281.554222327715,0,0,0.03,3.0,Low Risk
615,France,Female,31,1,236504.23345480967,4,0,1,176692.78450264546,0,0,0.0,0.0,Low Risk
464,Germany,Female,19,8,45538.976055658844,3,1,0,89261.68424780779,0,0,0.01,1.0,Low Risk
578,Spain,Male,21,7,109041.76222308094,1,0,1,2342.652272456627,0,0,0.01,1.0,Low Risk
326,Spain,Male,83,10,50962.03261226059,4,1,0,188625.65308939185,0,0,0.07,7.0,Low Risk
369,France,Male,63,2,43907.59443875636,1,0,0,8570.18792302429,0,1,0.01,1.0,Low Risk
517,France,Male,67,4,216685.4639531961,2,0,0,6931.293069183855,1,4,0.96,96.0,High Risk
664,France,Female,77,9,65490.63603566404,1,1,0,192695.97220212643,1,4,0.96,96.0,High Risk
605,France,Female,69,4,61992.958684774945,2,1,1,42925.1699901342,0,0,0.0,0.0,Low Risk
423,France,Female,65,7,227448.07263622765,2,1,0,111130.51424727296,0,0,0.01,1.0,Low Risk
318,Germany,Male,56,5,96510.07122651135,1,0,0,188540.5043786059,0,2,0.19,19.0,Low Risk
556,Spain,Female,87,6,2179.1692102168804,1,0,0,188002.4874791956,0,2,0.16,16.0,Low Risk
595,Germany,Male,77,4,180296.4128631929,3,1,1,34831.37606857841,0,0,0.0,0.0,Low Risk
321,Spain,Female,47,0,129253.00147923724,4,1,0,102714.02328729692,1,7,0.95,95.0,High Risk
749,Germany,Female,44,7,193532.8488819797,1,0,0,1400.621976738536,0,1,0.0,0.0,Low Risk
849,Germany,Female,91,3,142573.6410799702,1,0,0,18085.693988440704,0,0,0.05,5.0,Low Risk
347,Germany,Female,72,4,87816.80122975286,2,1,1,189630.22747718744,0,1,0.02,2.0,Low Risk
482,France,Male,87,0,16641.072445513826,1,0,0,83038.03150348099,0,0,0.03,3.0,Low Risk
734,Spain,Male,43,2,216484.15576914075,4,1,1,30046.520824116848,0,0,0.0,0.0,Low Risk
406,France,Female,59,1,51771.163628424874,3,0,0,126284.64192598625,1,4,0.97,97.0,High Risk
487,France,Female,84,1,242836.9963188027,4,0,0,34674.270603430705,0,0,0.03,3.0,Low Risk
385,Germany,Male,84,0,61458.81374532408,4,0,1,196028.60945538912,0,0,0.01,1.0,Low Risk
755,Spain,Female,69,5,206758.90028259612,3,0,0,134173.13955091467,1,2,0.77,77.0,High Risk
436,Spain,Female,23,7,197187.05145446036,1,0,1,73741.84397078355,1,6,0.97,97.0,High Risk
635,Spain,Female,27,2,115686.7833883564,1,1,1,76236.28177816703,0,0,0.0,0.0,Low Risk
768,Spain,Male,55,0,100425.9663047814,2,1,1,183387.58839656023,0,1,0.02,2.0,Low Risk
702,France,Male,29,9,175814.92377832046,1,1,0,179006.1544282187,1,2,0.74,74.0,Medium Risk
839,France,Female,63,1,132138.1279016257,2,1,0,189996.84880986225,0,0,0.03,3.0,Low Risk
371,Spain,Female,66,2,157989.53919918742,1,1,1,90735.02417709824,1,6,1.0,100.0,High Risk
323,France,Male,89,5,117553.8647656218,2,1,0,170151.41183895088,0,1,0.01,1.0,Low Risk
784,Spain,Male,80,2,139288.656692178,3,0,1,96972.17927240094,0,1,0.03,3.0,Low Risk
355,France,Male,86,8,47287.51008876411,1,1,0,126597.55576396556,1,2,0.68,68.0,Medium Risk
522,Germany,Male,60,0,13849.08890651354,1,0,1,101486.48731576168,1,5,0.99,99.0,High Risk
478,Germany,Male,77,6,88980.92919037356,4,1,1,121648.84912453298,1,4,0.98,98.0,High Risk
733,Spain,Male,46,9,116465.48743802884,2,1,0,101899.11757822418,0,0,0.0,0.0,Low Risk
749,Spain,Male,91,7,226507.40164009875,2,1,1,30976.84524246208,0,2,0.09,9.0,Low Risk
791,France,Male,28,8,103484.87848811486,4,0,1,21686.035429124655,0,1,0.01,1.0,Low Risk
488,Spain,Female,52,7,108479.68836919645,1,0,0,188219.57803743417,0,1,0.01,1.0,Low Risk
719,Spain,Female,40,4,168707.85235170418,2,0,0,101951.67684409433,0,0,0.01,1.0,Low Risk
548,France,Male,89,0,51696.54777978674,1,1,0,188371.25888588984,0,0,0.01,1.0,Low Risk
463,Spain,Female,38,0,217909.9021068418,3,1,1,137166.45565911577,0,0,0.0,0.0,Low Risk
554,Spain,Male,54,7,106910.2451088135,2,0,0,17803.74708220437,1,5,0.98,98.0,High Risk
775,Germany,Female,45,6,232696.7476410143,1,1,1,40320.439734576044,0,0,0.04,4.0,Low Risk
716,Germany,Male,75,4,67817.0971078051,3,1,0,153550.21190251614,0,0,0.0,0.0,Low Risk
469,Germany,Male,70,9,116398.0971679176,1,1,0,35572.05922638959,0,0,0.0,0.0,Low Risk
616,Spain,Female,45,2,194540.2966236836,1,1,0,1554.5927204681066,0,0,0.01,1.0,Low Risk
473,France,Female,59,8,138981.69914775362,3,1,1,22362.35125157561,0,0,0.02,2.0,Low Risk
769,Germany,Female,90,3,165311.37378527844,2,0,0,95353.48178982972,1,3,0.97,97.0,High Risk
644,Spain,Female,78,5,70174.07578924714,4,0,1,32660.81324630092,0,0,0.0,0.0,Low Risk
744,Germany,Female,50,10,82114.79806499419,4,1,0,9012.60691672117,1,5,0.99,99.0,High Risk
317,France,Male,72,3,126903.37220880992,3,1,0,148721.15134692122,1,7,1.0,100.0,High Risk
369,France,Male,54,8,50619.96084738699,1,0,0,194422.95203978353,0,1,0.0,0.0,Low Risk
637,France,Male,64,3,31576.54284353101,4,1,0,195696.8064378189,0,0,0.0,0.0,Low Risk
826,France,Female,53,7,210950.59981087595,3,1,0,179997.7461186737,0,0,0.01,1.0,Low Risk
755,France,Male,45,10,193713.5866837267,4,1,0,3846.845952690505,0,1,0.01,1.0,Low Risk
568,France,Male,27,2,233014.23709799367,1,1,1,48029.23497710187,0,0,0.0,0.0,Low Risk
487,Spain,Female,40,7,146637.95176695657,3,1,1,27547.295972412147,0,0,0.0,0.0,Low Risk
828,Germany,Male,22,10,105066.32176393802,2,1,1,128045.63536038969,0,1,0.01,1.0,Low Risk
733,France,Female,23,2,25755.25400442466,3,0,1,169917.4307454606,0,0,0.0,0.0,Low Risk
587,Germany,Female,59,10,212616.86638098635,3,0,1,114384.6925022872,0,0,0.04,4.0,Low Risk
798,Germany,Male,64,4,114064.7989544877,4,1,1,69341.03613357687,1,3,0.96,96.0,High Risk
740,Spain,Male,45,0,140283.45757949018,4,0,0,182382.32796286093,0,0,0.0,0.0,Low Risk
602,France,Female,30,5,78380.83269430322,2,1,0,101041.58857283968,0,0,0.0,0.0,Low Risk
386,France,Female,42,10,130968.2348418973,4,0,0,34945.2772290595,1,3,0.76,76.0,High Risk
737,Spain,Male,24,1,195438.0775449859,4,1,1,106679.14525009462,0,0,0.0,0.0,Low Risk
840,Spain,Male,83,2,178064.9377779071,4,0,1,3635.927867144235,0,1,0.03,3.0,Low Risk
321,Spain,Male,75,10,247230.6605182955,1,1,0,7712.36884856574,0,0,0.07,7.0,Low Risk
816,Spain,Male,83,0,123912.2422912876,3,0,1,125522.46861140893,0,1,0.03,3.0,Low Risk
802,Spain,Male,53,10,132424.93328999914,4,1,1,144656.53020328228,0,0,0.0,0.0,Low Risk
766,Germany,Female,19,5,13181.505295985356,1,1,0,27672.772463741116,0,0,0.0,0.0,Low Risk
400,Spain,Female,55,4,97345.70146296544,3,1,1,106687.88299957746,0,0,0.01,1.0,Low Risk
440,France,Male,91,9,230526.0807599277,2,0,1,154528.6013503578,0,1,0.02,2.0,Low Risk
437,France,Male,31,1,87619.05120068933,3,1,0,176468.8272933316,0,0,0.0,0.0,Low Risk
527,Spain,Male,44,10,191527.9585376706,1,1,0,94809.50457461108,0,1,0.0,0.0,Low Risk
580,Spain,Male,32,7,244399.8535549052,1,1,0,24441.723440166363,0,1,0.01,1.0,Low Risk
730,Spain,Male,29,8,31712.153575965964,2,0,1,13847.293800160724,0,0,0.01,1.0,Low Risk
339,Spain,Female,60,2,83498.26437954353,1,1,1,171318.04650059476,0,0,0.02,2.0,Low Risk
818,Spain,Female,74,5,118593.54807516807,2,0,1,15534.38598017599,0,2,0.16,16.0,Low Risk
510,France,Male,65,5,59343.74753958849,2,0,1,163561.2727799927,0,2,0.24,24.0,Low Risk
601,Germany,Male,78,9,3109.0916567206305,1,1,0,87382.94017625354,1,5,0.94,94.0,High Risk
385,Spain,Male,61,5,117151.03573814296,1,1,0,87293.06837305825,0,0,0.0,0.0,Low Risk
696,Spain,Female,69,7,134154.0441083215,4,1,1,103722.74375873046,0,1,0.05,5.0,Low Risk
552,Spain,Female,79,4,156358.61304880233,4,1,0,27165.252547063068,1,6,1.0,100.0,High Risk
832,France,Female,19,9,206803.7742922014,2,0,1,148511.47259812674,0,0,0.0,0.0,Low Risk
680,France,Male,88,9,63260.63703512649,1,0,0,60007.80628703635,1,2,0.4,40.0,Low Risk
743,Germany,Male,48,7,15259.0171496286,4,1,0,119559.81859512268,0,2,0.17,17.0,Low Risk
332,Germany,Female,90,2,22458.719656088753,4,1,1,1076.7374413371706,0,1,0.16,16.0,Low Risk
559,Germany,Female,89,6,124352.3737466862,4,0,1,56310.8101056951,1,5,1.0,100.0,High Risk
533,Germany,Male,50,0,230559.1197632156,4,1,1,8105.410273899923,0,0,0.0,0.0,Low Risk
814,France,Female,22,3,245552.7043430755,2,0,1,62728.93108528829,0,1,0.0,0.0,Low Risk
607,Germany,Female,75,4,51262.82295506496,3,0,1,25245.978669053544,0,1,0.0,0.0,Low Risk
369,Spain,Female,28,6,37991.84734190078,1,0,0,14017.94240938593,0,0,0.01,1.0,Low Risk
753,France,Male,40,5,88367.9524240662,1,0,0,169597.01805506807,0,0,0.01,1.0,Low Risk
738,France,Male,62,5,115972.41694822736,4,0,0,72986.48772727746,1,5,1.0,100.0,High Risk
663,France,Female,44,1,202016.3207465073,2,0,1,165068.9450994864,0,0,0.0,0.0,Low Risk
780,Spain,Female,73,10,193651.70533624175,3,1,1,178533.26470439383,0,0,0.0,0.0,Low Risk
443,France,Male,76,1,230666.52345935,3,1,1,101215.459960569,0,0,0.01,1.0,Low Risk
323,Spain,Male,57,1,214525.184681091,1,1,0,113570.83949513544,0,1,0.01,1.0,Low Risk
724,Germany,Female,35,9,109698.1188895716,2,1,0,129315.25930767646,0,1,0.01,1.0,Low Risk
474,France,Female,68,7,4755.708288858685,2,1,1,128945.291844783,1,4,0.98,98.0,High Risk
624,Spain,Female,78,6,59147.387980838714,1,0,1,106039.84281678723,1,1,0.61,61.0,Medium Risk
647,France,Male,40,0,152513.60850091494,3,0,0,118873.96694993344,0,0,0.0,0.0,Low Risk
317,Germany,Female,53,8,125373.5936984732,2,0,1,88226.03333022044,0,1,0.02,2.0,Low Risk
343,France,Female,55,10,60040.058486558686,4,1,1,183229.72702752473,0,1,0.06,6.0,Low Risk
454,Germany,Female,89,10,32899.807836137385,2,0,0,144263.17122820328,0,0,0.08,8.0,Low Risk
676,France,Female,73,7,54003.033366932075,1,0,1,62991.152720916165,0,0,0.01,1.0,Low Risk
701,Spain,Female,56,8,64936.22945073238,1,1,1,67011.8382434404,0,0,0.0,0.0,Low Risk
524,Germany,Male,86,3,216822.66499312196,4,0,1,91050.8892643294,0,0,0.0,0.0,Low Risk
516,France,Female,45,4,177565.4847786484,3,1,1,6340.802941820989,0,0,0.0,0.0,Low Risk
330,Germany,Female,38,10,138083.11452507478,3,0,1,198276.20048316655,0,1,0.03,3.0,Low Risk
358,Germany,Male,79,4,5235.255443826442,4,1,0,93573.81787336424,1,6,0.95,95.0,High Risk
652,Spain,Male,40,10,205299.0907820759,2,0,0,155014.2659153396,0,2,0.04,4.0,Low Risk
744,Spain,Female,38,8,138115.90794666365,1,1,1,31645.275396966685,1,2,0.03,3.0,Low Risk
534,Spain,Female,33,7,156835.10885533734,4,1,1,121846.17001030318,0,0,0.01,1.0,Low Risk
406,Spain,Female,79,9,16411.670638435073,1,0,0,76347.73473008265,1,5,1.0,100.0,High Risk
490,Germany,Male,82,5,203712.51215134593,1,1,0,177986.41024319577,0,1,0.05,5.0,Low Risk
829,Germany,Male,22,10,208007.02767264712,4,1,1,186508.45162913355,0,0,0.02,2.0,Low Risk
544,France,Male,63,9,220835.50219510164,3,0,1,124967.1696287144,0,0,0.01,1.0,Low Risk
375,France,Male,81,10,132022.37325046226,3,0,0,12196.792985616556,1,5,1.0,100.0,High Risk
846,France,Female,58,9,98511.12246688436,4,0,1,93327.02618049302,0,1,0.0,0.0,Low Risk
566,Spain,Male,61,0,18261.58298554223,4,0,1,3395.756337175714,1,8,0.92,92.0,High Risk
616,Germany,Female,32,6,48471.265810732664,2,0,0,103607.1974840025,0,1,0.0,0.0,Low Risk
420,Germany,Male,85,8,56392.22261224236,4,0,1,100288.3900424899,1,4,1.0,100.0,High Risk
324,France,Female,68,3,15672.491052955622,1,1,0,83458.37559303707,0,0,0.0,0.0,Low Risk
731,France,Female,71,3,38593.79304866126,3,0,0,67408.14750089464,0,0,0.0,0.0,Low Risk
459,Germany,Female,85,4,221700.88072254125,1,0,1,115797.18602640615,0,0,0.01,1.0,Low Risk
413,Spain,Male,59,7,136350.64125599706,3,0,0,35366.18097927873,0,1,0.01,1.0,Low Risk
801,France,Female,63,10,191122.8212452281,1,1,1,5274.730298941726,0,0,0.0,0.0,Low Risk
465,France,Female,42,4,68755.95752024539,4,0,0,157341.2827849067,0,1,0.01,1.0,Low Risk
474,Germany,Female,84,3,33649.532960875586,4,1,1,157120.60766262733,0,0,0.02,2.0,Low Risk
300,Germany,Male,52,7,93313.45782186136,2,0,0,115884.50429478294,0,1,0.01,1.0,Low Risk
385,France,Female,90,10,198246.29759267668,3,1,0,166019.36022746665,0,0,0.03,3.0,Low Risk
619,France,Male,39,4,74332.82689507875,4,0,1,102593.76548333,0,0,0.0,0.0,Low Risk
700,Spain,Female,26,7,51133.72304373881,3,0,0,1319.4453370822182,0,1,0.0,0.0,Low Risk
681,Spain,Male,41,0,5599.277262680419,4,1,1,29663.949953498057,0,0,0.0,0.0,Low Risk
617,Spain,Female,40,2,156002.7989130942,2,0,0,91919.20256776614,0,0,0.0,0.0,Low Risk
549,Spain,Female,78,6,108955.44214594232,4,0,1,172456.39185489048,0,0,0.01,1.0,Low Risk
824,France,Female,54,0,64689.19713793647,4,1,0,45124.169463873826,0,0,0.02,2.0,Low Risk
555,France,Female,62,10,129938.53853534568,2,0,1,6818.641604477214,0,1,0.01,1.0,Low Risk
606,France,Male,32,4,175155.99973110107,1,1,0,82506.33133972915,0,0,0.0,0.0,Low Risk
443,Spain,Female,74,5,61866.70345413689,3,0,1,13353.659586249816,0,1,0.04,4.0,Low Risk
690,France,Female,31,0,152192.65472354696,1,0,0,110089.9613710884,0,1,0.01,1.0,Low Risk
468,Germany,Female,69,6,65038.215146202616,1,1,1,11133.690567670385,0,0,0.03,3.0,Low Risk
597,Spain,Male,53,8,246665.2169711526,1,0,1,3335.294972142193,1,4,0.93,93.0,High Risk
532,Germany,Male,44,8,183097.56770950195,3,1,0,188650.1645784447,0,0,0.0,0.0,Low Risk
570,Spain,Male,34,2,150664.53632633935,2,0,1,133062.51397843123,1,5,0.96,96.0,High Risk
359,France,Female,58,3,43082.692137588754,4,1,0,23906.501595872604,1,8,0.99,99.0,High Risk
595,Spain,Male,21,0,146598.47242748734,4,0,1,111246.64193669868,0,1,0.0,0.0,Low Risk
766,Germany,Male,20,3,200114.0195391162,1,1,1,51684.12589339987,0,0,0.0,0.0,Low Risk
534,Spain,Male,36,4,184276.8449550204,3,0,1,152219.29299592206,0,1,0.0,0.0,Low Risk
533,Germany,Female,58,6,194506.29951184723,1,0,1,162841.63415917184,1,5,1.0,100.0,High Risk
667,France,Male,57,4,79449.89876920867,2,1,0,101526.21949552862,1,3,0.94,94.0,High Risk
531,Germany,Female,75,7,82065.89232313973,4,1,1,81904.82299313667,1,0,0.69,69.0,Medium Risk
790,France,Male,56,6,134720.99025422317,4,0,1,63446.03848240492,0,1,0.0,0.0,Low Risk
802,Germany,Male,24,0,69664.51003241414,4,1,1,6577.683003208573,0,0,0.02,2.0,Low Risk
680,France,Female,53,1,28253.282847445244,4,1,1,112149.47146053828,0,2,0.05,5.0,Low Risk
727,Germany,Female,37,6,115280.47109427328,2,1,0,101790.31354878006,0,1,0.01,1.0,Low Risk
663,France,Female,46,2,481.04422076608586,3,1,1,42612.838611228064,0,0,0.04,4.0,Low Risk
501,France,Male,85,1,190189.5746849279,3,0,0,106414.9297213781,1,7,0.99,99.0,High Risk
445,France,Female,83,10,187421.7298173815,2,1,0,93531.70278643552,0,0,0.0,0.0,Low Risk
756,Germany,Female,64,8,137978.9704256518,4,0,1,52143.16509221365,0,0,0.04,4.0,Low Risk
434,Germany,Male,40,9,186904.74858409015,3,1,1,148622.00655371926,0,0,0.0,0.0,Low Risk
563,France,Female,23,7,156132.06491848512,2,0,1,49183.33600588599,0,0,0.0,0.0,Low Risk
363,Spain,Female,35,7,174363.82815543097,1,1,1,90213.44201139662,1,7,0.95,95.0,High Risk
790,France,Male,70,2,16163.958539431616,2,0,1,106688.47447861246,1,8,0.96,96.0,High Risk
340,Spain,Male,39,10,220316.36463652883,4,0,0,162271.7315864325,0,0,0.01,1.0,Low Risk
595,France,Male,85,9,160982.8151494355,4,0,1,84115.74448016555,1,6,0.99,99.0,High Risk
302,Germany,Female,52,8,152657.70380703092,4,1,1,41407.69307146254,0,1,0.02,2.0,Low Risk
409,Spain,Male,26,7,96810.24089094264,1,1,1,2973.2611220181084,0,0,0.01,1.0,Low Risk
520,Germany,Female,48,1,7033.85312060395,3,1,0,50419.30628006136,1,4,0.95,95.0,High Risk
669,Spain,Male,60,6,225365.43345873823,4,1,1,150107.63516286333,0,0,0.0,0.0,Low Risk
667,Spain,Male,34,7,246416.30672647964,1,0,0,164096.45028376364,1,6,1.0,100.0,High Risk
735,Spain,Male,68,6,201946.66091751272,2,1,0,120141.93077177469,0,1,0.04,4.0,Low Risk
303,Spain,Female,83,8,228759.79090374187,3,0,0,189666.182147321,0,0,0.01,1.0,Low Risk
543,Germany,Female,41,6,30239.360866467112,3,1,0,104440.92018890644,0,2,0.04,4.0,Low Risk
465,Spain,Female,32,6,32168.801578145445,2,0,0,95870.2253123776,0,0,0.0,0.0,Low Risk
325,France,Female,45,0,219901.55827860383,3,0,0,166569.08444706508,0,0,0.01,1.0,Low Risk
694,France,Female,20,1,14376.480942221076,2,0,1,33407.34836782459,0,0,0.0,0.0,Low Risk
773,Spain,Male,46,4,23300.88103773109,1,1,1,3037.7348887872445,0,0,0.01,1.0,Low Risk
316,Germany,Male,69,10,204211.85100376903,4,0,0,176360.52157857607,0,0,0.03,3.0,Low Risk
391,Germany,Male,71,0,139243.66710433905,1,0,1,106826.96720353198,0,1,0.03,3.0,Low Risk
782,Spain,Male,75,9,97931.76835586823,4,1,1,148981.92531727857,0,0,0.01,1.0,Low Risk
842,Germany,Female,62,6,138362.1086526896,3,1,1,125788.15541568084,0,0,0.0,0.0,Low Risk
504,Germany,Female,67,4,219686.9235575356,2,0,0,132780.8725876275,0,0,0.02,2.0,Low Risk
801,Germany,Female,39,4,189283.07707458077,2,1,1,117471.8061308782,0,0,0.01,1.0,Low Risk
699,Spain,Male,69,7,172901.8352910077,1,0,0,145042.83620077115,0,0,0.02,2.0,Low Risk
506,France,Male,70,8,244221.39749926512,1,1,0,22707.268544874227,0,0,0.0,0.0,Low Risk
445,France,Female,48,9,130326.6913075654,3,0,1,50192.5568869054,1,2,0.74,74.0,Medium Risk
400,France,Male,88,0,1581.018613523999,2,1,0,95832.14284872568,0,0,0.01,1.0,Low Risk
540,France,Male,65,9,107258.21931012752,4,0,1,143294.90511587725,1,6,0.99,99.0,High Risk
462,France,Female,48,3,24142.98552946634,3,1,1,61706.522482726126,0,0,0.0,0.0,Low Risk
472,Germany,Male,21,10,29113.445968138003,3,1,1,161445.7427430134,1,7,0.96,96.0,High Risk
801,Germany,Female,52,1,63725.22801020789,3,1,0,13077.173710996542,0,0,0.0,0.0,Low Risk
846,Germany,Male,84,8,95341.8001995448,2,1,0,158182.23861479366,1,7,0.96,96.0,High Risk
583,Spain,Female,81,8,120399.89572526742,1,1,1,139814.85717334613,0,1,0.01,1.0,Low Risk
658,Germany,Male,26,0,42455.016398705025,2,1,0,13061.758628716783,0,1,0.01,1.0,Low Risk
680,France,Female,63,2,77930.0947992439,4,0,1,6336.76292714073,0,1,0.02,2.0,Low Risk
832,Germany,Female,73,9,69134.85582331411,2,0,1,167982.7380005529,0,1,0.01,1.0,Low Risk
462,France,Male,73,7,91311.86296905272,4,0,1,28967.379676019093,0,0,0.01,1.0,Low Risk
606,Germany,Male,43,1,26997.638678043302,4,0,0,50668.168786607464,0,2,0.03,3.0,Low Risk
638,France,Female,77,1,99335.2391336922,4,0,1,179259.2193605479,1,7,0.96,96.0,High Risk
354,Germany,Female,89,1,138587.62181559452,2,0,0,68581.74561296249,0,0,0.0,0.0,Low Risk
632,France,Female,65,4,24237.030777110645,4,0,1,106091.67431196324,0,0,0.0,0.0,Low Risk
426,France,Female,75,8,130192.55704783388,4,1,1,6212.910483807893,0,2,0.16,16.0,Low Risk
542,Spain,Female,80,6,188978.21435114703,3,0,1,113806.74824685298,0,0,0.0,0.0,Low Risk
708,Germany,Male,75,6,2059.92212763878,3,1,1,142707.8953853384,0,1,0.0,0.0,Low Risk
802,France,Male,20,1,11882.054731377157,2,1,1,113025.94297773988,0,1,0.0,0.0,Low Risk
602,Germany,Male,24,1,116618.57258141963,3,1,1,161737.98859245153,0,0,0.0,0.0,Low Risk
763,France,Male,69,4,218194.38880134505,3,0,1,155313.20553525482,0,1,0.02,2.0,Low Risk
534,Spain,Male,79,6,249447.17819467967,1,1,0,95827.16766344868,1,7,0.98,98.0,High Risk
337,Spain,Female,19,6,23348.454333078473,2,1,1,129024.90124196088,0,1,0.0,0.0,Low Risk
438,Spain,Male,50,8,4585.489739046989,2,1,1,55334.6570487918,0,1,0.01,1.0,Low Risk
494,Spain,Male,29,2,57192.48052468764,3,0,1,71731.07877734382,0,1,0.0,0.0,Low Risk
826,France,Female,65,0,116867.56029389896,2,0,1,124380.68128445008,1,6,1.0,100.0,High Risk
300,Germany,Female,70,8,142948.9779388561,2,1,1,132086.04701340312,1,4,0.98,98.0,High Risk
395,Spain,Male,91,0,243371.22795520336,2,1,1,17080.576822870244,0,0,0.01,1.0,Low Risk
712,Spain,Male,58,7,222115.92300538043,2,1,1,163849.64300381657,0,0,0.01,1.0,Low Risk
837,Spain,Female,75,4,140524.67432230755,3,1,1,127438.28681648936,0,1,0.01,1.0,Low Risk
728,Germany,Male,85,7,90428.46085749332,1,0,0,65477.12734784128,0,0,0.04,4.0,Low Risk
534,France,Female,40,6,80324.2796494053,3,1,1,45279.84986434193,0,1,0.0,0.0,Low Risk
648,France,Male,53,8,143156.16804849743,1,1,0,120620.85262140149,0,0,0.01,1.0,Low Risk
780,France,Male,38,1,180338.21031213272,2,1,0,139180.70896970862,0,1,0.01,1.0,Low Risk
695,France,Male,89,8,120416.45585319665,4,0,0,185681.85259690625,1,1,0.65,65.0,Medium Risk
650,Germany,Male,72,9,76099.69492263999,2,1,0,37006.434866113166,1,5,1.0,100.0,High Risk
715,Germany,Female,73,4,153291.33948490288,2,0,1,100588.68178369904,0,2,0.17,17.0,Low Risk
350,Germany,Female,30,4,139485.4954158964,4,0,1,191036.38247774288,0,0,0.03,3.0,Low Risk
380,Spain,Male,39,0,106842.08549350176,2,1,0,181907.39472001095,0,0,0.0,0.0,Low Risk
335,Germany,Male,24,5,187088.94706134003,2,1,1,95584.10214581327,0,0,0.0,0.0,Low Risk
366,France,Male,41,9,70555.28473232553,4,0,0,110412.37588052532,0,2,0.12,12.0,Low Risk
780,Germany,Male,78,9,121231.25039236926,2,1,0,183301.17438720295,0,0,0.01,1.0,Low Risk
767,Spain,Female,22,9,235084.88143434463,2,1,0,6434.59837388858,0,1,0.01,1.0,Low Risk
441,France,Female,67,9,180707.1718419057,1,0,0,195240.47295993764,0,0,0.02,2.0,Low Risk
655,Germany,Male,79,2,96992.97318073812,3,0,0,195399.05265693011,0,0,0.01,1.0,Low Risk
770,France,Female,72,9,136544.43317168826,2,0,1,188873.63834880185,0,0,0.0,0.0,Low Risk
738,France,Female,43,2,101370.4742947781,2,0,0,193101.2850877487,0,0,0.01,1.0,Low Risk
830,Germany,Male,27,2,28137.00419529458,2,1,1,60820.65359591258,0,1,0.0,0.0,Low Risk
426,Germany,Male,28,3,83734.30028552042,1,1,0,7423.24053701219,1,8,0.97,97.0,High Risk
504,Spain,Male,57,8,215110.78375842335,2,1,0,56876.3178997306,1,5,1.0,100.0,High Risk
328,Germany,Female,28,7,115300.4989440431,3,0,0,69139.43817145124,1,4,0.92,92.0,High Risk
744,Germany,Female,21,5,146159.37512123887,4,1,1,70499.43153550358,0,1,0.04,4.0,Low Risk
763,Germany,Female,19,7,45361.689835754834,1,0,1,136094.96541192502,0,0,0.0,0.0,Low Risk
579,France,Female,56,7,89057.83140618415,4,1,1,172724.78722927131,1,8,0.98,98.0,High Risk
450,Spain,Male,40,0,232301.2462235801,1,0,0,44405.13225210403,0,1,0.02,2.0,Low Risk
539,France,Male,62,8,78561.37384827464,2,0,1,89462.08137159156,0,1,0.01,1.0,Low Risk
565,Germany,Male,91,0,62640.26625762201,1,0,0,75708.4666953139,1,7,1.0,100.0,High Risk
404,Spain,Female,59,10,13974.954220957265,2,1,1,152922.77998033375,0,2,0.24,24.0,Low Risk
732,Germany,Male,59,1,24307.7045869641,4,0,0,63585.87615389021,0,0,0.0,0.0,Low Risk
796,France,Male,46,8,146197.33452147647,4,0,1,11252.636977052724,1,5,0.99,99.0,High Risk
739,France,Female,33,6,165008.19969564007,3,0,0,66767.39659900298,1,4,1.0,100.0,High Risk
457,Germany,Male,84,9,160395.11993192352,3,1,1,70800.6805651656,0,0,0.01,1.0,Low Risk
471,Spain,Female,77,0,134957.3307170907,1,0,0,164479.05767195785,0,0,0.01,1.0,Low Risk
793,France,Female,21,2,122742.82440738252,1,1,0,109583.38194745418,0,0,0.0,0.0,Low Risk
610,Germany,Male,33,0,18035.229402909692,2,0,1,104707.765649006,0,0,0.01,1.0,Low Risk
702,Germany,Male,58,4,210173.83282254328,4,0,1,119769.79586060152,1,5,1.0,100.0,High Risk
762,Germany,Female,23,3,128270.18971829364,4,1,1,112295.1649710403,1,1,0.6,60.0,Medium Risk
666,Spain,Male,59,7,32978.66732928914,1,1,1,136333.19716966708,0,0,0.0,0.0,Low Risk
849,Germany,Male,74,8,33962.36393456803,4,0,0,180780.17022707252,0,1,0.07,7.0,Low Risk
554,Germany,Female,45,3,128239.13042465488,3,1,0,175271.7075613658,0,1,0.05,5.0,Low Risk
507,France,Male,40,2,61144.150121430845,1,1,1,99068.88257713417,0,0,0.0,0.0,Low Risk
749,Germany,Female,59,3,230491.24501593853,3,0,0,169358.49676716904,0,2,0.1,10.0,Low Risk
394,Spain,Female,29,2,124737.23275815326,2,1,1,172607.0816123971,0,0,0.0,0.0,Low Risk
777,Germany,Female,81,5,244604.63051388165,3,0,1,157911.9369717501,0,1,0.0,0.0,Low Risk
489,Spain,Female,75,0,183539.675464871,1,1,0,8420.418218215975,1,7,0.96,96.0,High Risk
783,Germany,Male,68,1,202674.72239430613,3,1,1,132414.0024680987,0,0,0.0,0.0,Low Risk
835,Germany,Male,46,7,97219.69054195828,3,1,1,62649.5535699935,1,1,0.67,67.0,Medium Risk
722,Germany,Male,36,2,33505.194907511446,1,1,0,174657.30581920856,1,5,0.94,94.0,High Risk
432,Spain,Female,62,3,172424.08270610418,2,1,1,56799.59272208392,0,2,0.11,11.0,Low Risk
354,France,Male,71,0,101767.8002142609,3,1,0,183726.0024778347,0,0,0.01,1.0,Low Risk
809,Spain,Female,83,2,237220.46218665552,1,0,1,123028.01263648905,0,2,0.01,1.0,Low Risk
840,France,Female,89,0,48408.0605525608,3,0,0,129014.63834474164,0,2,0.07,7.0,Low Risk
709,Spain,Male,30,10,156625.86209438712,3,1,1,177548.336476327,0,0,0.0,0.0,Low Risk
510,Germany,Male,82,9,216515.29541591057,4,1,0,197080.74773718097,1,5,0.98,98.0,High Risk
592,Germany,Female,29,4,100707.262361812,3,1,1,61808.52828387315,1,14,0.98,98.0,High Risk
414,France,Female,88,0,238416.90482253855,2,1,0,17781.26922571198,0,0,0.04,4.0,Low Risk
558,France,Female,31,8,19154.145803983974,3,1,1,144672.0934840662,0,0,0.0,0.0,Low Risk
421,Spain,Female,59,6,146731.43723593082,1,0,1,14045.053281536691,0,1,0.01,1.0,Low Risk
598,Spain,Male,65,10,194346.68009325105,1,1,1,106777.98083154055,0,1,0.01,1.0,Low Risk
680,France,Male,41,7,50451.72872578052,4,0,0,69057.10065565023,0,0,0.0,0.0,Low Risk
800,France,Male,82,8,14464.363031752551,4,0,0,78004.12907221053,1,2,0.76,76.0,High Risk
596,Spain,Female,34,9,19974.40297368841,3,1,0,47104.54129556765,0,1,0.0,0.0,Low Risk
661,France,Female,55,7,79807.30992685423,4,0,1,139870.87597203406,0,2,0.15,15.0,Low Risk
762,France,Male,45,2,55792.925780881495,2,0,1,114384.86287127784,0,1,0.0,0.0,Low Risk
737,France,Male,50,6,55972.53881571448,4,0,0,190489.2391544282,1,5,1.0,100.0,High Risk
426,France,Male,41,6,114630.24246251304,1,0,0,71114.0937210274,0,0,0.0,0.0,Low Risk
496,Germany,Female,87,6,21233.44481259057,4,1,0,78864.83661722302,0,0,0.0,0.0,Low Risk
520,Germany,Female,21,7,248875.15733470675,2,1,0,33010.232844329,1,9,0.97,97.0,High Risk
390,France,Female,50,3,173951.9071562164,2,0,1,122336.3689494999,1,2,0.72,72.0,Medium Risk
710,Spain,Male,27,10,7573.339296651133,4,1,0,18999.530732688458,0,0,0.02,2.0,Low Risk
307,Germany,Male,53,5,172976.0426044549,4,1,1,193633.68505686417,1,1,0.07,7.0,Low Risk
843,Spain,Male,90,1,197956.94563855068,4,0,1,182014.50321852957,1,6,0.98,98.0,High Risk
767,Spain,Male,48,6,47690.56024114013,1,1,0,139940.8685716331,1,4,0.98,98.0,High Risk
619,Germany,Male,21,8,210069.19964067763,1,1,0,63464.46296415001,0,0,0.0,0.0,Low Risk
693,Spain,Male,25,4,152941.2524868524,2,0,1,71236.61605927846,0,1,0.0,0.0,Low Risk
568,Spain,Female,44,3,205213.9328435117,4,1,0,17434.463976193518,0,0,0.0,0.0,Low Risk
490,France,Male,53,1,179173.41581495118,3,1,0,49412.99505538546,0,0,0.0,0.0,Low Risk
360,France,Male,26,6,176157.1536788816,2,1,0,70610.76754000822,0,2,0.03,3.0,Low Risk
737,France,Female,60,1,39560.26068659194,1,0,1,89591.12620504662,0,1,0.0,0.0,Low Risk
563,Germany,Female,41,1,78949.22279695337,2,1,0,92859.49526316326,0,0,0.0,0.0,Low Risk
394,France,Female,54,8,130811.3516195607,1,1,1,177022.46401986742,0,1,0.02,2.0,Low Risk
769,Spain,Female,58,1,28136.65157010492,3,1,0,89969.37068559401,0,1,0.05,5.0,Low Risk
813,Spain,Female,43,9,119623.26165723072,4,1,1,191485.68822900235,0,2,0.1,10.0,Low Risk
493,Spain,Female,21,2,111330.03958497784,4,0,1,16771.536412837973,0,0,0.0,0.0,Low Risk
781,Spain,Male,18,2,57980.832106328126,4,0,0,42203.30331380837,0,0,0.03,3.0,Low Risk
635,Spain,Male,37,1,49929.44794225399,3,0,0,77603.42736664557,1,8,0.95,95.0,High Risk
734,Germany,Male,62,9,61843.53798060771,3,0,0,177632.13246976334,0,0,0.01,1.0,Low Risk
495,Spain,Male,86,2,151276.69056759807,3,0,0,24451.232138485117,0,1,0.01,1.0,Low Risk
548,Germany,Female,69,8,103738.09289066454,3,0,0,71019.24048556547,0,1,0.04,4.0,Low Risk
797,Spain,Female,81,10,103489.773367311,1,0,1,22443.45900316436,0,0,0.01,1.0,Low Risk
511,Germany,Male,38,10,45433.30273952917,2,1,1,154801.3833481779,0,0,0.02,2.0,Low Risk
765,Germany,Female,89,10,196841.5227040321,3,0,1,56500.727798560074,1,2,0.73,73.0,Medium Risk
520,Spain,Female,42,2,175094.84715115954,1,0,0,86881.89066419481,0,0,0.0,0.0,Low Risk
572,Spain,Male,84,4,107268.76566968526,2,1,1,163488.28434176708,0,0,0.01,1.0,Low Risk
453,Spain,Male,43,6,35550.47981059545,2,0,1,33576.86674279897,0,0,0.0,0.0,Low Risk
548,Spain,Male,44,0,178675.21763249338,3,0,0,189433.21365995557,0,1,0.0,0.0,Low Risk
578,France,Male,69,0,224711.08551326537,3,1,0,78792.09508111537,0,0,0.0,0.0,Low Risk
739,France,Male,80,9,44565.48209826991,2,1,0,66087.03863442091,1,5,1.0,100.0,High Risk
575,Germany,Male,62,1,150665.106670869,2,1,0,38159.50654878734,0,0,0.01,1.0,Low Risk
813,Germany,Male,75,0,106077.20052604088,1,0,0,93507.86671877414,0,0,0.07,7.0,Low Risk
387,France,Male,55,0,21912.589877296024,3,1,0,196139.51741168785,0,1,0.03,3.0,Low Risk
804,Germany,Female,52,9,181456.7523340805,2,0,1,98202.1456794202,0,3,0.89,89.0,High Risk
540,Spain,Male,63,3,17786.80426452631,2,1,0,90432.59507020442,0,0,0.0,0.0,Low Risk
535,Germany,Female,88,9,175557.87235763643,4,1,1,1535.3813215989169,0,1,0.04,4.0,Low Risk
427,Germany,Male,20,2,70288.22356642455,3,0,1,57541.46035856589,0,1,0.01,1.0,Low Risk
802,Germany,Female,23,0,141414.938149009,1,1,1,45589.46052497975,0,1,0.02,2.0,Low Risk
499,France,Male,30,2,40113.46051603992,1,0,1,7804.803448386422,0,1,0.0,0.0,Low Risk
842,France,Male,63,0,92724.21746583792,4,1,1,89211.92153290994,0,0,0.01,1.0,Low Risk
801,Germany,Male,50,2,26022.372099558434,3,0,0,27130.463279667227,0,0,0.01,1.0,Low Risk
791,Spain,Male,79,3,116825.9052851174,1,0,0,100600.7670763126,1,8,1.0,100.0,High Risk
320,Germany,Male,80,10,53322.675593985376,4,1,1,90934.27676689548,0,1,0.02,2.0,Low Risk
533,France,Female,73,10,46982.619605963504,1,0,0,44550.49931115921,0,0,0.02,2.0,Low Risk
715,Spain,Male,56,7,26788.104582546577,1,1,0,159670.3294951549,0,1,0.02,2.0,Low Risk
447,Germany,Male,77,2,191358.50224579225,4,0,0,185363.38490954347,0,0,0.02,2.0,Low Risk
328,France,Male,41,2,159879.9693256574,2,0,1,26820.588314834895,0,1,0.0,0.0,Low Risk
660,Spain,Female,67,8,39225.99192236853,2,1,1,19483.45384859836,0,0,0.0,0.0,Low Risk
607,Germany,Female,50,10,118107.34692962236,1,1,0,68965.99547927122,1,4,0.98,98.0,High Risk
461,France,Female,91,8,165221.15386043183,3,1,1,122091.9824311107,0,1,0.01,1.0,Low Risk
360,Spain,Female,24,5,219517.17130853943,3,1,1,126401.01223970842,0,1,0.01,1.0,Low Risk
424,Germany,Female,63,9,14893.038609016,3,0,0,124996.30186265346,0,0,0.01,1.0,Low Risk
755,Spain,Female,79,3,90588.73417003448,4,0,0,115146.86617074496,0,2,0.4,40.0,Low Risk
370,Spain,Male,18,9,153988.3112509697,1,1,0,77162.5298404053,0,1,0.0,0.0,Low Risk
765,Spain,Male,82,4,3904.3600899115736,4,0,0,156402.53975580484,0,1,0.04,4.0,Low Risk
542,France,Male,62,8,60881.60917969881,3,1,1,190643.6812982048,1,11,1.0,100.0,High Risk
789,Germany,Female,72,0,186225.13374144956,4,0,0,117929.274044195,0,1,0.03,3.0,Low Risk
520,Spain,Male,83,6,88934.1413145657,2,1,1,43893.4244545169,0,0,0.0,0.0,Low Risk
772,Spain,Male,84,10,21123.684896165178,3,0,0,112359.26631314126,0,0,0.02,2.0,Low Risk
832,Spain,Female,71,6,156648.8311037197,3,0,0,151110.58923393872,1,4,0.99,99.0,High Risk
793,France,Male,80,9,62513.19837209843,2,0,1,165938.64932352304,0,1,0.03,3.0,Low Risk
381,Spain,Male,71,0,175413.52329430042,2,1,0,143653.01212413842,0,0,0.0,0.0,Low Risk
821,France,Male,69,0,225043.71793425584,1,0,0,178100.86852749292,0,1,0.03,3.0,Low Risk
311,France,Female,71,8,131964.76847506073,4,1,0,190404.50482955464,0,1,0.01,1.0,Low Risk
562,Spain,Female,84,6,149785.96478912642,1,0,0,98406.97682235102,1,6,1.0,100.0,High Risk
748,Spain,Male,54,3,128601.48496274624,1,0,0,108198.30875296309,1,5,1.0,100.0,High Risk
491,France,Male,29,8,204360.52253285047,1,0,0,67509.51262275364,0,0,0.0,0.0,Low Risk
413,France,Female,76,4,60428.659420246055,1,0,0,131781.29977880785,1,2,0.7,70.0,Medium Risk
325,Spain,Female,37,2,100385.95860890248,2,1,1,119134.30360074254,0,1,0.0,0.0,Low Risk
798,France,Female,49,1,223757.858243053,2,1,0,35750.93888264011,0,0,0.0,0.0,Low Risk
807,France,Female,88,8,180911.5057106365,4,0,1,138874.37541188637,0,0,0.01,1.0,Low Risk
844,Spain,Male,61,3,80021.46306800206,4,1,0,161005.89366822335,0,0,0.03,3.0,Low Risk
361,Spain,Female,83,6,208158.06838344797,4,1,1,36216.99980370755,1,9,0.98,98.0,High Risk
528,Germany,Male,72,0,59706.05265223073,2,0,1,32851.16506118008,1,11,0.99,99.0,High Risk
334,Spain,Female,33,8,158544.8381731134,3,0,1,127819.97042099992,0,0,0.0,0.0,Low Risk
755,Spain,Male,88,8,239114.2393510939,3,0,0,23243.742728864832,1,6,0.97,97.0,High Risk
801,Spain,Female,85,9,143677.744981927,4,0,0,161915.4104646219,0,1,0.05,5.0,Low Risk
324,Germany,Female,69,5,199866.7531717941,3,1,1,128597.32998475352,1,2,0.79,79.0,High Risk
331,France,Female,54,5,183857.6861500686,1,0,1,6490.61367796026,0,0,0.0,0.0,Low Risk
311,Spain,Male,63,5,216430.2577251607,4,0,0,154084.1439732315,0,1,0.01,1.0,Low Risk
618,Spain,Male,58,4,242191.0448495617,3,1,1,101984.6575006274,1,4,0.98,98.0,High Risk
300,Germany,Male,22,10,5579.139263881317,1,0,1,99236.1735620868,0,1,0.01,1.0,Low Risk
734,Germany,Male,83,0,6967.442843917565,1,0,0,62385.5513696664,1,7,1.0,100.0,High Risk
435,Germany,Female,22,3,148605.57473418696,1,1,1,56701.66583986625,0,0,0.0,0.0,Low Risk
495,France,Female,80,9,238561.3376507984,1,1,1,100067.2496725372,0,0,0.01,1.0,Low Risk
432,Germany,Female,20,0,121420.76816158635,3,0,1,639.6090737637657,1,11,0.96,96.0,High Risk
385,France,Male,25,4,209944.89098575345,2,1,1,159024.2493681181,0,1,0.0,0.0,Low Risk
775,Spain,Female,43,3,191976.93827974825,1,0,0,156804.3183705718,1,5,0.93,93.0,High Risk
623,Spain,Female,91,7,124563.06849645668,4,1,0,147114.2766546756,1,5,0.98,98.0,High Risk
479,Spain,Female,70,0,128293.08191805484,3,1,1,120506.862885118,0,0,0.0,0.0,Low Risk
815,Germany,Male,46,7,109008.35314937068,1,0,0,59122.71517328761,1,6,0.99,99.0,High Risk
474,Spain,Male,31,7,63049.68125715377,4,0,1,131600.01327892605,0,1,0.0,0.0,Low Risk
320,Germany,Female,22,0,214678.06711259068,1,0,0,25838.26355064304,0,0,0.02,2.0,Low Risk
404,France,Male,44,8,52392.53443396055,2,0,0,52686.62982263701,0,2,0.06,6.0,Low Risk
742,Spain,Male,85,8,226730.13750438995,1,1,0,9048.779577773455,1,3,0.79,79.0,High Risk
348,France,Female,46,5,89931.90240212601,2,0,0,171896.27568388762,1,0,0.03,3.0,Low Risk
827,Germany,Female,20,0,6624.326621032711,4,0,0,165672.04950538624,0,0,0.02,2.0,Low Risk
444,Germany,Male,47,6,42094.506854196494,3,0,0,90175.73532031367,0,1,0.0,0.0,Low Risk
639,Spain,Male,26,6,221956.191083729,1,1,1,87525.94164435157,0,1,0.0,0.0,Low Risk
653,Spain,Female,18,8,32111.135546185888,2,0,0,185198.7728145141,0,0,0.0,0.0,Low Risk
374,Germany,Female,40,0,184693.41766998923,4,1,1,135033.51545758356,0,0,0.0,0.0,Low Risk
618,Spain,Female,84,7,45703.427219034784,1,0,1,141864.729667591,0,0,0.02,2.0,Low Risk
386,Spain,Female,49,10,124733.22409165322,1,1,0,71857.04354384121,0,0,0.0,0.0,Low Risk
341,France,Female,23,7,51301.75267968496,1,1,1,58334.516573176326,0,0,0.0,0.0,Low Risk
392,Germany,Female,66,6,83291.35944209323,2,1,1,22883.28137794359,0,1,0.01,1.0,Low Risk
806,France,Female,32,5,31205.556100299655,3,1,0,14513.559456872805,0,0,0.0,0.0,Low Risk
828,Spain,Male,75,0,139000.56903058128,4,1,0,181105.3314053683,0,1,0.01,1.0,Low Risk
564,France,Male,70,10,91456.30251288164,2,0,0,181272.24039558115,0,1,0.03,3.0,Low Risk
591,Germany,Female,47,9,91371.05021889522,3,1,1,45411.43723670803,0,2,0.15,15.0,Low Risk
763,France,Male,57,10,9643.541206538765,4,1,1,7484.882679047522,0,0,0.01,1.0,Low Risk
396,France,Male,76,7,34032.097284733,2,1,1,69296.2983388978,0,1,0.0,0.0,Low Risk
394,Spain,Female,80,4,176882.62140639502,2,0,0,190378.9426618467,0,0,0.02,2.0,Low Risk
625,Germany,Female,65,3,73080.06991211604,3,0,1,61018.3368358876,0,1,0.03,3.0,Low Risk
373,Spain,Female,85,4,110517.28772290044,4,1,1,173049.0251294127,0,0,0.0,0.0,Low Risk
635,Spain,Male,24,4,190766.96533747215,3,0,0,163274.85864950673,0,0,0.0,0.0,Low Risk
367,Germany,Female,64,9,111189.35965835724,3,0,1,188883.8047041791,1,6,0.98,98.0,High Risk
376,France,Female,60,2,56402.25786275754,2,0,1,99346.51285133464,0,2,0.08,8.0,Low Risk
507,Spain,Male,33,3,137456.0607832996,3,0,0,184391.8524111786,0,1,0.01,1.0,Low Risk
520,France,Female,39,3,200301.50151302453,1,0,1,148367.73404360787,0,3,0.62,62.0,Medium Risk
561,Germany,Male,80,7,149910.4708847521,1,0,1,173598.79375816588,1,4,0.97,97.0,High Risk
709,Spain,Male,63,4,105045.31223506464,1,0,0,146672.19496459072,1,12,1.0,100.0,High Risk
630,France,Female,62,5,31406.12935471668,1,1,0,92242.72363449832,0,1,0.01,1.0,Low Risk
643,France,Female,58,9,62178.29370777192,4,0,0,183813.96047777377,1,6,1.0,100.0,High Risk
373,Spain,Female,42,1,236529.7194429793,3,1,0,160110.7290440362,0,0,0.01,1.0,Low Risk
553,Germany,Male,67,8,192952.0118710224,3,1,0,128233.34206838402,0,0,0.02,2.0,Low Risk
631,France,Female,84,7,21892.971907801788,1,0,0,96612.25200898614,1,5,1.0,100.0,High Risk
697,Germany,Male,69,7,1378.6514771898517,4,0,1,18934.87216114442,1,7,1.0,100.0,High Risk
644,Spain,Female,48,9,43854.83531017962,3,0,0,163097.03146290348,1,4,0.98,98.0,High Risk
754,France,Female,54,4,235972.68457133137,1,0,0,83279.58123696824,1,7,0.99,99.0,High Risk
414,France,Female,39,4,145009.72942878844,2,1,1,71892.05269106834,0,1,0.0,0.0,Low Risk
612,France,Female,44,2,209664.93856228745,3,0,1,46136.411743341385,1,3,0.83,83.0,High Risk
527,Germany,Male,19,10,116306.25324942044,2,1,1,108330.46489310302,0,1,0.01,1.0,Low Risk
544,France,Female,39,1,206659.03817357655,3,0,1,165976.20882906762,0,1,0.0,0.0,Low Risk
825,France,Female,70,8,8479.104439529234,3,0,0,57926.85441097343,0,1,0.02,2.0,Low Risk
827,Spain,Female,34,5,106704.86175340728,3,1,1,184132.82522340567,0,1,0.0,0.0,Low Risk
726,France,Female,73,7,94398.62092172302,2,1,0,79395.01952918383,0,0,0.02,2.0,Low Risk
341,Germany,Male,48,3,245386.60143406127,4,1,1,193883.29103604695,0,0,0.01,1.0,Low Risk
764,Spain,Male,60,4,75118.93308088016,2,0,0,135329.0198128646,1,10,1.0,100.0,High Risk
577,Spain,Female,89,9,104229.21211636288,1,1,0,73449.20866501526,0,1,0.05,5.0,Low Risk
318,France,Male,70,4,189700.21214691704,4,1,0,196726.56313729548,0,0,0.01,1.0,Low Risk
365,Spain,Female,22,10,220178.27486134757,2,1,0,118866.12437414532,0,1,0.0,0.0,Low Risk
466,France,Male,19,9,219597.0435628408,2,0,0,153731.34100078171,0,0,0.0,0.0,Low Risk
702,Spain,Female,76,3,98627.71766531198,1,1,0,90363.76074823336,1,5,0.97,97.0,High Risk
708,Germany,Male,21,10,237138.7382671444,2,1,0,23867.098901882207,0,0,0.01,1.0,Low Risk
411,France,Male,51,1,163377.2190661654,4,0,0,192806.96557701175,0,0,0.01,1.0,Low Risk
573,Germany,Male,84,5,212783.88705524828,2,1,0,64352.256096533776,0,0,0.01,1.0,Low Risk
706,France,Male,90,3,231569.30686827816,4,1,1,183584.47953806235,0,0,0.02,2.0,Low Risk
672,Germany,Male,23,10,58399.93081955666,1,1,0,181512.55297654113,1,5,0.95,95.0,High Risk
338,Germany,Female,75,3,124799.62131038823,4,1,0,19008.913949888127,1,6,0.99,99.0,High Risk
404,Spain,Male,64,9,146949.32394483115,2,0,1,22949.446658760855,0,0,0.01,1.0,Low Risk
623,France,Female,22,2,200609.42326205396,1,1,0,122413.60360719432,0,0,0.0,0.0,Low Risk
713,Spain,Female,78,7,100291.42426697988,4,0,1,7187.7307247807,0,1,0.06,6.0,Low Risk
728,Germany,Female,73,5,52612.29310706653,4,1,1,84238.0587469727,0,0,0.0,0.0,Low Risk
360,France,Female,52,8,185808.63340031123,3,0,0,105562.76003205703,0,0,0.0,0.0,Low Risk
606,Germany,Female,30,4,148083.62140372104,3,0,0,39365.78951415137,1,7,0.99,99.0,High Risk
653,Germany,Female,43,5,224574.73658919137,2,0,0,154036.4676231093,0,1,0.01,1.0,Low Risk
692,Germany,Female,81,8,163757.49514640376,3,0,0,86321.9203933007,1,3,0.97,97.0,High Risk
503,Germany,Female,28,3,4206.750177741275,2,1,0,84634.76942986883,1,5,0.95,95.0,High Risk
557,Spain,Female,79,9,241662.8500251104,1,0,1,46877.8824326108,0,0,0.0,0.0,Low Risk
785,Germany,Female,64,6,148277.67340351015,4,0,1,177560.91587822256,0,0,0.0,0.0,Low Risk
816,Spain,Female,87,9,148969.3162875446,1,1,0,2254.157089979085,0,0,0.03,3.0,Low Risk
745,Germany,Male,75,9,227315.34866702507,1,0,0,1388.4796198278912,0,1,0.02,2.0,Low Risk
479,France,Female,27,10,165952.208575854,3,1,1,199090.91833880745,0,0,0.01,1.0,Low Risk
641,Germany,Female,33,10,119830.29579722282,4,0,0,4226.973549617007,0,1,0.08,8.0,Low Risk
432,Germany,Female,29,5,26821.33359357569,1,1,1,31036.878504895867,0,0,0.0,0.0,Low Risk
742,France,Male,88,5,240549.69532813376,4,1,0,176585.68903004454,0,0,0.02,2.0,Low Risk
552,France,Male,67,5,19621.84447001083,4,0,0,123148.34078294146,1,3,0.97,97.0,High Risk
564,Germany,Female,32,3,42574.94630207409,1,1,0,125002.59281264507,0,2,0.03,3.0,Low Risk
392,Germany,Male,76,9,204884.2156228888,4,0,0,95150.52629044786,1,7,1.0,100.0,High Risk
710,Spain,Male,87,5,122601.33209669766,2,0,1,30129.166374979937,0,0,0.01,1.0,Low Risk
437,France,Female,79,6,44567.12082389786,4,0,0,73430.82012126796,1,9,0.98,98.0,High Risk
507,France,Female,89,1,71540.47790746293,2,1,0,143586.12769007988,1,3,0.8,80.0,High Risk
606,Spain,Male,79,10,248503.59851029984,2,1,0,97077.8010056253,0,1,0.03,3.0,Low Risk
565,Germany,Male,67,8,146005.0334963412,2,0,0,145963.97006768524,0,1,0.04,4.0,Low Risk
617,Germany,Female,71,6,100403.35954161624,1,1,0,1460.38240147459,1,5,0.96,96.0,High Risk
412,France,Female,71,2,219054.36431618416,2,1,0,131156.57394438403,0,0,0.01,1.0,Low Risk
677,Spain,Female,45,9,119924.210768927,4,0,1,118593.80414013828,0,1,0.01,1.0,Low Risk
753,Germany,Female,68,9,76983.86524723668,3,1,0,194878.17299723756,1,11,0.95,95.0,High Risk
490,France,Female,91,6,41055.59629496716,3,1,0,181404.3014268313,0,1,0.01,1.0,Low Risk
739,Germany,Female,50,9,186117.303718236,3,0,0,120069.13690509186,1,8,1.0,100.0,High Risk
486,Germany,Male,18,9,149055.77324782414,2,0,1,115244.3372289103,0,1,0.0,0.0,Low Risk
666,Germany,Female,86,4,23088.50086932332,1,1,1,18523.15263350231,0,1,0.01,1.0,Low Risk
388,France,Female,18,8,147909.98073564802,2,1,1,188213.7785529119,0,0,0.01,1.0,Low Risk
486,Spain,Male,72,5,39862.71355488541,3,1,0,141381.93709704923,0,0,0.0,0.0,Low Risk
431,Spain,Female,62,10,245429.94494650365,4,0,1,100448.12147329868,0,1,0.02,2.0,Low Risk
675,Germany,Female,90,6,64927.27569251797,2,1,1,171491.33400793507,0,0,0.04,4.0,Low Risk
398,Spain,Male,57,3,174004.0449353321,3,1,1,146142.48827986824,1,5,0.99,99.0,High Risk
333,Germany,Male,78,1,164011.2674427937,4,1,1,112718.23593800726,0,0,0.0,0.0,Low Risk
470,France,Female,53,10,172837.864401271,1,0,0,107829.43843804768,1,6,0.99,99.0,High Risk
665,France,Male,41,3,107498.72836484204,4,1,1,185257.15149905524,0,0,0.0,0.0,Low Risk
358,France,Female,31,8,18582.949666941713,1,1,0,159822.1248371307,0,0,0.0,0.0,Low Risk
480,Germany,Female,18,2,245001.844388534,4,0,1,80622.93069240739,0,1,0.0,0.0,Low Risk
318,Spain,Male,64,6,47881.45862678897,1,1,1,125769.43248054016,0,0,0.0,0.0,Low Risk
525,France,Female,38,3,192430.07252735304,1,1,0,39280.01942422139,0,0,0.0,0.0,Low Risk
772,Germany,Female,90,2,34393.375058035606,1,0,1,186652.1162346579,0,1,0.11,11.0,Low Risk
394,Spain,Female,56,4,70299.25362717906,2,1,1,139053.2983616403,0,1,0.0,0.0,Low Risk
596,Spain,Female,20,1,139971.66217247854,4,1,0,192005.85310992828,0,0,0.02,2.0,Low Risk
474,Spain,Male,33,10,103367.34056401,1,0,1,58399.51697783282,0,0,0.0,0.0,Low Risk
521,Germany,Male,85,9,239566.62659975572,4,1,1,63042.48370776838,1,7,0.98,98.0,High Risk
353,Germany,Female,43,3,211921.29866345823,2,1,1,166423.6164170504,0,0,0.02,2.0,Low Risk
702,Germany,Female,71,6,230447.58687969617,3,1,0,52373.7174571034,1,7,1.0,100.0,High Risk
617,France,Female,30,1,160174.1409380155,3,1,1,71535.69318972187,0,0,0.0,0.0,Low Risk
648,Germany,Female,78,9,54728.9269709926,1,1,0,176861.56745548418,0,0,0.0,0.0,Low Risk
742,France,Female,37,5,129624.85702516211,2,1,0,103555.32065873076,0,1,0.0,0.0,Low Risk
839,France,Male,44,4,191383.3490543764,4,0,1,60084.246832936056,0,1,0.01,1.0,Low Risk
581,France,Male,19,2,16179.555161238255,1,0,0,81871.63873038761,0,1,0.0,0.0,Low Risk
659,Germany,Male,27,4,215779.26733864183,3,0,1,142385.22669890014,0,0,0.0,0.0,Low Risk
307,France,Female,77,9,157837.72919329815,2,0,0,31741.225366558803,0,0,0.11,11.0,Low Risk
790,Germany,Female,36,6,180892.86694849055,3,1,1,192432.40797106255,1,5,0.95,95.0,High Risk
640,Germany,Female,32,2,173573.860228829,2,0,0,98589.09692577797,0,1,0.02,2.0,Low Risk
771,France,Male,64,7,211940.5964090245,3,0,1,152986.67610144164,0,0,0.01,1.0,Low Risk
548,France,Female,41,6,21880.237209558865,1,0,1,140396.244539921,0,0,0.01,1.0,Low Risk
534,France,Male,33,3,94260.98739836496,1,0,0,136150.91154447157,1,6,0.94,94.0,High Risk
382,Germany,Female,77,4,125654.1491254506,1,1,1,84015.56646116564,0,1,0.0,0.0,Low Risk
392,Germany,Female,66,9,136649.30303598166,3,1,0,8478.995839594827,1,6,0.98,98.0,High Risk
693,France,Female,21,10,235638.79057915747,4,1,1,148291.98015370985,0,0,0.0,0.0,Low Risk
567,France,Female,83,3,10615.960064207233,3,0,0,190755.904877476,1,4,0.97,97.0,High Risk
716,Spain,Male,66,1,216598.3450941415,3,0,1,101010.63138835032,1,6,0.98,98.0,High Risk
828,France,Female,48,8,137975.26799704504,4,0,0,190766.82146015743,1,8,0.98,98.0,High Risk
552,Spain,Female,83,0,138657.0423165364,1,0,0,106984.78994649478,0,1,0.15,15.0,Low Risk
421,Spain,Male,71,7,80082.58029623338,3,1,0,33482.21073333627,0,1,0.03,3.0,Low Risk
309,Germany,Male,19,3,160905.04769018487,3,1,1,47900.65691424983,0,0,0.04,4.0,Low Risk
615,Germany,Male,78,8,161603.28191229794,1,0,1,172944.9669627978,0,1,0.02,2.0,Low Risk
572,Spain,Female,32,2,47323.49351610352,3,1,1,124309.54818351408,0,1,0.0,0.0,Low Risk
605,Spain,Female,77,6,169251.48652737372,4,0,1,82884.482113296,0,0,0.0,0.0,Low Risk
509,France,Female,60,2,66676.5803277847,2,0,1,159879.31740796097,0,1,0.01,1.0,Low Risk
763,Spain,Female,57,9,172196.66651731168,3,1,1,128345.39668838792,0,0,0.01,1.0,Low Risk
715,France,Male,47,6,152985.748979807,4,1,0,174458.31897340438,0,1,0.0,0.0,Low Risk
515,Germany,Male,80,1,178987.99498855945,1,0,0,194188.8836516196,0,0,0.01,1.0,Low Risk
379,France,Male,41,2,4924.949834502895,2,0,1,130250.93627625244,0,2,0.02,2.0,Low Risk
779,Germany,Male,61,7,31341.404910899873,1,1,0,194144.71646100353,1,5,1.0,100.0,High Risk
846,Spain,Male,31,6,210050.1639770771,1,1,1,94082.34620950896,0,0,0.01,1.0,Low Risk
317,Spain,Female,45,10,95180.81533767794,1,0,1,167998.70320056242,0,0,0.03,3.0,Low Risk
464,Spain,Female,31,2,209179.588613264,2,0,1,181289.9038969531,0,2,0.04,4.0,Low Risk
824,France,Female,73,7,15668.564706029592,4,1,1,9043.925306449812,0,0,0.0,0.0,Low Risk
501,Germany,Male,51,8,192342.83862077017,4,1,0,173019.7002819971,0,1,0.01,1.0,Low Risk
645,Germany,Male,29,1,20941.75858997671,4,0,0,81743.74634490813,0,0,0.0,0.0,Low Risk
665,Germany,Female,73,1,117081.66069978267,4,1,1,79651.81372508917,0,0,0.0,0.0,Low Risk
747,Germany,Female,78,6,234393.4104358641,2,0,0,156324.06824101502,1,10,1.0,100.0,High Risk
812,Germany,Female,78,10,19419.517371900452,1,1,0,49274.21088876562,1,3,0.91,91.0,High Risk
618,France,Female,57,7,87665.53238656477,3,0,0,6315.619085851282,0,1,0.01,1.0,Low Risk
516,Germany,Female,37,4,129587.14966187844,2,1,1,54238.50430482351,0,0,0.0,0.0,Low Risk
333,Spain,Female,59,1,224864.327485834,1,0,1,129691.5953295396,0,0,0.02,2.0,Low Risk
565,Germany,Male,24,9,83151.79849827451,3,1,0,190686.25071813865,1,6,0.97,97.0,High Risk
379,Spain,Female,90,4,201760.40284541933,1,0,0,79150.44073508818,0,2,0.38,38.0,Low Risk
712,France,Male,85,2,179543.2582000293,4,1,1,159510.34218788322,0,1,0.01,1.0,Low Risk
551,France,Female,48,8,76766.84280713467,2,1,1,40115.35637209258,0,1,0.01,1.0,Low Risk
311,Spain,Male,87,1,85203.31082753772,2,1,1,170383.83014680343,1,6,0.97,97.0,High Risk
700,Germany,Male,64,8,47753.04624496191,3,1,1,153089.02213313477,1,9,0.99,99.0,High Risk
581,France,Male,68,1,173240.59203652665,2,1,0,89634.33379332315,0,1,0.01,1.0,Low Risk
411,France,Female,75,0,140775.59734114117,1,1,1,178974.2556484176,0,2,0.08,8.0,Low Risk
677,France,Female,39,9,38738.026730254474,1,0,1,7583.249330726814,0,1,0.0,0.0,Low Risk
567,Germany,Female,41,5,155017.5691122468,3,0,1,157182.1602729812,0,0,0.0,0.0,Low Risk
597,Spain,Female,51,10,124662.4112522123,3,0,1,7050.147534151064,0,0,0.0,0.0,Low Risk
616,Spain,Male,80,5,23147.488176736508,3,1,1,173000.57767055213,0,0,0.0,0.0,Low Risk
808,Germany,Female,77,3,238425.8583403542,3,0,0,35364.01911654094,0,2,0.09,9.0,Low Risk
845,France,Female,36,1,208688.94340349277,4,1,1,7666.046745403273,0,0,0.01,1.0,Low Risk
664,Germany,Female,41,9,17756.031979003605,1,0,1,61764.15766932902,1,5,0.98,98.0,High Risk
846,Germany,Male,81,10,232816.98447023417,1,0,1,35755.87021027986,0,0,0.04,4.0,Low Risk
570,Spain,Male,37,2,229169.4569109488,1,1,0,130368.70767707402,0,2,0.02,2.0,Low Risk
773,Germany,Female,44,5,10545.754183266808,1,1,0,94477.74114097148,0,0,0.03,3.0,Low Risk
836,Germany,Female,75,3,50369.73645236153,4,1,1,25957.23481538268,0,0,0.04,4.0,Low Risk
533,France,Female,61,4,175602.09668416233,3,1,0,183228.308902448,0,0,0.0,0.0,Low Risk
358,France,Female,82,10,233643.39375572745,2,1,1,73565.19133183625,0,1,0.04,4.0,Low Risk
550,Spain,Male,63,8,205778.68043913343,1,1,0,56575.43392546515,0,0,0.0,0.0,Low Risk
385,France,Female,71,4,70474.4634860634,2,0,1,139614.01688635422,0,0,0.01,1.0,Low Risk
689,Germany,Female,56,9,8359.639130442603,4,1,1,78706.19532705322,0,1,0.06,6.0,Low Risk
479,Germany,Male,24,10,118221.85362076592,4,1,1,29109.408194772273,1,4,0.96,96.0,High Risk
448,Germany,Female,71,7,22990.436152473067,3,0,0,116479.40461678976,0,0,0.02,2.0,Low Risk
420,Spain,Female,60,1,61324.058026548475,4,0,1,6082.039995702069,0,0,0.03,3.0,Low Risk
555,France,Female,37,5,160024.2640180463,3,0,1,125438.90234408548,0,0,0.0,0.0,Low Risk
608,Germany,Male,42,10,123754.73722973134,2,0,0,173512.16312103474,0,0,0.0,0.0,Low Risk
358,France,Male,60,10,94179.8142753608,4,0,0,52410.78482972809,0,2,0.06,6.0,Low Risk
368,France,Female,90,5,232490.5815873341,3,0,1,170465.47401985695,0,0,0.02,2.0,Low Risk
745,France,Female,44,4,48241.54376701378,2,0,1,49015.47406460252,0,2,0.07,7.0,Low Risk
687,France,Male,42,5,121869.5607880648,1,0,0,40500.20587234972,0,0,0.0,0.0,Low Risk
385,Spain,Male,53,4,143373.7949633349,3,0,0,143079.79155442218,0,0,0.01,1.0,Low Risk
526,Spain,Male,83,1,80485.50918956449,3,1,0,13111.179590561129,1,4,0.95,95.0,High Risk
483,Spain,Female,26,4,176324.35979076603,2,1,0,8136.590380393119,1,4,0.95,95.0,High Risk
621,Germany,Male,70,0,216819.6689561013,2,1,0,91202.1382594198,1,5,1.0,100.0,High Risk
617,Germany,Male,38,2,135369.73213574747,2,1,0,6828.301131858435,0,1,0.01,1.0,Low Risk
698,Germany,Male,67,6,195334.2357786097,2,0,1,99340.81133526591,0,0,0.01,1.0,Low Risk
592,Spain,Female,33,3,15240.411181413729,2,0,1,129889.11869986865,0,0,0.0,0.0,Low Risk
592,France,Male,83,7,38445.640744436016,3,0,1,45649.90932570813,0,0,0.01,1.0,Low Risk
784,Spain,Female,43,2,115506.38221183197,2,0,0,179775.62665542995,0,0,0.0,0.0,Low Risk
746,Germany,Female,61,6,230254.96395660896,1,1,1,40063.7219597616,1,2,0.81,81.0,High Risk
711,Germany,Female,46,1,132897.8641837026,2,0,0,47506.864854582775,0,1,0.03,3.0,Low Risk
807,France,Female,63,7,108075.52940601122,4,1,1,182612.99729612065,0,1,0.0,0.0,Low Risk
543,Spain,Male,88,2,150026.89253985582,3,1,1,137511.4978407913,0,1,0.02,2.0,Low Risk
719,France,Female,66,5,31116.448720275996,1,1,0,105731.97567452327,0,2,0.25,25.0,Low Risk
453,Spain,Female,32,1,163420.15822119013,3,1,1,66037.47686423088,0,1,0.0,0.0,Low Risk
723,Germany,Female,34,6,23505.286151013686,4,1,1,153818.2538249274,1,7,0.96,96.0,High Risk
572,France,Male,26,3,144198.32909243662,2,1,1,117671.90336112188,0,1,0.0,0.0,Low Risk
819,France,Male,49,5,178597.5102846257,3,1,1,68392.10794371847,1,4,1.0,100.0,High Risk
427,Spain,Male,83,1,102876.8659571376,3,0,0,165196.33720603248,0,1,0.03,3.0,Low Risk
672,Spain,Male,76,2,227725.68171443444,2,0,0,158918.8571608993,0,0,0.01,1.0,Low Risk
458,Spain,Female,49,2,38008.0111550809,3,1,1,188172.21133402156,1,3,0.86,86.0,High Risk
475,Germany,Female,60,3,42739.61785051514,3,0,0,198975.2352570552,0,0,0.0,0.0,Low Risk
510,Spain,Female,76,0,129228.60236276808,3,0,0,2316.234711982065,0,3,0.22,22.0,Low Risk
746,Germany,Male,47,5,232913.8434665613,4,1,0,64030.99309108314,0,1,0.04,4.0,Low Risk
466,Spain,Male,28,10,97674.65074104397,4,1,1,38537.48931112763,0,1,0.0,0.0,Low Risk
759,Spain,Male,43,5,231599.96944035927,4,1,1,42729.13325754805,0,0,0.0,0.0,Low Risk
656,Germany,Female,19,3,173368.72297738597,1,1,0,172964.52074158954,0,1,0.03,3.0,Low Risk
603,Spain,Female,51,7,195638.8068121784,3,1,1,194986.24846668603,0,0,0.02,2.0,Low Risk
532,Germany,Female,58,4,234467.67610093436,2,0,1,188014.2088448451,0,0,0.05,5.0,Low Risk
626,Germany,Male,48,9,143082.08430329835,2,1,0,139297.24000072942,1,4,1.0,100.0,High Risk
481,Spain,Male,80,3,160413.23259457274,3,0,1,110995.91360231882,0,2,0.1,10.0,Low Risk
633,Spain,Female,72,6,144747.6090867147,2,0,0,127603.9932204217,0,0,0.01,1.0,Low Risk
328,France,Male,78,9,196214.6398611361,1,1,0,171137.17315201458,0,0,0.0,0.0,Low Risk
392,Spain,Female,53,9,68351.57362598256,2,1,1,1416.9815751661267,1,3,0.91,91.0,High Risk
629,France,Female,57,7,197011.95910139623,4,0,1,85656.79682150723,1,7,1.0,100.0,High Risk
483,Spain,Male,40,1,178386.40781734965,4,0,1,101319.26627854876,0,0,0.0,0.0,Low Risk
394,Germany,Female,43,0,150516.5442839096,4,0,1,184693.0089149688,0,0,0.0,0.0,Low Risk
652,Germany,Female,35,5,9697.936071042606,4,1,1,34423.47763924918,0,1,0.02,2.0,Low Risk
564,France,Female,51,1,193635.99296253937,2,1,0,148873.7752776532,0,0,0.0,0.0,Low Risk
318,Spain,Female,45,10,33106.488248689086,3,0,0,184803.56420158263,1,6,0.98,98.0,High Risk
798,France,Female,66,7,240492.98076210823,1,1,0,152805.29439005206,0,1,0.06,6.0,Low Risk
438,Spain,Male,81,4,20373.275303207123,1,1,0,2067.6219729673585,0,0,0.06,6.0,Low Risk
824,Spain,Female,88,1,180068.89494571296,2,0,1,131892.55288009348,1,9,1.0,100.0,High Risk
554,Germany,Male,80,10,90106.42091740912,2,0,1,41914.16311253327,1,5,1.0,100.0,High Risk
384,France,Female,79,4,183922.59802874303,4,1,1,121029.12289226706,0,1,0.07,7.0,Low Risk
757,Germany,Male,59,1,129738.17774150617,3,1,1,114236.56374891291,0,0,0.01,1.0,Low Risk
831,Germany,Male,41,5,157376.30771685636,4,1,0,191409.7170574064,0,0,0.0,0.0,Low Risk
391,Germany,Male,52,7,18859.185152414775,3,1,1,38065.76188365455,1,5,0.98,98.0,High Risk
368,France,Female,72,1,241619.7730917507,4,0,1,10111.10427397774,1,2,0.7,70.0,Medium Risk
336,Spain,Male,66,5,961.6189451235324,1,0,1,122259.20384740068,0,0,0.01,1.0,Low Risk
439,Spain,Female,76,5,235289.8626172686,3,1,1,68793.8916652826,1,5,0.99,99.0,High Risk
477,France,Female,39,0,142062.54797219287,1,0,0,150045.39069442148,0,1,0.01,1.0,Low Risk
436,Spain,Male,78,8,64567.537164714086,4,1,1,198643.0388538068,1,7,0.96,96.0,High Risk
489,France,Male,47,7,159431.94241714943,1,0,0,80278.99374522353,1,7,0.99,99.0,High Risk
641,France,Female,86,3,168224.28383761924,2,1,1,30378.230816774245,0,4,0.35,35.0,Low Risk
304,Spain,Female,77,6,182582.91121944203,1,0,0,110827.1693819302,0,1,0.04,4.0,Low Risk
556,Germany,Female,23,3,4109.438596681336,1,0,0,69241.85240243269,0,0,0.02,2.0,Low Risk
542,France,Male,28,7,245695.60094608105,4,0,1,158938.0913945925,0,1,0.0,0.0,Low Risk
714,France,Female,41,9,154478.23366866747,1,0,1,106872.96618630982,0,1,0.01,1.0,Low Risk
642,France,Female,68,1,94384.04947250344,1,0,0,181638.00592209143,0,2,0.1,10.0,Low Risk
678,France,Female,36,1,142662.59586070073,2,0,1,167635.9550716339,1,7,0.89,89.0,High Risk
445,Spain,Female,67,2,44605.45566236118,3,1,0,182824.2102033012,0,0,0.02,2.0,Low Risk
622,Spain,Female,20,3,61816.63769257137,3,1,0,59817.88147696429,0,1,0.0,0.0,Low Risk
421,France,Female,20,10,21444.875759250608,1,0,0,180553.75289007713,1,4,0.95,95.0,High Risk
551,Germany,Female,48,5,219808.41180733772,3,0,1,173287.2785820086,0,1,0.04,4.0,Low Risk
610,Spain,Female,64,4,62900.02878215409,3,1,0,125405.72676247451,0,1,0.02,2.0,Low Risk
774,Germany,Female,25,9,184927.6174867905,1,0,1,182088.7565349567,0,0,0.02,2.0,Low Risk
791,Germany,Female,34,9,68549.67070330378,4,0,0,10856.875383892502,1,3,0.89,89.0,High Risk
646,France,Female,62,6,36497.16237275907,1,1,1,157128.06026839392,0,1,0.01,1.0,Low Risk
786,Spain,Female,77,5,27033.617653654364,3,0,0,29110.833128620387,0,0,0.0,0.0,Low Risk
772,France,Male,38,3,215061.08768096723,2,0,1,68187.95559878515,1,6,0.93,93.0,High Risk
681,France,Female,87,10,29934.196187358983,3,0,0,145919.47650938437,0,0,0.03,3.0,Low Risk
579,Germany,Female,38,9,21787.295748529777,4,1,1,41944.68866084203,0,1,0.0,0.0,Low Risk
371,Germany,Female,75,8,2338.6963888225587,1,0,0,46248.6381634566,1,4,0.96,96.0,High Risk
820,Germany,Female,72,6,91610.01234023397,3,1,1,42417.296472001515,0,2,0.18,18.0,Low Risk
665,France,Female,45,0,235671.79763559153,3,0,1,91253.1224847366,0,1,0.0,0.0,Low Risk
393,France,Male,63,7,227162.46477012156,2,1,0,16206.194605008328,1,4,0.99,99.0,High Risk
672,France,Female,61,3,28763.176434365683,4,0,1,177305.52250876074,0,1,0.01,1.0,Low Risk
638,France,Male,42,6,3123.6813751061854,3,1,1,145947.6338694732,0,0,0.0,0.0,Low Risk
736,France,Female,88,10,187751.8806184721,3,1,0,102706.9015763286,0,0,0.0,0.0,Low Risk
635,France,Male,66,1,76619.32265766403,1,1,1,16851.163232285973,0,0,0.0,0.0,Low Risk
791,France,Male,63,2,208669.24493819504,4,1,1,24874.318751591592,0,0,0.01,1.0,Low Risk
339,France,Female,80,0,53857.359681106,2,0,1,19702.541041882116,0,2,0.05,5.0,Low Risk
658,Spain,Male,29,1,123052.150162044,3,1,1,2959.737272684915,0,1,0.03,3.0,Low Risk
553,Spain,Male,74,10,8236.509678142045,4,1,0,133421.5632935296,1,6,0.97,97.0,High Risk
697,Spain,Female,90,4,223678.7069539008,4,1,1,102034.84948326233,1,1,0.74,74.0,Medium Risk
469,Spain,Male,81,1,44493.99887026983,4,0,1,76418.99124372438,1,6,0.95,95.0,High Risk
810,France,Male,48,5,73675.75820791708,4,0,0,69513.24268857496,1,6,0.96,96.0,High Risk
559,France,Male,21,5,119925.09914506432,3,0,0,92282.70532881026,0,1,0.01,1.0,Low Risk
758,Germany,Female,71,5,67817.21060415685,4,1,1,94997.41504481027,0,0,0.01,1.0,Low Risk
828,Germany,Female,82,10,10040.86150522998,1,1,1,27824.04582056152,0,1,0.04,4.0,Low Risk
640,Spain,Female,23,2,7271.5324473083265,1,1,0,106311.63201316124,1,4,0.96,96.0,High Risk
356,Germany,Female,82,10,238803.31570360236,2,1,1,9615.014963788972,1,2,0.74,74.0,Medium Risk
517,Spain,Male,39,2,81374.08106224208,2,0,0,187729.8916464367,0,1,0.02,2.0,Low Risk
763,France,Female,34,9,83597.89851696734,4,0,1,142846.4727020983,0,1,0.01,1.0,Low Risk
546,France,Male,76,6,230724.9924985897,2,0,0,1901.5911179178177,1,5,0.94,94.0,High Risk
672,Germany,Female,46,3,209038.4199538142,4,0,0,57773.44191246952,0,0,0.0,0.0,Low Risk
716,France,Female,84,5,171735.40133618226,1,1,0,196544.4892384416,0,1,0.01,1.0,Low Risk
330,France,Male,34,7,164626.43933457413,1,0,1,9700.879562149532,0,2,0.07,7.0,Low Risk
667,Spain,Male,19,2,200271.43405491696,1,1,0,29353.61514220246,0,0,0.0,0.0,Low Risk
407,Germany,Female,49,8,42218.862481734235,1,1,1,95428.19089433736,1,0,0.63,63.0,Medium Risk
717,France,Female,39,8,166068.7143582681,2,0,0,70696.33445403384,0,0,0.0,0.0,Low Risk
697,Germany,Female,75,2,24599.64806614809,2,0,1,197046.3852739924,0,3,0.29,29.0,Low Risk
571,France,Female,70,5,31628.18321116842,4,0,1,107922.99455208208,0,0,0.01,1.0,Low Risk
415,Spain,Female,64,4,60689.02519338088,2,1,1,188239.8244341756,0,0,0.0,0.0,Low Risk
555,France,Male,21,3,177450.94601146865,1,0,1,75370.3671711949,0,1,0.01,1.0,Low Risk
380,Germany,Female,55,7,223136.29850855604,1,0,1,54425.60599764652,0,0,0.01,1.0,Low Risk
427,Germany,Male,30,9,172696.57184601662,4,1,1,57691.20626966302,0,0,0.01,1.0,Low Risk
534,Spain,Female,78,8,104155.75673009534,1,1,0,127323.3837514127,1,4,0.99,99.0,High Risk
480,France,Female,81,8,128415.30468702206,1,0,1,120806.76379190576,0,3,0.33,33.0,Low Risk
456,Spain,Male,50,4,178081.44976202145,4,0,1,110724.69440984768,1,7,1.0,100.0,High Risk
753,Germany,Female,55,4,153320.47273855453,4,1,0,37822.16605540643,0,0,0.0,0.0,Low Risk
323,Spain,Male,46,10,132366.8835836747,3,0,0,52696.5404502629,0,1,0.0,0.0,Low Risk
772,France,Male,78,2,59198.119744783755,2,1,1,57830.44108066688,0,2,0.07,7.0,Low Risk
699,France,Female,49,8,154240.23089686182,2,1,0,173248.248201993,0,1,0.0,0.0,Low Risk
433,Spain,Male,28,0,4667.043892075867,4,1,0,163468.5009025221,1,9,0.99,99.0,High Risk
720,Germany,Female,35,2,140013.49500374382,3,1,0,41013.27975669885,1,3,0.81,81.0,High Risk
512,Germany,Female,62,6,205186.2695982337,2,1,1,29293.720456508076,0,0,0.0,0.0,Low Risk
781,Spain,Female,38,6,44937.637438493104,1,0,0,20436.99542464913,0,0,0.01,1.0,Low Risk
647,France,Female,29,4,28552.60554852959,4,0,1,13536.918200319304,0,1,0.0,0.0,Low Risk
465,France,Female,37,5,242558.78879862855,4,1,0,196924.194276479,0,1,0.04,4.0,Low Risk
647,France,Female,24,3,210865.8342688332,2,1,1,162260.6255965244,0,0,0.0,0.0,Low Risk
697,France,Female,88,7,75500.29009501245,1,0,0,3395.4450156381613,1,3,0.93,93.0,High Risk
734,Germany,Male,19,3,52143.19021588832,1,0,1,1335.043939816163,0,0,0.01,1.0,Low Risk
520,France,Female,60,9,83509.84077539938,4,1,1,137987.0316926081,0,0,0.0,0.0,Low Risk
607,Spain,Male,38,5,107806.24282278297,4,1,0,62261.48493926308,0,0,0.0,0.0,Low Risk
765,Spain,Female,46,4,205270.72707633412,1,1,0,19799.450506228637,1,4,0.99,99.0,High Risk
398,Spain,Female,49,9,59800.93278908635,4,1,1,92808.59276252396,0,0,0.01,1.0,Low Risk
541,Spain,Male,62,5,180211.2658392341,3,0,1,3777.3989858881346,0,0,0.0,0.0,Low Risk
457,France,Male,76,2,232322.74540322344,2,0,0,84981.84297834935,0,1,0.05,5.0,Low Risk
526,Germany,Male,20,2,94878.0524056468,1,0,0,47523.192778008925,0,2,0.03,3.0,Low Risk
722,France,Male,56,9,6511.728595053307,2,1,0,52982.69530861495,1,7,0.97,97.0,High Risk
371,Germany,Female,68,6,206904.10557180343,3,0,0,57253.343749451225,0,1,0.01,1.0,Low Risk
542,France,Female,25,0,177103.4629875874,4,1,0,61547.57756569507,0,0,0.01,1.0,Low Risk
829,Germany,Male,63,0,37267.450959253656,2,1,0,4018.267116705568,0,0,0.1,10.0,Low Risk
344,Spain,Female,83,0,149226.3893928382,2,0,0,114045.33261237825,1,3,0.54,54.0,Medium Risk
771,Spain,Male,23,5,206204.116155207,4,1,0,109582.53079088771,0,1,0.0,0.0,Low Risk
670,Germany,Male,75,3,45257.95295417983,2,1,1,130164.91801760612,1,5,0.98,98.0,High Risk
391,Germany,Male,58,5,55725.46833101805,2,0,0,31991.561461273363,0,0,0.02,2.0,Low Risk
321,Germany,Male,71,0,50445.38691810893,3,1,1,198963.55839387665,0,0,0.01,1.0,Low Risk
471,Spain,Male,58,3,249375.3883343972,2,1,0,27173.389723788227,0,2,0.08,8.0,Low Risk
491,Spain,Female,65,3,57380.40455863905,4,0,0,162313.03667544428,0,0,0.01,1.0,Low Risk
376,France,Male,87,1,66729.59832042188,4,1,0,44079.87240634281,0,0,0.01,1.0,Low Risk
580,Germany,Male,44,0,11981.417201429118,4,1,0,87812.93230355026,0,1,0.02,2.0,Low Risk
663,Germany,Female,64,7,245819.61296382677,1,0,1,64847.220105429355,0,0,0.01,1.0,Low Risk
478,Germany,Male,40,5,61688.5412282932,3,1,0,61548.824525802025,0,0,0.0,0.0,Low Risk
537,Spain,Male,91,3,181308.2900807656,2,0,1,97307.59663308332,0,0,0.0,0.0,Low Risk
434,Germany,Female,31,1,6592.133335697775,2,1,1,47933.19934100256,0,0,0.01,1.0,Low Risk
579,Germany,Female,78,4,195850.7479563747,4,1,0,109375.75319270798,0,1,0.0,0.0,Low Risk
318,Spain,Female,84,8,187652.6229348423,4,0,1,50143.93184443926,0,1,0.07,7.0,Low Risk
670,Germany,Female,42,6,21038.205174479768,4,0,1,194583.74381126903,0,0,0.01,1.0,Low Risk
411,France,Female,82,3,30650.459390266005,4,1,1,47889.68693395039,0,0,0.0,0.0,Low Risk
520,Spain,Male,41,4,73777.31903095222,1,1,1,152926.79142317834,0,0,0.0,0.0,Low Risk
603,Spain,Male,70,7,88666.98317415522,3,1,1,93948.74024940422,1,10,0.98,98.0,High Risk
624,Spain,Male,90,10,195874.92945990583,3,0,1,7593.4085071628115,0,1,0.03,3.0,Low Risk
736,France,Female,67,4,15297.24482183059,1,0,1,30549.16254932248,0,0,0.01,1.0,Low Risk
737,Spain,Female,18,5,162559.89000836498,2,1,1,185712.94195090665,0,0,0.01,1.0,Low Risk
469,Spain,Female,56,9,57133.485609675125,2,0,1,164058.8141210142,0,1,0.0,0.0,Low Risk
674,Spain,Female,91,5,95617.31044733748,3,1,1,28838.28723011585,0,1,0.1,10.0,Low Risk
680,Spain,Female,61,7,550.9879459210943,3,0,0,10219.704877320544,0,0,0.01,1.0,Low Risk
313,France,Female,22,10,72780.91097461357,2,1,1,30550.368308469144,0,0,0.0,0.0,Low Risk
799,Germany,Male,85,4,42834.489145770014,1,0,0,116789.95608356256,0,0,0.05,5.0,Low Risk
690,Germany,Female,89,0,125993.03982097877,1,0,0,126717.24136593498,1,4,0.99,99.0,High Risk
848,Spain,Male,82,3,39548.08409771699,2,1,0,75789.03711330825,1,6,0.96,96.0,High Risk
829,France,Male,32,2,208954.4045543399,1,1,1,56184.80122331355,0,0,0.0,0.0,Low Risk
791,Spain,Male,67,1,220726.42008131367,4,1,1,41389.95949282424,1,8,0.99,99.0,High Risk
849,Germany,Female,23,6,211322.4120128292,3,1,0,87780.03628855912,0,0,0.02,2.0,Low Risk
684,Germany,Female,83,6,245450.7055056291,2,0,1,4521.978356162288,1,1,0.11,11.0,Low Risk
495,France,Female,86,7,228661.60201448863,4,0,1,1751.1528353963197,0,0,0.02,2.0,Low Risk
599,Germany,Female,56,9,69946.97813959622,4,1,0,159555.47290857104,0,0,0.02,2.0,Low Risk
846,Spain,Female,46,4,78615.25571225244,1,0,0,106076.3932018363,0,0,0.06,6.0,Low Risk
607,France,Male,63,0,133164.86572920738,1,1,0,156244.5312167357,0,0,0.01,1.0,Low Risk
551,Germany,Male,48,5,96239.41104964112,3,0,0,22794.175011019342,1,8,0.98,98.0,High Risk
307,Spain,Female,41,5,242477.7563915265,3,0,0,163068.281455695,0,0,0.01,1.0,Low Risk
507,France,Male,32,10,84882.77923731571,2,1,1,184548.39207377215,0,0,0.0,0.0,Low Risk
430,Spain,Male,37,7,185020.59536380495,3,1,0,106679.37597432188,1,3,0.89,89.0,High Risk
325,Germany,Female,21,9,143840.42558988644,4,1,1,21096.35413200473,0,0,0.0,0.0,Low Risk
753,Spain,Male,75,1,239120.17574985285,3,1,0,24658.676979027172,0,0,0.03,3.0,Low Risk
485,France,Male,78,10,186129.40465315644,4,1,1,38844.55648884013,0,1,0.02,2.0,Low Risk
783,Spain,Female,27,8,75911.45984561749,4,1,0,37060.05406689393,0,0,0.01,1.0,Low Risk
350,Germany,Male,58,10,49267.08921440262,2,0,1,188974.5732643548,0,0,0.02,2.0,Low Risk
304,France,Female,70,5,213654.56299809864,1,0,1,160060.92818027135,0,2,0.3,30.0,Low Risk
459,France,Female,88,0,227753.6096673456,3,0,0,63635.183462633955,1,7,1.0,100.0,High Risk
507,Germany,Female,65,8,207773.5696153739,2,1,0,163317.19472332165,0,0,0.12,12.0,Low Risk
556,Spain,Male,32,7,184362.39223111368,3,0,0,154429.30626746448,0,0,0.0,0.0,Low Risk
504,Spain,Male,24,9,80432.51031257937,4,1,0,71059.4257373864,0,1,0.01,1.0,Low Risk
310,Germany,Male,89,0,126343.28451896497,3,0,0,6006.70345383608,0,0,0.02,2.0,Low Risk
307,France,Female,88,7,228925.73059291765,1,1,0,1758.9160359621178,1,6,0.96,96.0,High Risk
708,Germany,Male,60,6,33724.36628802564,3,0,0,65131.4143120751,0,1,0.01,1.0,Low Risk
331,France,Male,21,4,123729.80065879172,3,0,1,9088.62500347643,0,0,0.0,0.0,Low Risk
839,France,Female,68,5,88877.33875699861,4,1,1,24227.79748806091,0,1,0.0,0.0,Low Risk
686,Spain,Female,88,3,169372.39384818976,3,1,1,50895.35841295411,0,0,0.0,0.0,Low Risk
527,Germany,Female,76,8,158517.45499665712,1,1,1,35812.51811273504,1,2,0.71,71.0,Medium Risk
774,France,Male,58,8,140014.3367298289,3,1,0,28963.037429010597,1,5,0.99,99.0,High Risk
506,Spain,Female,78,9,69903.9069162094,4,0,0,52435.99643870197,1,2,0.77,77.0,High Risk
617,Germany,Male,47,0,39887.5612119611,2,1,1,147381.071080617,0,0,0.02,2.0,Low Risk
647,Germany,Female,35,8,196084.58901930807,4,1,1,88892.71856777905,1,4,1.0,100.0,High Risk
533,France,Female,47,2,247937.3252482551,4,1,1,132643.5314131953,1,3,0.93,93.0,High Risk
343,France,Female,24,1,42273.517183679025,4,0,1,185752.94289143017,0,1,0.0,0.0,Low Risk
441,France,Female,69,3,18948.072653927396,2,1,0,280.8947554487604,0,2,0.12,12.0,Low Risk
475,Germany,Male,65,3,186432.7128033851,1,1,0,190250.4421845028,1,7,1.0,100.0,High Risk
748,France,Male,40,8,85963.9390242728,4,0,0,55835.15913875243,0,0,0.0,0.0,Low Risk
381,Germany,Male,54,3,53250.89546905435,4,1,0,57508.69361809222,0,0,0.02,2.0,Low Risk
434,Spain,Female,88,4,131281.4137782903,1,1,1,125885.5199905486,0,0,0.02,2.0,Low Risk
476,Germany,Male,70,5,168803.633459192,1,1,1,72177.33063067094,0,2,0.05,5.0,Low Risk
682,France,Female,62,3,53712.258424126216,3,0,1,16100.803233330256,0,0,0.0,0.0,Low Risk
542,Germany,Female,66,0,248625.89232391768,1,1,1,142292.39992853493,1,3,0.94,94.0,High Risk
440,France,Male,66,1,82056.04607963139,2,1,1,36645.81349583131,0,0,0.01,1.0,Low Risk
756,Spain,Female,64,2,78738.25573341626,4,0,1,185875.0804800568,1,3,0.96,96.0,High Risk
739,France,Female,42,3,105750.21732460546,4,0,0,197572.86099580996,0,1,0.03,3.0,Low Risk
355,France,Male,44,4,186257.32257709128,2,0,1,36252.909644071246,0,1,0.0,0.0,Low Risk
826,France,Male,29,9,218314.32726858888,3,0,0,150739.6988570787,0,0,0.0,0.0,Low Risk
718,France,Female,40,9,80996.52765152241,4,1,1,198364.78087839956,0,2,0.05,5.0,Low Risk
387,France,Male,34,2,29686.850524898506,4,1,0,191061.94009950847,0,0,0.0,0.0,Low Risk
307,France,Female,61,10,64032.70533796557,3,0,1,112987.31565967992,1,9,1.0,100.0,High Risk
776,Spain,Male,88,0,21069.904469476653,3,0,0,62412.353439888866,1,5,0.98,98.0,High Risk
514,Spain,Female,41,10,157586.12295379167,3,1,0,2342.6193357719035,0,1,0.0,0.0,Low Risk
796,Germany,Female,88,10,185174.0414488112,2,0,0,179648.14661006315,0,1,0.06,6.0,Low Risk
802,France,Female,77,7,107316.6354409776,2,0,0,7128.59382341698,1,7,0.99,99.0,High Risk
544,Germany,Male,70,7,238198.76204640983,1,1,1,115288.663454692,1,2,0.64,64.0,Medium Risk
777,Spain,Male,91,3,181880.955982542,3,0,0,37238.02643018259,0,0,0.0,0.0,Low Risk
608,Spain,Female,33,6,94914.71776120186,2,1,1,48404.20818788696,0,2,0.03,3.0,Low Risk
530,France,Male,42,3,25553.46436482969,2,1,1,4680.091127310779,0,1,0.0,0.0,Low Risk
682,France,Male,83,2,123426.02622636005,1,0,1,7390.891915581279,0,0,0.0,0.0,Low Risk
454,Germany,Male,67,6,125958.88435009478,2,0,0,70047.6380934555,1,5,1.0,100.0,High Risk
474,Spain,Female,86,5,137646.74188506996,4,0,1,175513.22715370075,1,5,0.99,99.0,High Risk
414,Germany,Male,57,0,170612.37002013452,2,1,1,113171.00415981186,0,1,0.0,0.0,Low Risk
689,Germany,Male,23,8,66095.67516961007,3,0,1,107665.91500285517,1,3,0.56,56.0,Medium Risk
610,Germany,Male,81,1,621.1165923936668,1,0,1,124064.24537324598,0,0,0.07,7.0,Low Risk
599,France,Female,45,2,203211.18495821528,3,1,1,107071.38227316528,0,0,0.0,0.0,Low Risk
317,Spain,Female,26,4,205884.1735302489,3,1,1,60855.86829368564,0,1,0.01,1.0,Low Risk
311,Germany,Female,23,2,227905.4417262955,1,0,1,175995.27001439713,0,1,0.01,1.0,Low Risk
703,Spain,Male,34,2,242259.1599606245,4,1,1,95125.90710933851,0,0,0.0,0.0,Low Risk
531,Spain,Female,57,7,39792.86071234717,1,1,0,150532.82092243168,0,1,0.0,0.0,Low Risk
577,Germany,Male,62,3,88467.91802686654,4,0,0,182410.02938069025,0,1,0.02,2.0,Low Risk
652,Germany,Male,60,9,212839.8085287853,4,1,0,755.4246811229165,1,8,0.96,96.0,High Risk
602,France,Female,63,1,233499.84752340915,3,0,0,95632.73737003784,0,0,0.04,4.0,Low Risk
840,Spain,Male,80,4,3632.3832387145926,3,1,1,120927.09396598396,1,4,0.97,97.0,High Risk
769,Germany,Female,18,1,96883.49393222398,3,0,0,100483.57815811348,0,0,0.02,2.0,Low Risk
376,Germany,Male,76,9,28346.473449971265,3,0,0,180484.1226937275,0,2,0.25,25.0,Low Risk
820,Spain,Male,80,10,197114.56648925407,1,0,1,188010.22119974525,0,0,0.0,0.0,Low Risk
323,Germany,Male,35,7,186782.60163389932,2,1,1,26866.565302616054,0,1,0.0,0.0,Low Risk
314,Spain,Male,82,2,188575.67640085553,1,1,0,60499.33363747207,1,5,0.98,98.0,High Risk
824,Germany,Male,37,1,97558.79216673464,2,1,0,52783.30231826066,0,0,0.03,3.0,Low Risk
646,Spain,Female,73,2,101561.8916683906,1,0,0,99358.6601532782,1,8,1.0,100.0,High Risk
471,Germany,Female,71,2,65466.16734524571,3,0,0,76427.18996115928,1,6,0.99,99.0,High Risk
626,Germany,Female,65,0,90223.38445189706,2,1,0,71849.64553286994,0,1,0.02,2.0,Low Risk
784,France,Female,71,2,245770.3855756964,1,0,1,106784.80679077402,0,1,0.03,3.0,Low Risk
788,Spain,Male,33,2,11642.190312038669,1,0,0,98018.39059810928,0,1,0.01,1.0,Low Risk
761,France,Male,37,3,81001.8937356885,4,1,0,93080.41294714026,0,2,0.02,2.0,Low Risk
677,Germany,Female,64,7,197480.74028989975,1,0,0,22651.66112656047,1,5,0.99,99.0,High Risk
463,Spain,Female,24,8,95586.49547867532,3,1,1,107857.85004780562,0,0,0.0,0.0,Low Risk
671,Spain,Male,40,0,237496.10423912876,1,1,0,11801.53371476651,0,0,0.02,2.0,Low Risk
723,Germany,Female,50,0,83036.0344131728,1,0,0,123273.7083286667,0,1,0.02,2.0,Low Risk
776,Germany,Male,57,5,212439.58665478055,3,1,0,124691.31031123808,1,8,1.0,100.0,High Risk
681,Germany,Male,22,0,203773.71291239443,2,1,0,52125.51708884002,0,1,0.04,4.0,Low Risk
454,Germany,Female,62,4,2301.90654314405,2,0,1,27071.210644385825,1,3,0.62,62.0,Medium Risk
556,Spain,Male,58,0,100747.2735217291,3,1,0,159656.9534839201,1,9,0.99,99.0,High Risk
367,France,Male,25,7,70159.33085213782,2,1,0,154078.85612451017,0,1,0.0,0.0,Low Risk
643,Spain,Female,67,4,119902.13737017564,4,0,0,189202.02088535856,1,6,0.99,99.0,High Risk
576,Spain,Female,48,5,115692.76627757,1,0,0,89267.40526299989,1,7,1.0,100.0,High Risk
690,Spain,Male,21,3,226382.3747003593,1,1,1,63117.16335807398,0,1,0.01,1.0,Low Risk
748,Spain,Female,83,7,45895.33701689641,2,1,1,60528.57522908555,0,0,0.0,0.0,Low Risk
558,Germany,Male,73,8,45547.780558300525,2,1,0,36044.86689202896,1,1,0.65,65.0,Medium Risk
606,France,Female,22,8,27016.68493751802,2,0,1,69953.05888610077,0,1,0.0,0.0,Low Risk
394,Spain,Male,71,0,184662.7975039787,3,1,1,25568.2202774291,0,1,0.02,2.0,Low Risk
763,Spain,Male,18,6,229465.08070587125,4,1,0,174408.4939772996,0,1,0.02,2.0,Low Risk
545,France,Male,90,3,92125.97957147464,4,0,0,69382.68758310734,0,0,0.04,4.0,Low Risk
486,Germany,Male,78,9,15455.624135085443,2,1,0,109460.40352523094,0,1,0.02,2.0,Low Risk
672,Spain,Male,24,10,39005.37683745428,3,0,0,13326.04463104713,0,0,0.01,1.0,Low Risk
705,Germany,Male,47,7,25596.05279578211,2,0,0,56154.023250617574,0,0,0.0,0.0,Low Risk
707,Spain,Male,32,6,148085.0091909786,3,0,0,44716.071985620714,1,4,1.0,100.0,High Risk
424,Spain,Male,21,0,70574.4570957529,3,0,1,177393.71614043758,0,0,0.01,1.0,Low Risk
636,France,Male,80,0,224361.909349962,1,1,1,36011.22143419598,1,3,0.81,81.0,High Risk
640,France,Female,87,0,40570.68214632237,2,0,0,159107.47151288652,1,7,0.95,95.0,High Risk
477,Germany,Male,55,1,232538.99933900303,1,0,1,56540.88179721301,0,0,0.03,3.0,Low Risk
469,Spain,Female,64,9,83184.70850565648,1,0,1,42240.62437650835,0,2,0.22,22.0,Low Risk
338,Germany,Female,77,1,216826.441355054,4,0,1,1941.9033378098816,0,1,0.06,6.0,Low Risk
368,France,Female,19,8,237248.97205507584,3,1,0,58319.46632481659,0,2,0.04,4.0,Low Risk
535,France,Male,86,4,246590.89599930283,3,1,1,14066.94988276347,0,0,0.0,0.0,Low Risk
680,France,Male,25,0,200898.34221184265,3,0,1,72432.72639301831,0,2,0.04,4.0,Low Risk
356,France,Female,68,6,25421.635414165896,3,1,1,10590.299521213288,0,1,0.01,1.0,Low Risk
576,France,Male,36,9,13844.681420833587,1,0,0,12854.631374902056,1,7,1.0,100.0,High Risk
398,Germany,Male,48,1,184932.25608487523,3,0,1,70915.3472387818,0,2,0.11,11.0,Low Risk
826,Germany,Male,39,2,224259.92545003773,4,1,1,89605.82311730535,0,0,0.0,0.0,Low Risk
624,France,Male,50,3,41514.230075983425,4,0,0,66489.1624685191,0,0,0.0,0.0,Low Risk
760,Spain,Male,89,2,235266.86133655105,1,1,0,4748.716263975706,1,8,0.94,94.0,High Risk
478,Spain,Male,54,2,152556.9476096198,1,0,0,35626.93881214426,1,7,0.99,99.0,High Risk
418,Spain,Female,29,8,31002.3270562943,2,0,0,187810.5738070201,0,0,0.0,0.0,Low Risk
768,Spain,Female,86,3,41758.41662606502,2,0,1,114351.05921776706,0,1,0.02,2.0,Low Risk
848,Spain,Female,81,7,16488.869993404598,3,1,1,170798.39748097595,1,2,0.22,22.0,Low Risk
754,France,Female,42,0,35803.821318640905,1,0,1,10275.389837839906,0,1,0.02,2.0,Low Risk
325,Germany,Female,71,5,183030.98434573936,1,0,1,1524.4299858369263,0,0,0.02,2.0,Low Risk
789,France,Male,46,0,54691.58712750208,4,0,1,156352.44148536446,0,0,0.01,1.0,Low Risk
307,Spain,Male,30,4,140413.53634149025,4,1,0,76902.09917093035,0,2,0.02,2.0,Low Risk
815,Spain,Male,43,6,180270.3190853391,4,0,0,73835.00555792144,0,0,0.01,1.0,Low Risk
832,Germany,Female,39,0,223819.42358703373,1,1,1,47651.336610264094,0,0,0.01,1.0,Low Risk
448,France,Female,90,8,147481.71719170138,2,1,1,32117.21991789817,0,0,0.01,1.0,Low Risk
787,Germany,Male,27,10,142429.34832464904,1,1,0,165692.7667927372,1,10,0.94,94.0,High Risk
324,Spain,Female,65,8,228205.7612551506,1,1,1,12290.735033938445,0,0,0.01,1.0,Low Risk
724,Spain,Male,59,5,73726.22042498173,1,0,1,99676.10853742242,1,4,0.94,94.0,High Risk
592,Germany,Male,76,1,50925.39782436761,2,0,1,72092.96801904547,0,1,0.02,2.0,Low Risk
484,Spain,Male,70,1,218198.99128164715,4,1,1,55090.76808065086,0,1,0.04,4.0,Low Risk
730,France,Female,57,8,18630.74017676736,3,1,1,152151.0599576917,0,0,0.01,1.0,Low Risk
616,Spain,Female,79,3,47420.52898618235,3,0,1,175791.7645294763,0,0,0.0,0.0,Low Risk
697,Spain,Male,23,5,102813.26198784405,3,0,1,39005.89146363403,0,1,0.02,2.0,Low Risk
623,France,Male,21,9,90312.6448458216,2,0,0,15411.153132125315,0,1,0.0,0.0,Low Risk
845,Spain,Female,72,1,176523.00159768265,2,0,0,75016.83375394225,0,1,0.01,1.0,Low Risk
375,Germany,Female,86,3,22951.729574119367,3,1,1,88031.97352373583,1,2,0.86,86.0,High Risk
785,Germany,Female,20,1,119289.45429959788,3,0,0,10636.280070729632,0,0,0.0,0.0,Low Risk
387,Spain,Female,24,2,202138.73246885944,2,1,0,94012.37174513705,0,2,0.05,5.0,Low Risk
531,France,Male,29,1,170835.88429244934,3,0,1,190229.60217420568,0,0,0.01,1.0,Low Risk
306,France,Male,34,7,157912.26560069152,1,1,0,77132.08288306171,0,1,0.0,0.0,Low Risk
849,Germany,Female,84,4,59839.96630646476,4,1,0,180003.05028441022,0,0,0.03,3.0,Low Risk
351,Spain,Female,87,4,98408.18093419836,2,0,1,169716.61102083296,0,0,0.0,0.0,Low Risk
695,France,Female,53,7,45180.87516073305,4,1,0,87320.19822857167,0,0,0.0,0.0,Low Risk
520,France,Female,34,10,127231.26345466996,3,0,1,141305.4613672388,0,0,0.0,0.0,Low Risk
727,Germany,Male,18,7,146042.07023717178,3,1,0,41819.71369487965,0,0,0.01,1.0,Low Risk
442,Germany,Female,84,6,157795.28667415224,2,1,0,27030.875634096927,0,0,0.0,0.0,Low Risk
662,France,Female,66,4,218988.93511115215,2,0,1,433.4463775929203,0,0,0.02,2.0,Low Risk
681,Germany,Male,68,6,15457.45484105221,1,1,1,14674.273351855394,0,0,0.02,2.0,Low Risk
576,France,Female,88,0,97078.12511896552,2,0,1,125668.8243043126,0,1,0.04,4.0,Low Risk
570,Spain,Male,60,2,147742.68024405456,4,0,1,177082.56944835364,0,0,0.0,0.0,Low Risk
313,Germany,Male,48,2,142530.71037135384,2,1,1,195568.1714772351,0,0,0.05,5.0,Low Risk
597,Germany,Male,41,1,5426.030486498895,1,0,0,96499.02538046207,0,0,0.01,1.0,Low Risk
763,Spain,Female,54,5,47327.26835396497,4,1,0,28107.21003476921,0,2,0.33,33.0,Low Risk
826,France,Male,82,2,211436.19556876743,3,0,1,39.186418775148425,0,0,0.02,2.0,Low Risk
533,France,Female,80,3,128847.95560868486,2,0,1,196977.91870518125,0,1,0.0,0.0,Low Risk
326,Germany,Female,73,2,103389.73307678886,3,1,1,163567.96945585322,0,0,0.04,4.0,Low Risk
770,France,Male,91,6,225043.81646750245,1,1,0,104738.7893152,0,2,0.07,7.0,Low Risk
392,France,Male,35,3,18738.017259902677,2,1,0,49127.11546920706,0,0,0.0,0.0,Low Risk
608,Spain,Male,82,4,230577.59565835836,1,0,1,103547.95331541084,1,3,0.9,90.0,High Risk
351,Spain,Female,46,6,6945.82874181121,3,0,0,167710.95000240917,1,5,0.99,99.0,High Risk
618,Spain,Female,21,3,140667.56949080207,4,0,0,111201.81312281548,0,0,0.01,1.0,Low Risk
480,Germany,Male,29,5,138772.7774671887,1,1,0,199102.03465696235,0,0,0.02,2.0,Low Risk
419,Spain,Female,73,8,159767.0656183328,2,1,1,21354.06664896982,0,0,0.0,0.0,Low Risk
342,Spain,Male,65,5,7406.5682216987725,2,1,1,196505.72651643705,0,0,0.0,0.0,Low Risk
559,France,Female,36,4,132629.72439803253,3,0,1,116933.25476943085,0,0,0.0,0.0,Low Risk
496,Spain,Female,43,0,28403.50993563903,3,1,1,113593.9466529602,0,0,0.0,0.0,Low Risk
554,Germany,Female,55,7,38994.77673382057,3,1,0,71836.07304183904,1,9,1.0,100.0,High Risk
635,Spain,Female,42,4,53838.71837416762,3,1,0,8190.563293153576,0,0,0.01,1.0,Low Risk
801,Germany,Male,73,4,153294.26763592227,2,0,1,152091.2238603004,1,2,0.78,78.0,High Risk
554,France,Male,91,2,97522.1638223027,2,1,0,55180.53592804734,0,0,0.03,3.0,Low Risk
813,France,Male,45,9,21334.35528862007,2,0,1,70014.45253731788,0,0,0.0,0.0,Low Risk
541,Spain,Female,78,1,72253.31453404868,1,1,1,106745.72508386055,1,4,0.96,96.0,High Risk
448,France,Female,68,0,19155.331872974024,4,1,1,11401.859143881762,1,4,0.97,97.0,High Risk
598,Spain,Male,29,8,166031.86965906477,4,0,0,2168.001634317616,0,0,0.0,0.0,Low Risk
752,France,Male,25,4,139366.30780275888,4,1,1,20996.90355232965,0,0,0.01,1.0,Low Risk
692,Germany,Male,75,9,101921.54163289515,1,1,0,147072.54069715046,1,6,0.99,99.0,High Risk
511,France,Female,40,3,231919.19722413312,3,0,0,38116.47022872556,0,1,0.0,0.0,Low Risk
837,Spain,Male,54,6,129681.27218174122,3,1,1,102859.79766830712,1,3,0.9,90.0,High Risk
430,Spain,Male,28,3,221883.8903025411,3,0,0,37188.58115767091,0,0,0.0,0.0,Low Risk
628,Spain,Male,34,10,144771.2616577394,2,1,1,56955.171927045856,0,0,0.0,0.0,Low Risk
555,Germany,Male,73,1,94198.223264599,1,1,1,7593.421988603397,1,12,0.99,99.0,High Risk
778,France,Male,70,8,134749.21882119728,4,1,1,73298.87346883387,0,0,0.01,1.0,Low Risk
362,Spain,Male,84,7,37965.602729606835,3,1,0,27281.045357855382,1,6,0.99,99.0,High Risk
610,Germany,Male,19,3,168688.35564462442,4,1,1,111628.9683067834,0,0,0.01,1.0,Low Risk
706,Germany,Male,46,7,245533.29501165444,3,0,1,167242.69435321205,1,5,0.98,98.0,High Risk
404,Germany,Male,74,8,61859.528793565405,4,1,0,175675.26133806133,1,4,1.0,100.0,High Risk
314,France,Female,51,1,80799.41195790468,2,0,0,186673.9761736345,0,0,0.0,0.0,Low Risk
558,France,Male,19,3,101522.8754041208,1,0,0,24787.92720347755,0,1,0.01,1.0,Low Risk
711,France,Male,48,10,120870.64810789078,3,0,0,103295.35594299124,0,0,0.01,1.0,Low Risk
558,Germany,Male,61,5,179775.75101382725,3,1,0,22960.90930150028,0,1,0.02,2.0,Low Risk
559,France,Female,73,6,34168.28458976645,3,1,1,61298.7859571622,0,0,0.0,0.0,Low Risk
344,Spain,Female,71,4,75616.38562411172,3,0,1,46272.72166219027,0,1,0.03,3.0,Low Risk
630,Germany,Male,70,9,134667.6262662084,1,0,0,2500.6166996100446,0,0,0.01,1.0,Low Risk
464,France,Female,91,9,147394.35116458035,1,0,0,186366.5419406006,0,1,0.09,9.0,Low Risk
492,Germany,Female,63,6,134157.55533555587,3,1,0,156342.89053174804,1,8,0.99,99.0,High Risk
820,Germany,Male,71,10,108872.22388463968,4,0,0,103802.89486832396,0,0,0.0,0.0,Low Risk
700,France,Female,48,3,177868.76425051625,2,0,0,68981.28320174901,0,0,0.0,0.0,Low Risk
673,Germany,Female,41,7,51118.68091575791,3,1,0,82324.9889321781,0,0,0.0,0.0,Low Risk
364,France,Male,42,2,70681.91878767674,2,0,0,41046.02482766693,0,0,0.0,0.0,Low Risk
686,France,Male,52,2,111120.87111610406,4,0,1,193640.40652073736,1,4,0.96,96.0,High Risk
794,France,Female,74,4,173875.74095170392,3,0,0,57102.97470250851,0,1,0.01,1.0,Low Risk
714,Germany,Male,89,5,20587.708421566207,3,0,0,14950.14283035242,0,0,0.02,2.0,Low Risk
329,Germany,Male,86,2,28917.74778849743,2,0,1,112894.95147761908,0,0,0.02,2.0,Low Risk
565,France,Male,45,9,195602.0837564504,3,1,0,149760.20921452498,0,0,0.0,0.0,Low Risk
627,Germany,Female,50,1,65238.73944360636,4,1,0,194277.62303566476,0,0,0.01,1.0,Low Risk
791,France,Male,70,4,240871.6955866789,1,1,1,124304.49184079292,1,3,0.97,97.0,High Risk
516,Spain,Female,33,9,240351.2315229023,2,0,1,36889.47707253542,0,1,0.0,0.0,Low Risk
619,Germany,Female,43,5,171486.24655793532,1,0,0,78225.4765483062,0,0,0.01,1.0,Low Risk
698,Germany,Male,29,2,179218.30526682772,2,1,0,63337.96667808728,0,0,0.0,0.0,Low Risk
404,Spain,Female,48,6,162750.0562092731,1,1,1,3915.9537475385873,1,13,0.98,98.0,High Risk
629,Spain,Male,44,2,44332.7342692676,4,1,1,78441.40529431413,0,0,0.0,0.0,Low Risk
346,Spain,Male,53,1,125113.91337052664,4,1,1,159925.9911751413,0,0,0.0,0.0,Low Risk
613,France,Male,76,9,198254.05281230455,3,0,0,81069.7867575637,1,7,0.99,99.0,High Risk
446,France,Male,20,3,193669.52585568605,4,0,0,170357.49402394536,0,0,0.01,1.0,Low Risk
761,Spain,Male,49,2,224692.66569995607,4,1,1,148587.56971222462,0,0,0.02,2.0,Low Risk
785,France,Female,32,6,225199.54359184904,3,1,1,143873.4556652771,0,0,0.0,0.0,Low Risk
709,Germany,Female,83,7,65371.359164257155,2,1,1,76215.75614073763,0,1,0.02,2.0,Low Risk
326,Spain,Male,80,2,180430.12784424695,4,0,0,10680.622058974808,0,0,0.0,0.0,Low Risk
328,Germany,Female,18,5,162834.98439488726,4,1,1,176488.8956102343,0,1,0.01,1.0,Low Risk
570,France,Female,22,0,221457.5436513019,1,1,0,127661.15726534292,0,0,0.0,0.0,Low Risk
800,Spain,Female,23,4,45868.59828490422,4,0,0,18112.927534205635,0,1,0.01,1.0,Low Risk
552,France,Female,22,1,184948.14412508148,3,0,1,16321.65210788914,0,1,0.0,0.0,Low Risk
684,Germany,Male,90,0,105833.02762776484,4,0,0,122858.78029361193,0,0,0.01,1.0,Low Risk
359,France,Male,45,6,98621.37927609074,1,0,0,84447.85603095058,1,3,0.88,88.0,High Risk
406,Germany,Male,86,9,8947.745477666553,4,1,0,38151.57664240255,0,0,0.03,3.0,Low Risk
519,France,Female,61,3,240365.10381084555,1,0,1,47893.95984011005,1,5,0.97,97.0,High Risk
740,Germany,Female,33,4,168942.1355371634,4,1,1,77152.88474557921,0,2,0.04,4.0,Low Risk
845,France,Male,88,1,147675.57302602028,2,0,1,150044.4534958031,0,1,0.04,4.0,Low Risk
395,Spain,Male,39,7,62791.45515708251,3,1,0,39402.19772128143,1,2,0.63,63.0,Medium Risk
388,Spain,Female,90,10,164611.35072506923,4,1,0,140461.21232118437,1,1,0.09,9.0,Low Risk
530,France,Male,40,9,236400.6979503839,2,1,1,35816.100424603304,0,0,0.0,0.0,Low Risk
574,Germany,Female,60,2,40821.938875698295,2,0,1,152748.80947084146,0,0,0.02,2.0,Low Risk
545,France,Male,85,6,245952.1544464073,3,0,0,180051.7079789365,1,7,1.0,100.0,High Risk
410,Spain,Male,60,10,106857.33519294886,1,0,0,88562.93932467914,1,3,0.85,85.0,High Risk
533,Germany,Female,43,0,244557.27973750536,2,1,0,128268.45660814962,1,4,0.96,96.0,High Risk
577,France,Male,58,9,158466.88933127344,3,0,1,53277.885740731115,0,1,0.03,3.0,Low Risk
776,France,Male,87,0,81026.6965569538,4,0,1,185528.49433499796,0,0,0.02,2.0,Low Risk
716,Germany,Male,48,6,93610.99311328788,1,0,1,85180.73170468201,0,0,0.04,4.0,Low Risk
427,France,Male,34,0,72638.7067795681,1,0,0,99344.60605566944,0,0,0.0,0.0,Low Risk
536,Spain,Male,26,8,83694.26027911114,1,1,1,52301.05312089311,0,1,0.0,0.0,Low Risk
427,Spain,Male,72,8,161633.9664254092,2,0,0,38810.595113079195,0,0,0.03,3.0,Low Risk
693,Germany,Female,23,7,4151.276435384321,2,1,1,45493.15682976022,0,1,0.0,0.0,Low Risk
774,France,Female,87,7,241907.78968982957,3,1,0,95171.2303334822,1,6,0.99,99.0,High Risk
694,France,Female,81,3,192132.0137494408,1,0,0,27530.479747087968,0,1,0.02,2.0,Low Risk
410,Spain,Female,21,3,235252.32376368437,1,1,0,77582.07975563538,0,0,0.0,0.0,Low Risk
389,Germany,Female,84,4,179385.76517393632,3,0,0,76413.09988344862,1,9,1.0,100.0,High Risk
579,Germany,Male,73,8,120258.41462926772,4,0,0,86635.87344442103,1,4,1.0,100.0,High Risk
632,Germany,Male,35,2,47431.86388667739,1,0,1,84405.71306939292,0,0,0.0,0.0,Low Risk
523,Spain,Female,49,3,129080.38688536144,1,0,1,54891.26634466204,0,0,0.01,1.0,Low Risk
400,Spain,Male,65,9,177923.8874392973,3,0,1,73367.26902822216,0,0,0.0,0.0,Low Risk
431,Germany,Male,46,4,213545.6743290327,3,0,1,180473.83970649837,1,4,0.97,97.0,High Risk
312,Germany,Male,49,6,81032.77279482954,2,1,1,7504.122826233291,0,2,0.43,43.0,Low Risk
756,France,Male,42,4,127620.19918584876,4,0,0,17566.21898278144,0,0,0.0,0.0,Low Risk
740,France,Male,80,8,154995.21572875656,2,1,1,185769.67004850824,0,1,0.0,0.0,Low Risk
397,Germany,Female,26,5,147148.20377840524,2,1,1,54207.339539278415,0,0,0.0,0.0,Low Risk
419,Spain,Female,88,2,13093.194194349731,3,0,0,60842.11760046095,0,0,0.02,2.0,Low Risk
592,Spain,Male,31,5,120848.45813567244,2,0,1,68823.14992219037,0,1,0.0,0.0,Low Risk
300,France,Female,37,5,202257.8268099028,4,0,1,20684.6242057982,0,0,0.0,0.0,Low Risk
549,Germany,Female,27,9,200575.9597603987,1,1,0,153798.72079058914,0,0,0.06,6.0,Low Risk
448,Spain,Female,28,0,126785.54880836912,2,1,0,32642.02901661561,0,1,0.0,0.0,Low Risk
694,Spain,Female,56,6,238089.09560060943,2,0,0,140353.89012772246,0,0,0.0,0.0,Low Risk
343,Spain,Male,36,2,206557.5694822272,2,1,1,46509.16976187291,0,0,0.0,0.0,Low Risk
343,Spain,Female,36,0,184331.7262981615,4,1,1,136424.96577408942,0,2,0.02,2.0,Low Risk
377,France,Male,60,0,128900.1947412634,4,1,0,194374.8721879561,1,9,1.0,100.0,High Risk
525,Spain,Female,78,4,147669.0862014883,4,1,1,101944.41321534978,0,0,0.04,4.0,Low Risk
461,Spain,Female,87,9,55808.79568704994,3,0,1,63789.33967606622,0,0,0.01,1.0,Low Risk
552,Germany,Male,89,9,133101.73392771743,1,1,1,75601.21050763028,0,0,0.06,6.0,Low Risk
431,Germany,Male,82,1,131505.45311811627,3,0,0,76790.95892078974,1,4,1.0,100.0,High Risk
747,France,Female,40,1,50690.61589307264,1,1,1,25075.23043807912,0,2,0.0,0.0,Low Risk
773,France,Female,77,3,237787.07577298224,2,1,0,163760.8328189643,0,1,0.03,3.0,Low Risk
408,France,Male,27,9,61188.0372333666,4,1,1,75852.52637522167,0,0,0.0,0.0,Low Risk
334,France,Female,80,10,26055.61776003662,4,1,1,143581.60483998127,1,1,0.54,54.0,Medium Risk
766,Spain,Male,19,6,116752.30190783036,4,0,0,54083.24206623082,1,3,0.93,93.0,High Risk
574,Germany,Male,53,7,171518.3844794975,2,0,0,71287.02180410284,0,0,0.03,3.0,Low Risk
486,Spain,Male,74,10,48787.966889553034,1,0,0,177382.00788688904,1,4,0.97,97.0,High Risk
542,Spain,Female,83,9,45722.89495374268,3,0,0,84996.46885165262,0,0,0.01,1.0,Low Risk
563,Spain,Male,37,6,65367.58139704346,3,0,1,70643.26429685917,0,1,0.0,0.0,Low Risk
821,Germany,Male,59,8,75679.34701105967,2,0,1,62738.84083352148,0,1,0.01,1.0,Low Risk
840,France,Female,38,6,61550.01319555112,1,0,1,178588.23513404236,0,1,0.02,2.0,Low Risk
386,France,Male,83,3,117674.66387322328,4,1,1,84573.83526108057,0,0,0.0,0.0,Low Risk
834,Germany,Female,55,8,4565.77628068025,1,0,0,175428.43976536795,0,0,0.04,4.0,Low Risk
509,Germany,Female,86,8,21879.173521633515,1,1,0,60064.766242314494,0,0,0.05,5.0,Low Risk
345,France,Male,41,2,182341.11809815,4,0,1,195660.94101371663,0,0,0.02,2.0,Low Risk
766,Spain,Female,43,9,103084.98394815666,1,0,1,100564.94758324904,0,0,0.0,0.0,Low Risk
839,France,Female,19,7,90079.29800646058,2,0,0,32932.59810190829,0,0,0.01,1.0,Low Risk
325,Germany,Female,63,0,2611.1954168423767,3,0,1,84819.82270486013,0,0,0.02,2.0,Low Risk
565,France,Male,51,1,74554.46921314446,2,0,1,136356.71684879824,0,1,0.0,0.0,Low Risk
474,France,Male,79,7,205296.5938521809,1,1,0,177567.22367569347,1,5,0.98,98.0,High Risk
815,France,Male,58,7,85091.81617257047,4,1,0,25425.86614566603,1,3,0.94,94.0,High Risk
610,Germany,Female,32,5,240923.3633782043,3,1,0,111693.27034353736,0,2,0.05,5.0,Low Risk
621,Germany,Male,72,7,97489.73588577364,2,0,0,106534.16911622438,0,1,0.05,5.0,Low Risk
434,France,Male,20,7,116032.2253211497,1,0,1,65680.4421948627,0,1,0.0,0.0,Low Risk
354,France,Female,55,1,200477.3674938624,4,1,1,81721.9833793704,1,6,0.98,98.0,High Risk
842,Spain,Male,68,2,245756.0758131224,2,0,1,60928.49967602892,0,0,0.02,2.0,Low Risk
830,Spain,Female,34,6,92899.20006533914,1,1,1,60486.546363961046,0,0,0.0,0.0,Low Risk
455,France,Male,66,2,29984.02767544095,4,1,1,106679.5101447042,0,0,0.0,0.0,Low Risk
446,Germany,Female,38,10,130764.32445220316,2,0,1,12019.649594615845,0,0,0.0,0.0,Low Risk
784,Spain,Female,41,1,147940.21539054663,4,0,0,96269.42333827824,0,1,0.01,1.0,Low Risk
319,France,Female,57,5,239864.11743125008,2,0,0,64867.246833582736,0,1,0.0,0.0,Low Risk
568,Spain,Female,37,1,103480.62887853837,2,1,1,92880.9193375923,0,1,0.0,0.0,Low Risk
632,Spain,Male,52,1,22702.59951216974,1,0,0,194997.0597607669,0,1,0.04,4.0,Low Risk
700,Spain,Female,65,10,162733.68297563537,3,0,0,148254.55565889788,0,0,0.01,1.0,Low Risk
605,Germany,Female,50,1,5278.031380772513,3,0,0,172297.56193540804,0,1,0.05,5.0,Low Risk
327,France,Female,73,3,106354.56934208445,4,0,0,74302.29005924817,0,0,0.04,4.0,Low Risk
766,Germany,Female,58,6,102411.65808987543,4,1,0,141168.7536486845,0,0,0.0,0.0,Low Risk
559,Germany,Female,71,5,63704.771574839695,4,1,0,92635.23277704952,0,1,0.02,2.0,Low Risk
833,Spain,Female,61,4,241077.26407102207,4,0,0,119424.20907508764,0,1,0.02,2.0,Low Risk
400,France,Male,89,3,100852.1036474942,4,0,0,87600.73982561399,0,0,0.01,1.0,Low Risk
652,Spain,Female,28,1,223676.77867403545,1,1,0,26350.522454648657,0,0,0.0,0.0,Low Risk
599,Germany,Male,31,10,128777.63692413132,4,0,0,189469.37293842077,0,0,0.0,0.0,Low Risk
595,Germany,Female,59,7,205134.04181788897,3,1,0,141275.80712014905,0,0,0.01,1.0,Low Risk
652,France,Female,29,1,112848.80566508936,3,0,0,120125.36519305482,0,0,0.01,1.0,Low Risk
429,Germany,Male,34,10,247884.2966156965,2,0,1,112161.58258434985,0,2,0.06,6.0,Low Risk
455,Germany,Female,42,7,160007.26613138226,2,1,1,144580.16284825883,0,0,0.0,0.0,Low Risk
373,France,Female,43,9,38986.75098464016,1,0,1,106514.229629812,0,0,0.0,0.0,Low Risk
641,Spain,Male,64,3,1607.7055230332985,1,0,0,43191.059184088444,0,0,0.02,2.0,Low Risk
764,France,Male,42,4,232225.09165648217,4,1,0,1472.0560326005468,1,2,0.58,58.0,Medium Risk
389,Germany,Male,77,10,171700.2075532129,2,0,1,76622.88454596288,0,0,0.01,1.0,Low Risk
754,France,Male,77,0,26572.667751633,1,0,1,112726.7245320267,1,3,0.85,85.0,High Risk
631,Spain,Female,44,1,185871.73819696845,1,0,1,74356.94275723542,0,1,0.0,0.0,Low Risk
647,Germany,Male,60,10,56787.15106702836,3,0,1,106667.33571037996,1,11,1.0,100.0,High Risk
532,Spain,Male,37,7,202307.59793437624,1,1,0,132978.78782711888,0,1,0.01,1.0,Low Risk
401,Spain,Male,80,0,152480.6678509354,1,1,1,161973.64438078602,0,0,0.01,1.0,Low Risk
780,France,Female,42,2,30914.99458454391,2,1,0,59735.575650748746,0,0,0.0,0.0,Low Risk
513,Spain,Male,44,1,17737.282312597054,4,0,1,126639.7164866586,0,0,0.0,0.0,Low Risk
407,France,Female,69,9,116529.50006346316,4,1,0,178356.37196131927,1,6,1.0,100.0,High Risk
464,France,Female,27,4,234223.36450226296,1,0,1,30494.684147709373,0,0,0.0,0.0,Low Risk
634,Spain,Female,67,3,141158.1740612233,2,0,0,138102.0646066527,1,4,0.97,97.0,High Risk
385,France,Female,47,3,189777.2163921907,4,1,1,182892.08128484225,0,1,0.0,0.0,Low Risk
723,France,Male,18,3,117368.32814017062,4,1,1,134271.24114097707,0,0,0.0,0.0,Low Risk
663,Spain,Male,71,10,96020.14868023749,1,0,1,18526.696368883702,1,3,0.86,86.0,High Risk
359,Germany,Female,21,3,205551.8748260638,4,0,1,56634.14197335075,0,0,0.01,1.0,Low Risk
781,France,Male,24,3,115846.63735626258,4,1,1,37904.15766984472,0,0,0.0,0.0,Low Risk
549,France,Male,47,5,35385.67689944102,3,1,1,182472.85028942893,0,0,0.0,0.0,Low Risk
416,Spain,Male,82,1,68630.1228197686,2,1,1,198409.50422835164,0,0,0.0,0.0,Low Risk
844,France,Male,46,3,140345.85288517183,1,1,0,86573.65915352413,0,1,0.02,2.0,Low Risk
343,Spain,Female,42,6,100644.28439302435,1,0,1,179240.19196086942,0,0,0.01,1.0,Low Risk
808,Germany,Male,57,6,91598.227578898,3,1,1,27023.005917354385,0,0,0.01,1.0,Low Risk
464,Germany,Male,43,0,167191.0574157323,1,1,0,697.3570258720999,1,6,0.99,99.0,High Risk
667,Spain,Female,34,9,159080.10147247463,3,0,0,113677.8362374717,0,1,0.05,5.0,Low Risk
591,Germany,Male,48,8,78506.52742567968,2,0,0,197477.12664672485,0,0,0.01,1.0,Low Risk
585,Spain,Male,78,6,89856.6512207051,4,1,0,112474.94737932402,1,6,0.98,98.0,High Risk
503,France,Male,25,10,188016.6109822652,4,0,1,196102.36279798724,0,1,0.02,2.0,Low Risk
823,Germany,Female,86,5,230321.8954752505,2,1,1,90155.09092463796,0,0,0.02,2.0,Low Risk
420,France,Male,18,1,81053.68746600462,1,1,0,76414.42394004125,0,0,0.0,0.0,Low Risk
487,France,Male,88,5,72969.39234540923,2,0,0,185916.44737594703,0,0,0.0,0.0,Low Risk
312,Spain,Female,63,4,66320.0049632528,4,1,1,9771.284532593,0,1,0.0,0.0,Low Risk
499,Germany,Male,37,8,35376.7248946972,3,1,1,65364.28793979019,0,2,0.0,0.0,Low Risk
755,Germany,Female,57,0,94293.55637402054,3,1,1,88705.08981907545,0,0,0.03,3.0,Low Risk
747,France,Female,19,4,129001.52911211726,1,1,0,17396.199045520607,0,1,0.0,0.0,Low Risk
370,France,Female,78,2,134358.31385708784,4,0,0,103423.93543128028,0,0,0.01,1.0,Low Risk
429,Spain,Male,88,8,172757.5842330207,3,0,0,75066.65421988352,0,0,0.0,0.0,Low Risk
342,Germany,Male,47,0,13137.958820722411,3,0,1,87401.42126916329,0,0,0.03,3.0,Low Risk
819,Spain,Male,47,5,140352.18445539722,3,1,0,137269.14884119658,0,0,0.01,1.0,Low Risk
312,Spain,Male,62,2,63747.24047294572,1,0,0,14079.63206466552,0,0,0.0,0.0,Low Risk
834,Spain,Male,41,0,59780.87415003644,4,1,1,192359.05956571543,0,0,0.0,0.0,Low Risk
601,Germany,Female,73,10,197431.4824238836,2,0,0,104491.90981248872,0,0,0.0,0.0,Low Risk
826,Spain,Female,78,2,38369.31080244271,3,1,1,167763.79421993936,0,0,0.0,0.0,Low Risk
414,Germany,Female,30,1,82275.03716890933,2,1,1,63705.88836551219,0,2,0.05,5.0,Low Risk
759,Spain,Female,73,9,159409.58922597882,2,0,1,62710.55084823464,0,0,0.01,1.0,Low Risk
804,France,Male,32,7,160718.3425037097,1,1,0,180763.73507327004,0,0,0.0,0.0,Low Risk
607,Spain,Female,28,2,12021.984072881436,1,0,1,23504.12022002701,0,1,0.0,0.0,Low Risk
624,Spain,Female,29,10,18139.71258512409,2,1,1,20764.5864940764,0,1,0.0,0.0,Low Risk
474,Germany,Male,20,6,163840.81313164288,1,0,1,139419.97458934816,0,2,0.02,2.0,Low Risk
813,France,Female,41,9,238287.7691749883,2,0,1,93210.80925786516,0,1,0.0,0.0,Low Risk
471,France,Male,26,5,249625.7783975006,3,0,1,143465.89502897408,0,0,0.0,0.0,Low Risk
801,Germany,Male,63,6,246777.45859737435,4,0,0,86585.92723876586,0,2,0.11,11.0,Low Risk
633,Germany,Male,88,10,87895.05334197536,2,1,0,42356.52243236615,0,0,0.0,0.0,Low Risk
583,France,Female,77,6,60452.56298030477,4,1,0,143051.95631113133,1,11,0.99,99.0,High Risk
774,Germany,Female,28,9,24662.3385492013,2,1,1,7820.679895045652,0,0,0.01,1.0,Low Risk
353,France,Female,27,0,81456.70742412655,3,0,1,89597.93433416678,0,1,0.0,0.0,Low Risk
757,Spain,Female,20,3,69213.41120923833,1,0,0,91735.75606729904,0,0,0.01,1.0,Low Risk
719,Spain,Female,36,3,144199.0528357666,2,1,1,15594.824589949498,0,0,0.01,1.0,Low Risk
708,France,Female,19,4,92196.3742454547,1,0,0,48333.88591849526,1,4,0.97,97.0,High Risk
603,France,Male,34,9,57882.47681250741,3,1,1,52001.68525806565,0,1,0.0,0.0,Low Risk
521,Spain,Male,19,4,153136.23044311762,4,0,1,178599.14968385233,0,1,0.0,0.0,Low Risk
832,Spain,Female,70,7,80766.91658696158,2,0,0,102532.87809639362,0,0,0.05,5.0,Low Risk
457,France,Female,33,3,88410.04002351385,2,0,0,134156.0292258447,0,1,0.01,1.0,Low Risk
647,Germany,Male,27,0,149610.13285511755,4,1,0,10991.305341662744,1,10,0.99,99.0,High Risk
458,Germany,Male,85,4,29554.64006639624,2,0,1,20704.98541319691,0,0,0.01,1.0,Low Risk
534,France,Male,60,0,193562.2881848089,2,1,1,112678.40861130974,0,1,0.01,1.0,Low Risk
704,Germany,Female,75,2,241358.60269272345,4,0,1,167024.96899620103,1,4,0.95,95.0,High Risk
556,Spain,Female,77,7,122706.64541291531,1,1,1,10605.615777298635,0,1,0.01,1.0,Low Risk
346,Spain,Female,41,9,139964.73002333308,1,1,0,196694.8092399436,0,1,0.0,0.0,Low Risk
512,Germany,Male,33,4,96160.73292852484,4,1,1,177089.5963681184,0,1,0.02,2.0,Low Risk
778,France,Female,26,6,239179.55994503415,3,0,1,174630.4847622835,0,0,0.0,0.0,Low Risk
786,Spain,Female,23,0,33236.12777447998,4,1,0,1744.7219421296872,0,0,0.01,1.0,Low Risk
641,Spain,Female,82,5,203380.46512645448,4,1,0,81284.41259023185,0,2,0.1,10.0,Low Risk
823,Spain,Female,41,7,162606.45713549925,1,1,0,159154.96505763417,0,0,0.0,0.0,Low Risk
802,Germany,Female,27,5,197874.06815568573,2,1,1,151723.32389700515,0,0,0.0,0.0,Low Risk
305,France,Female,90,3,237614.89413221995,3,1,1,69134.73551377702,0,0,0.02,2.0,Low Risk
443,Germany,Male,44,10,124038.07767235268,2,1,1,175529.17631948763,0,0,0.0,0.0,Low Risk
560,France,Female,20,7,72082.59062105272,2,1,0,127215.56999408807,0,1,0.0,0.0,Low Risk
531,France,Male,55,7,194877.9098193756,3,0,0,198790.06728130337,0,2,0.19,19.0,Low Risk
569,Germany,Male,90,5,211142.62654894043,4,1,1,66951.65064234888,0,0,0.01,1.0,Low Risk
746,Spain,Male,91,7,171563.8088544033,4,0,1,128713.09454392396,0,2,0.08,8.0,Low Risk
521,France,Female,90,5,212250.40097000025,2,1,1,84903.91585333778,0,1,0.07,7.0,Low Risk
351,Germany,Female,34,3,182581.82762734772,2,1,1,129514.42349655191,0,0,0.0,0.0,Low Risk
415,Spain,Female,65,10,239368.25512231753,3,1,1,51961.23176586482,0,3,0.76,76.0,High Risk
837,France,Female,66,5,142670.2583031343,1,1,0,76501.47492170466,0,0,0.04,4.0,Low Risk
840,France,Male,60,8,95118.35330052976,3,1,1,186446.61580291143,0,0,0.0,0.0,Low Risk
318,Spain,Female,24,7,170130.12005124614,3,1,0,57819.0580437572,0,0,0.01,1.0,Low Risk
691,France,Male,85,6,17278.58730822848,3,0,1,124144.51995090864,0,1,0.0,0.0,Low Risk
718,Germany,Female,91,4,124597.67752048877,1,0,1,183718.55996395712,0,1,0.03,3.0,Low Risk
608,France,Female,38,6,193350.12732386004,4,0,0,96209.31245715148,0,0,0.0,0.0,Low Risk
485,France,Male,42,0,42240.962549077696,3,1,1,139021.7260655114,0,1,0.0,0.0,Low Risk
560,Spain,Male,78,7,100101.77360918449,1,1,1,149612.14124293134,0,0,0.01,1.0,Low Risk
827,Germany,Male,45,4,87571.67487667144,2,1,0,108826.5304454087,1,8,0.98,98.0,High Risk
572,Spain,Female,69,6,83742.25873324886,3,0,1,75788.04805736287,0,0,0.0,0.0,Low Risk
459,Germany,Male,30,6,162656.64727004923,2,0,0,161687.12463411607,0,0,0.0,0.0,Low Risk
523,Spain,Male,51,7,124374.01924837644,2,1,0,110827.88307450822,1,8,0.98,98.0,High Risk
555,France,Male,84,6,199328.82620736357,1,1,1,23236.295796421076,0,1,0.01,1.0,Low Risk
479,Germany,Female,21,5,14462.3514506933,2,1,1,174910.1821520587,0,0,0.0,0.0,Low Risk
319,Germany,Male,61,5,113477.30818217456,2,0,0,59495.99416130838,0,1,0.0,0.0,Low Risk
767,France,Male,32,4,3499.6804075617947,3,0,0,98693.43248544908,0,0,0.0,0.0,Low Risk
509,Spain,Female,25,4,55214.95363575557,2,0,1,42769.1596607877,0,0,0.0,0.0,Low Risk
812,Germany,Male,22,3,193843.96750327575,3,1,0,98536.86774038,0,1,0.01,1.0,Low Risk
357,France,Male,83,6,26512.73262361531,2,1,0,25859.23346434308,0,0,0.01,1.0,Low Risk
392,France,Male,90,10,26394.821010766707,4,1,0,113256.92907151124,1,0,0.62,62.0,Medium Risk
520,Germany,Female,63,2,100359.606105074,4,0,0,104560.8443334819,1,6,0.99,99.0,High Risk
531,Germany,Male,82,4,194235.4061382849,1,0,1,163684.60087024383,0,0,0.02,2.0,Low Risk
663,Germany,Male,83,2,159505.71909499273,2,1,1,111984.3039868978,0,0,0.01,1.0,Low Risk
673,France,Male,43,7,195438.82006220895,1,0,1,81754.68805261182,0,1,0.01,1.0,Low Risk
755,Spain,Male,48,4,12387.107131441728,3,0,0,93272.49477272814,0,1,0.01,1.0,Low Risk
387,Spain,Male,68,10,140931.4269821518,3,0,1,120950.79543772944,1,2,0.79,79.0,High Risk
319,Germany,Male,58,9,113323.16633498052,2,0,0,167917.2497199429,1,4,0.99,99.0,High Risk
313,France,Male,68,5,224005.33232220932,2,1,0,8355.828630433343,0,1,0.03,3.0,Low Risk
432,France,Female,36,0,184334.82893800572,4,0,1,185319.64008020173,0,0,0.0,0.0,Low Risk
333,Germany,Female,90,10,106085.26208912848,3,1,0,16785.62234409523,0,1,0.03,3.0,Low Risk
507,France,Female,20,3,138462.28260714238,3,1,0,68946.56701828272,0,0,0.0,0.0,Low Risk
498,France,Male,55,8,106208.32810327964,3,0,1,67242.49610175424,0,0,0.0,0.0,Low Risk
454,France,Female,87,4,110286.73769671247,1,0,1,106354.3170763281,1,4,0.98,98.0,High Risk
377,Germany,Male,62,0,158520.5904558205,2,0,0,70938.7285501928,0,3,0.26,26.0,Low Risk
471,Germany,Male,88,3,54133.69706053381,3,0,1,43861.84029273225,0,1,0.02,2.0,Low Risk
588,Germany,Male,58,5,83295.96311346519,3,0,1,48692.37919843444,0,1,0.0,0.0,Low Risk
844,Spain,Female,42,6,69789.73201486227,2,1,0,197059.14010157072,0,0,0.0,0.0,Low Risk
719,Spain,Female,67,6,200200.60081964236,2,0,1,167330.12479571803,0,0,0.0,0.0,Low Risk
306,Germany,Male,18,7,235485.87758937088,1,1,0,161096.47713646368,0,0,0.04,4.0,Low Risk
459,France,Male,71,4,103575.14935319131,4,1,0,83860.00878800248,0,0,0.01,1.0,Low Risk
539,France,Female,30,5,19275.29188359378,3,0,1,187237.200815534,0,1,0.0,0.0,Low Risk
722,Germany,Female,57,10,23387.745655651048,4,1,0,12552.674357748136,0,1,0.03,3.0,Low Risk
835,France,Female,38,10,99897.23833468542,2,0,0,25071.351965242495,0,0,0.0,0.0,Low Risk
369,France,Female,58,1,98746.11882422956,4,1,1,49351.776149322075,0,0,0.02,2.0,Low Risk
515,Spain,Female,78,9,36539.09864089155,1,1,0,128342.5242132846,0,1,0.02,2.0,Low Risk
403,France,Female,50,1,201780.85434226363,4,0,0,33379.43070031421,1,5,0.98,98.0,High Risk
353,France,Female,90,2,125033.6911258156,3,0,1,67206.45116935909,1,4,0.96,96.0,High Risk
629,Germany,Male,46,3,27264.965577552925,1,1,1,35451.61910141305,0,1,0.0,0.0,Low Risk
502,Spain,Male,72,5,24680.05212569113,2,1,1,159935.07446192746,0,2,0.07,7.0,Low Risk
587,Spain,Female,49,5,111491.12098621632,1,0,1,181837.8994207012,0,1,0.02,2.0,Low Risk
344,France,Female,28,2,29209.11581268218,3,0,0,170083.59020763828,0,0,0.0,0.0,Low Risk
497,Germany,Male,69,0,140299.0300781495,2,0,0,5473.8241298478215,1,8,0.97,97.0,High Risk
515,Spain,Female,53,2,96253.90871580166,4,1,0,63447.679335666915,1,4,1.0,100.0,High Risk
780,Spain,Male,48,3,229918.58558341127,3,0,0,127520.10875068806,0,1,0.03,3.0,Low Risk
608,France,Male,31,8,104727.52552857586,1,1,1,148.75585068296965,0,1,0.0,0.0,Low Risk
734,Spain,Female,80,9,153607.5407681075,1,0,0,149274.3486228667,0,0,0.01,1.0,Low Risk
631,Germany,Male,69,7,202838.53776434637,1,0,0,173757.95352784428,0,0,0.04,4.0,Low Risk
326,Germany,Female,71,3,75719.03279338799,2,1,1,15525.42159278704,1,7,0.97,97.0,High Risk
465,Spain,Female,67,6,127972.12500640382,1,1,0,86250.04453938789,0,1,0.04,4.0,Low Risk
617,Germany,Male,71,8,30234.99645430802,2,0,0,60571.30759448664,0,1,0.04,4.0,Low Risk
573,Germany,Male,90,1,108192.34942427822,1,1,0,189388.40050495532,0,0,0.01,1.0,Low Risk
682,France,Male,52,2,93955.33095662462,1,0,0,64953.69439668024,1,5,0.98,98.0,High Risk
664,Spain,Female,47,0,107047.26819893552,2,1,1,116191.51817823992,0,0,0.0,0.0,Low Risk
402,Spain,Female,72,7,26852.56142395609,2,1,0,1821.9983654573168,1,6,1.0,100.0,High Risk
802,France,Female,18,1,99600.17052134636,2,1,0,167322.16618433327,1,7,0.95,95.0,High Risk
672,France,Female,32,6,217566.706752708,3,0,1,5866.988036459011,0,0,0.0,0.0,Low Risk
544,France,Female,42,6,234263.77353453805,4,0,0,113850.68002591855,0,0,0.02,2.0,Low Risk
468,France,Female,37,10,60431.835613529685,1,0,1,148145.22703703665,0,0,0.0,0.0,Low Risk
717,Germany,Female,88,2,75125.32192269439,3,0,1,79330.8461759433,0,0,0.0,0.0,Low Risk
655,Germany,Male,33,1,2389.1235766632103,4,1,0,6343.129472958257,0,0,0.02,2.0,Low Risk
777,France,Female,69,2,28895.236076196485,1,1,1,180145.15006277067,0,0,0.03,3.0,Low Risk
424,Spain,Male,82,7,86279.91120509559,1,0,0,73221.17933080585,0,0,0.03,3.0,Low Risk
836,Spain,Male,87,8,171277.18679178783,1,1,0,93237.52820915292,0,1,0.07,7.0,Low Risk
701,Spain,Female,18,10,73051.05808735343,4,0,0,162617.9482927271,0,1,0.0,0.0,Low Risk
816,France,Male,33,7,18849.313188373988,1,1,1,132137.15247201553,0,0,0.0,0.0,Low Risk
830,Germany,Male,44,10,182716.93588766895,3,0,0,65080.726462766725,0,1,0.05,5.0,Low Risk
553,Germany,Male,35,1,116691.34291351053,1,1,1,108132.74616309095,0,1,0.0,0.0,Low Risk
420,Germany,Female,61,8,129799.30174992292,3,0,0,18801.83432502993,0,1,0.01,1.0,Low Risk
331,Germany,Male,67,5,81506.27073381447,2,1,1,96239.1459524331,0,0,0.01,1.0,Low Risk
336,Spain,Female,91,1,153261.04756574568,4,1,0,85661.80012396666,0,0,0.03,3.0,Low Risk
641,Spain,Female,31,8,222694.8337976717,3,0,1,151991.68173160809,0,1,0.0,0.0,Low Risk
312,Germany,Female,69,4,138439.6175711218,1,0,1,160001.6511446912,0,3,0.35,35.0,Low Risk
482,France,Male,67,5,146879.06400778616,3,1,0,174451.74543992273,1,5,0.99,99.0,High Risk
564,Germany,Male,34,0,93390.628796956,3,1,1,171449.07097205304,0,0,0.01,1.0,Low Risk
387,Germany,Female,20,1,20657.698086784665,2,0,1,199669.3847128141,0,0,0.01,1.0,Low Risk
761,France,Female,79,0,107135.35947059204,4,0,1,141494.18966782145,1,5,0.99,99.0,High Risk
345,Germany,Female,38,3,231159.8267526244,2,1,1,124149.72270458192,0,0,0.0,0.0,Low Risk
691,Spain,Male,50,1,170053.7626128454,4,0,0,29443.811555932876,0,1,0.01,1.0,Low Risk
418,France,Male,18,0,122554.94631070262,2,0,1,93637.3512628308,0,0,0.01,1.0,Low Risk
830,France,Male,87,2,155220.82141994493,4,1,1,86096.64990728332,1,5,0.97,97.0,High Risk
746,Germany,Male,73,3,139634.20212436526,1,0,1,146922.5015540106,0,0,0.01,1.0,Low Risk
345,Spain,Male,21,3,228100.7809186739,3,1,1,54942.94831318302,1,8,0.9,90.0,High Risk
807,Spain,Male,39,2,55961.94577198929,3,0,0,174170.71931250766,0,1,0.02,2.0,Low Risk
825,Spain,Male,75,1,222171.58199175377,2,0,0,43970.78512518288,0,2,0.14,14.0,Low Risk
302,Germany,Female,61,7,172117.7205906123,1,0,1,96720.17781049992,0,0,0.02,2.0,Low Risk
327,Germany,Male,74,9,31936.60503839893,1,1,1,188870.04408196136,0,1,0.0,0.0,Low Risk
680,Spain,Female,57,10,92976.17135293332,1,0,1,68802.75424937242,0,0,0.04,4.0,Low Risk
456,Germany,Male,73,1,109074.72330779086,2,1,0,145594.18119569123,1,6,0.99,99.0,High Risk
810,Spain,Female,80,4,20733.40684854705,4,1,1,67130.51250238108,0,1,0.05,5.0,Low Risk
632,Germany,Male,56,6,138549.80244602688,1,1,0,102884.5839732515,0,0,0.01,1.0,Low Risk
413,France,Male,24,8,64840.98464932117,1,0,1,155129.50037096138,0,0,0.0,0.0,Low Risk
688,France,Male,31,2,114531.9309951138,4,0,1,162917.11345420734,0,0,0.0,0.0,Low Risk
786,Germany,Female,35,0,109691.9917890721,4,0,1,168499.61720520686,0,0,0.01,1.0,Low Risk
549,Germany,Male,72,8,130418.54233800714,1,1,1,19918.76898641428,1,2,0.79,79.0,High Risk
614,Spain,Male,73,0,211551.81498182184,2,1,0,170978.05249556052,1,4,0.98,98.0,High Risk
538,France,Female,74,7,195190.2998278402,2,1,0,29283.903750453836,0,0,0.0,0.0,Low Risk
533,Spain,Male,75,1,218250.35107431456,3,1,1,54569.758053629346,0,1,0.01,1.0,Low Risk
602,Germany,Male,42,6,143086.85345582443,3,0,1,194218.39114430707,0,0,0.0,0.0,Low Risk
633,Spain,Female,87,2,153951.27210035658,3,1,0,28852.388141091706,0,0,0.0,0.0,Low Risk
412,Spain,Male,20,5,107621.61427703002,2,0,0,50224.19940020347,0,0,0.0,0.0,Low Risk
661,Germany,Female,38,5,179304.77377236908,3,1,1,67162.92229455762,0,0,0.01,1.0,Low Risk
396,France,Female,49,3,51223.826140949,1,1,1,161241.20347641452,0,1,0.02,2.0,Low Risk
315,Spain,Female,19,7,118795.91460034745,2,1,1,64182.61535644255,0,0,0.01,1.0,Low Risk
675,Germany,Male,37,4,178543.28434639442,2,1,1,165197.2247673205,0,0,0.0,0.0,Low Risk
689,Spain,Male,35,6,194469.7278273352,3,1,0,41126.6082363515,1,3,0.87,87.0,High Risk
516,Germany,Female,71,4,61987.44246133997,1,0,0,120207.69809356454,0,0,0.01,1.0,Low Risk
698,Germany,Female,53,3,45387.175579747614,1,0,0,191946.0147456126,1,3,0.9,90.0,High Risk
559,Germany,Male,78,5,72133.51182207819,2,1,0,8213.876915757368,1,7,0.99,99.0,High Risk
619,France,Male,77,2,230038.8960931988,2,0,0,181712.84320939227,0,1,0.01,1.0,Low Risk
495,France,Male,53,5,32280.109184234352,3,0,0,32976.21296975179,1,7,0.99,99.0,High Risk
777,Germany,Female,61,5,238273.78952302533,1,1,1,116197.6858029337,0,0,0.01,1.0,Low Risk
717,France,Male,85,10,248703.1514936181,2,1,1,9770.220454339493,0,0,0.01,1.0,Low Risk
774,Spain,Female,83,10,195861.07757116357,4,1,1,114263.7901931695,0,0,0.0,0.0,Low Risk
843,France,Female,61,5,190105.63672271455,1,1,1,123005.7987403098,0,0,0.02,2.0,Low Risk
530,France,Male,46,10,238321.6326501655,4,1,0,161535.20933836675,0,0,0.01,1.0,Low Risk
820,Spain,Male,65,2,72633.83238490953,2,1,1,83224.01164649552,0,0,0.03,3.0,Low Risk
499,Spain,Female,53,7,32245.55142094823,3,1,1,183150.73303207103,0,1,0.01,1.0,Low Risk
320,Spain,Female,25,3,205775.0937406101,2,0,0,74086.68977667984,0,1,0.0,0.0,Low Risk
610,Germany,Male,22,10,42732.512391653654,2,0,0,18326.963977187806,0,0,0.0,0.0,Low Risk
733,Spain,Female,64,1,11352.478677108867,4,0,0,77357.60007020402,0,0,0.0,0.0,Low Risk
670,Spain,Male,60,6,49115.37188110965,2,0,0,61260.08361426616,1,4,0.97,97.0,High Risk
377,Spain,Male,27,10,109476.6464726768,3,0,0,89292.16296643199,0,0,0.0,0.0,Low Risk
841,Germany,Female,27,7,123775.56582875924,4,0,0,39922.687148483186,0,1,0.05,5.0,Low Risk
584,France,Female,23,10,15625.424594197246,4,0,0,74074.52430045286,0,1,0.0,0.0,Low Risk
439,Germany,Male,33,3,110848.58991689722,3,0,0,177249.40718280905,0,1,0.02,2.0,Low Risk
581,France,Female,77,5,151076.898803028,4,1,1,130494.5602200924,0,1,0.0,0.0,Low Risk
557,Spain,Female,43,7,232951.619400764,3,1,1,39631.91544250179,0,0,0.0,0.0,Low Risk
659,Germany,Male,38,4,56829.89446082706,4,0,1,10584.450379183576,0,0,0.0,0.0,Low Risk
739,Germany,Female,75,8,52742.597785832986,2,0,1,43339.325553629584,0,1,0.02,2.0,Low Risk
569,France,Male,58,5,97356.26937466682,2,1,1,81839.40073004829,1,2,0.72,72.0,Medium Risk
433,Germany,Female,47,5,245913.6302008733,1,0,1,73432.66612446758,1,5,0.95,95.0,High Risk
403,Germany,Male,22,1,84056.19519941273,4,0,0,169698.8468133793,1,5,0.89,89.0,High Risk
394,France,Female,27,6,10966.961729364955,3,0,0,117198.95891414909,0,0,0.01,1.0,Low Risk
779,Germany,Female,28,8,66403.71364892974,3,0,1,168499.14630777642,1,6,0.97,97.0,High Risk
540,Germany,Female,80,4,139575.39615420825,4,1,1,199775.4336039537,1,8,0.98,98.0,High Risk
312,Spain,Female,24,4,103135.931413377,2,0,1,58075.68566273876,0,3,0.15,15.0,Low Risk
446,Spain,Female,76,10,193555.7644164655,3,0,1,95496.30979293016,0,1,0.02,2.0,Low Risk
394,Spain,Female,29,4,151817.89682570225,1,1,0,141113.64852090983,1,4,0.97,97.0,High Risk
592,Spain,Female,81,0,139864.30174439464,3,1,0,102355.63212050725,0,1,0.0,0.0,Low Risk
324,Spain,Female,58,4,80748.48787952651,3,0,1,65371.25289243912,1,7,1.0,100.0,High Risk
571,Germany,Male,77,9,137961.51032453807,3,1,1,163243.00378416874,0,0,0.01,1.0,Low Risk
804,Germany,Female,89,7,153897.67982669873,1,1,1,178486.73889812952,1,4,0.97,97.0,High Risk
465,Spain,Female,45,2,44801.18996034171,1,0,1,55653.881236631605,0,1,0.0,0.0,Low Risk
386,France,Female,80,8,183966.97988529704,3,1,1,56298.551799142195,0,0,0.0,0.0,Low Risk
790,Spain,Female,20,8,98233.2486510357,1,1,1,113493.66858216764,0,0,0.0,0.0,Low Risk
440,Germany,Female,49,5,185568.92752352692,2,0,0,163279.47768161,0,1,0.01,1.0,Low Risk
402,France,Male,38,3,44427.64520904144,3,1,1,103989.72387837026,0,1,0.0,0.0,Low Risk
525,Spain,Male,72,3,164130.19464828278,1,0,1,12019.316971105132,0,1,0.01,1.0,Low Risk
593,France,Female,35,10,6720.8113547232715,1,0,0,59007.97069863166,0,0,0.0,0.0,Low Risk
605,Spain,Female,70,0,39741.447978454744,1,0,0,100574.83851573186,1,4,0.9,90.0,High Risk
553,Germany,Female,78,9,222780.22396739476,2,0,0,147339.43768644985,0,1,0.12,12.0,Low Risk
479,Spain,Female,67,4,115367.98897368876,1,1,0,154991.38046535768,0,2,0.11,11.0,Low Risk
339,France,Male,25,4,126965.70851841276,4,1,0,150463.690823674,0,0,0.0,0.0,Low Risk
819,Germany,Female,29,4,226894.4549574424,4,1,0,18973.693676576477,0,0,0.01,1.0,Low Risk
845,Spain,Male,68,0,121233.35167507292,2,1,1,123203.70884254182,0,0,0.02,2.0,Low Risk
535,Spain,Female,83,0,163647.13810624683,2,0,1,85092.36807694384,0,1,0.03,3.0,Low Risk
762,Spain,Male,58,9,55488.76802275152,1,1,0,62711.66312332869,1,2,0.74,74.0,Medium Risk
527,Spain,Male,39,1,20393.286217726654,2,0,1,165523.46354025867,0,2,0.01,1.0,Low Risk
782,Germany,Male,26,0,88337.94131284303,1,0,1,71681.47616013742,0,0,0.01,1.0,Low Risk
729,Germany,Female,28,7,199669.86673384553,1,0,0,36511.14105435353,0,0,0.0,0.0,Low Risk
321,Spain,Female,30,3,111709.32758735592,1,1,0,139150.72035385793,0,2,0.02,2.0,Low Risk
642,Germany,Female,73,5,42037.591003268426,4,1,1,27110.24207072494,0,1,0.01,1.0,Low Risk
339,France,Female,45,7,136274.50726517182,4,0,1,58783.445564680456,0,0,0.01,1.0,Low Risk
472,Germany,Female,81,4,65960.09018695126,3,1,0,88895.51839888736,1,4,0.99,99.0,High Risk
738,France,Male,81,5,236666.95174079473,2,1,0,28343.18923047729,0,0,0.01,1.0,Low Risk
478,France,Male,87,3,144353.16016520944,4,0,1,57472.26906825792,0,0,0.01,1.0,Low Risk
432,Germany,Male,72,5,245740.6065187484,2,1,1,128325.69379774015,0,1,0.01,1.0,Low Risk
650,Spain,Female,54,5,10768.196453916968,1,0,1,111485.54276910811,0,0,0.03,3.0,Low Risk
824,Germany,Male,50,2,2889.8975546071124,2,1,0,168857.56988167725,0,1,0.05,5.0,Low Risk
839,France,Female,42,3,119273.8948428865,1,1,1,28186.715972383987,0,2,0.0,0.0,Low Risk
805,France,Male,40,5,215499.8717488592,2,1,0,172773.75565188547,0,0,0.0,0.0,Low Risk
383,Germany,Female,77,7,131101.73682077965,4,0,1,15133.062270139846,1,3,0.97,97.0,High Risk
763,France,Male,73,6,219046.66324159407,2,0,1,148686.52106281286,0,0,0.01,1.0,Low Risk
642,Germany,Female,80,3,32641.51661340234,1,1,1,41387.09977706365,0,0,0.02,2.0,Low Risk
579,Germany,Male,25,2,174831.82120871145,4,1,1,180619.90515939455,0,2,0.06,6.0,Low Risk
562,Spain,Male,34,10,164969.3367855873,1,0,1,8321.49035135945,0,0,0.0,0.0,Low Risk
465,France,Male,74,7,136240.9536791564,1,0,1,116052.56310614436,0,0,0.0,0.0,Low Risk
592,Germany,Female,79,5,101276.1984967746,4,1,0,2574.9103302717413,0,0,0.02,2.0,Low Risk
808,France,Male,28,7,161767.08539686076,2,0,1,147210.55773702177,0,0,0.01,1.0,Low Risk
525,Germany,Male,84,8,137523.0703246549,3,0,1,6757.729440514011,1,4,0.99,99.0,High Risk
469,Germany,Male,57,8,68156.40986626568,3,1,0,145433.63349642386,0,1,0.01,1.0,Low Risk
747,Spain,Female,57,9,26153.856594868797,2,0,0,161706.71754363884,1,4,0.96,96.0,High Risk
801,Germany,Male,73,10,96662.1662469304,2,1,0,179106.39373167217,0,2,0.15,15.0,Low Risk
826,Spain,Female,70,8,128109.02927083622,4,1,1,71889.74673393532,0,0,0.01,1.0,Low Risk
678,France,Male,45,9,127128.84382768824,1,0,1,108509.30616674417,0,0,0.0,0.0,Low Risk
500,Spain,Male,59,0,106395.6005357111,4,0,1,146708.36673121754,0,0,0.02,2.0,Low Risk
549,Spain,Female,63,2,81838.79224849894,4,0,1,164148.58724450212,0,2,0.09,9.0,Low Risk
708,France,Female,35,8,87623.5188024736,1,1,1,156570.87004921518,0,0,0.0,0.0,Low Risk
424,Spain,Male,40,3,66461.32086038608,1,1,0,169561.86534241092,0,2,0.05,5.0,Low Risk
412,Spain,Female,43,9,144977.06651175267,2,0,1,179529.72898282073,0,0,0.0,0.0,Low Risk
436,Germany,Female,46,1,212471.86103805664,1,1,0,130067.24330633522,0,0,0.05,5.0,Low Risk
795,Spain,Female,69,0,219922.4282588715,1,1,1,34803.7237911916,1,5,0.99,99.0,High Risk
449,Germany,Male,63,4,248431.23900931777,2,1,1,166697.85930872962,1,2,0.75,75.0,Medium Risk
642,Spain,Male,18,3,22204.56770634002,4,1,0,92662.79647192112,0,0,0.01,1.0,Low Risk
620,France,Male,80,4,53564.56559181236,3,1,1,10138.494639725475,0,1,0.0,0.0,Low Risk
831,France,Female,33,10,182551.74287440316,1,1,0,125220.08523969344,0,1,0.02,2.0,Low Risk
588,Spain,Female,42,4,161310.13058246305,4,0,1,145496.96952885477,0,3,0.57,57.0,Medium Risk
788,Germany,Female,79,7,33466.430417457756,4,1,0,91576.92949186548,1,8,0.99,99.0,High Risk
791,Spain,Female,33,5,157754.50738415876,3,1,1,101338.71166604944,0,0,0.0,0.0,Low Risk
551,Germany,Male,86,2,101615.46480923552,1,1,0,110000.11271436386,0,0,0.01,1.0,Low Risk
376,Spain,Female,87,8,239214.87126320513,4,0,0,50507.259459272784,0,0,0.01,1.0,Low Risk
691,France,Male,51,7,213810.70320586528,4,1,1,74803.0235331316,1,4,1.0,100.0,High Risk
711,France,Female,70,8,18310.569941964142,1,1,1,161379.12789843054,0,0,0.02,2.0,Low Risk
472,Germany,Male,40,3,22497.407979956668,1,0,1,5992.107039059769,1,6,0.83,83.0,High Risk
500,Spain,Male,60,7,104264.20133610396,4,1,1,111384.1799206892,0,1,0.01,1.0,Low Risk
516,Germany,Female,61,10,2092.791620653539,2,0,1,6366.046267204979,0,2,0.11,11.0,Low Risk
675,France,Female,49,2,23596.728445164415,2,0,1,40335.58033443593,0,2,0.09,9.0,Low Risk
310,Germany,Female,40,4,233148.91388276304,4,1,0,74585.08816240235,1,3,0.93,93.0,High Risk
311,Spain,Male,37,6,198107.95804463915,1,0,0,37295.65648463156,0,0,0.0,0.0,Low Risk
734,Germany,Female,36,0,168177.24502514233,1,0,1,169703.97648105348,0,0,0.0,0.0,Low Risk
672,Spain,Male,89,0,207559.30833050725,2,0,0,174042.30224140134,0,1,0.02,2.0,Low Risk
572,Spain,Female,46,2,62513.7138602076,2,1,0,30610.734412992857,0,0,0.0,0.0,Low Risk
808,France,Male,35,3,181391.7406417101,3,1,0,178468.2824114094,1,2,0.61,61.0,Medium Risk
431,Spain,Female,86,0,153891.78883402684,2,1,1,46005.782758910194,0,0,0.01,1.0,Low Risk
618,Spain,Male,29,7,212161.85406711203,1,0,0,2437.1584919240236,0,0,0.0,0.0,Low Risk
467,Spain,Male,27,1,70671.85772545078,2,1,0,147370.64597784402,0,0,0.0,0.0,Low Risk
696,Germany,Male,54,10,190928.9493828387,4,1,1,103651.77527385904,1,9,1.0,100.0,High Risk
479,France,Female,72,4,213162.8510153651,3,0,1,99683.19004571796,0,1,0.02,2.0,Low Risk
357,Germany,Male,21,5,137251.7186724702,3,0,1,550.613970471321,0,1,0.03,3.0,Low Risk
779,Germany,Female,80,10,103446.30974762431,1,1,0,195707.91729444196,1,5,0.99,99.0,High Risk
759,France,Male,29,5,237163.144106739,4,1,1,166516.04659764105,0,1,0.01,1.0,Low Risk
360,Germany,Female,35,5,42242.40397030526,2,1,1,193488.46026681305,0,1,0.0,0.0,Low Risk
668,Germany,Female,25,10,9068.26077808101,3,1,1,48742.28041018813,0,0,0.0,0.0,Low Risk
420,Spain,Male,49,0,44785.06594734435,3,1,1,120739.1510345022,0,1,0.0,0.0,Low Risk
845,Germany,Male,66,2,170863.49155035397,4,1,0,149351.10333852493,0,2,0.43,43.0,Low Risk
316,France,Female,80,2,197236.48475648765,3,0,0,160669.14089498125,0,0,0.01,1.0,Low Risk
795,Germany,Male,76,7,179206.89245152907,4,1,1,156348.18732455443,0,0,0.01,1.0,Low Risk
796,Spain,Female,84,5,104966.63848892084,1,0,0,114469.72371309818,1,1,0.71,71.0,Medium Risk
804,Germany,Female,56,1,241893.38616336737,3,0,0,6329.67081666141,0,0,0.01,1.0,Low Risk
831,France,Female,67,0,111075.48026189154,2,0,1,198795.48857573335,1,9,0.89,89.0,High Risk
614,Spain,Female,88,3,245326.23443029096,4,1,1,22983.41487009783,0,1,0.08,8.0,Low Risk
368,Germany,Female,43,0,229529.1142808067,1,1,1,36172.651127822995,1,4,0.93,93.0,High Risk
460,France,Female,40,4,101786.11313167893,2,1,0,164888.68242003105,1,4,0.99,99.0,High Risk
444,France,Female,80,10,40252.15985291939,4,0,0,20124.17737049331,1,2,0.41,41.0,Low Risk
684,Germany,Female,83,7,22459.352369471137,2,0,0,42678.36776995453,0,0,0.02,2.0,Low Risk
568,Germany,Female,56,9,132868.73805791637,3,1,1,4070.1749992774257,0,0,0.01,1.0,Low Risk
753,Spain,Male,83,1,190801.990180985,1,1,0,31342.602675081736,1,2,0.7,70.0,Medium Risk
817,Germany,Female,63,7,44011.92385679256,4,0,0,131795.41268248137,0,0,0.01,1.0,Low Risk
649,Spain,Female,32,7,79552.73463191645,4,0,0,72113.58542031389,0,2,0.02,2.0,Low Risk
409,Germany,Female,33,5,157632.86778375457,1,0,1,27035.49977327353,1,3,0.88,88.0,High Risk
782,France,Male,89,7,115217.0678830347,2,0,1,52806.703677107536,0,0,0.0,0.0,Low Risk
706,France,Male,33,1,150966.94447887663,1,0,0,150737.87059695076,0,0,0.0,0.0,Low Risk
350,France,Male,56,6,169091.89635913173,1,0,0,111373.75167749752,0,0,0.01,1.0,Low Risk
702,France,Male,28,7,95173.7734967956,1,1,1,95213.96753781154,0,1,0.01,1.0,Low Risk
775,Spain,Male,53,3,196491.57442376687,1,1,0,9341.149212081253,1,4,0.99,99.0,High Risk
386,France,Male,35,8,175716.2713873575,3,0,1,102350.05451331192,1,6,0.93,93.0,High Risk
367,Spain,Female,40,10,171888.30714742836,4,1,0,96310.81861236044,0,0,0.0,0.0,Low Risk
341,Spain,Male,66,5,37370.88065539049,2,0,0,88579.32360391396,0,0,0.02,2.0,Low Risk
356,Spain,Male,59,2,118558.89925246156,2,0,0,97503.63798213509,0,0,0.0,0.0,Low Risk
495,Germany,Male,61,3,144293.2293355569,1,0,0,14868.575752839832,0,0,0.0,0.0,Low Risk
361,Spain,Male,18,3,56596.5545368195,1,0,0,186602.81580698307,0,0,0.0,0.0,Low Risk
562,Germany,Male,24,0,189641.7723152509,2,1,1,61233.51533706598,0,0,0.0,0.0,Low Risk
411,Spain,Female,65,9,30270.173402431017,2,0,0,130506.68909792745,1,3,0.92,92.0,High Risk
477,Germany,Female,33,0,37464.37370836525,3,0,1,71803.56478967855,0,0,0.0,0.0,Low Risk
325,Germany,Male,65,0,103329.82389363888,1,0,1,65593.93072471162,1,6,0.99,99.0,High Risk
709,France,Female,60,3,33836.20026938858,2,1,1,145002.29733940464,0,0,0.0,0.0,Low Risk
830,Spain,Male,68,0,2910.987976252721,4,1,0,83760.66617918324,0,0,0.01,1.0,Low Risk
616,Germany,Female,83,5,102850.48240412609,3,1,0,123178.7019197119,0,0,0.0,0.0,Low Risk
831,France,Female,48,1,162138.03497023188,3,1,1,54852.221071944725,0,2,0.08,8.0,Low Risk
405,Spain,Male,56,0,123784.57487710916,1,0,1,53100.23522030422,0,0,0.0,0.0,Low Risk
763,France,Male,26,6,13044.924394563674,3,1,1,39820.51830054454,0,1,0.01,1.0,Low Risk
545,Germany,Male,58,5,58116.3342638755,3,0,1,60189.66056733256,1,8,0.97,97.0,High Risk
380,France,Female,80,0,131087.1566303075,4,0,1,12989.899206237566,0,0,0.01,1.0,Low Risk
695,France,Female,31,9,184523.1931836798,3,0,1,15569.694190334223,0,0,0.0,0.0,Low Risk
821,Spain,Male,75,8,198479.24107603455,4,0,1,170583.40313763532,0,0,0.01,1.0,Low Risk
563,Germany,Male,91,5,129842.11940128022,3,0,1,55980.995614369065,0,1,0.02,2.0,Low Risk
573,Spain,Female,81,1,161531.86345166998,3,1,1,107671.06792940156,0,1,0.03,3.0,Low Risk
471,Spain,Male,45,6,225854.33881746395,1,1,1,99290.59820350684,0,1,0.0,0.0,Low Risk
564,France,Female,21,2,16299.685176822037,1,1,0,126841.7751248112,0,1,0.01,1.0,Low Risk
325,Germany,Female,51,6,24793.138388394866,1,1,1,129591.82768171174,1,7,0.97,97.0,High Risk
768,Spain,Male,21,8,114465.02100924111,1,0,0,73363.317775128,0,0,0.02,2.0,Low Risk
775,Germany,Female,87,4,152433.6607973765,2,1,1,26694.85798919621,1,6,0.99,99.0,High Risk
655,Spain,Female,75,0,1158.5464847158055,1,1,1,35490.85707425976,0,0,0.0,0.0,Low Risk
325,France,Female,21,4,113137.0826806534,1,0,0,71871.33558138166,0,1,0.0,0.0,Low Risk
333,Spain,Female,67,7,43190.2222369244,1,1,0,112026.336474987,1,5,0.99,99.0,High Risk
563,Spain,Male,22,7,161276.16066378832,3,1,1,122853.1998876182,0,3,0.12,12.0,Low Risk
437,Spain,Female,62,2,66933.89268716832,3,1,1,186471.7903037728,0,2,0.1,10.0,Low Risk
761,Germany,Male,52,3,225484.5318955575,3,0,1,61051.0415795884,0,0,0.0,0.0,Low Risk
467,France,Female,44,7,15961.860186909204,1,1,1,21867.8902302544,0,0,0.0,0.0,Low Risk
380,Germany,Male,19,7,202301.5132041635,4,0,0,107536.25024807616,0,1,0.01,1.0,Low Risk
706,Spain,Female,71,6,98081.88798722676,2,1,0,13328.673023802236,0,1,0.05,5.0,Low Risk
345,France,Female,89,5,214290.14645979655,4,0,1,33132.14455401203,0,1,0.09,9.0,Low Risk
352,Germany,Male,65,3,203780.65200644528,4,0,1,110831.50240015791,0,0,0.0,0.0,Low Risk
775,Spain,Female,66,9,59823.173689450115,4,1,1,184895.16579576672,0,0,0.0,0.0,Low Risk
315,France,Male,18,8,12641.940824045962,4,0,1,39117.73786255533,0,0,0.02,2.0,Low Risk
659,France,Female,50,1,173880.35285293084,2,0,0,72506.01051665095,0,0,0.01,1.0,Low Risk
786,Spain,Male,52,1,51098.637771321235,4,0,1,88576.46283674498,0,0,0.0,0.0,Low Risk
801,France,Male,71,0,232626.77617364272,1,1,1,190700.35719810895,0,1,0.03,3.0,Low Risk
440,France,Female,73,10,16807.65305582155,4,0,0,147125.64117526246,1,4,1.0,100.0,High Risk
746,Germany,Female,32,2,80995.01366219542,2,1,1,66437.12210288121,0,1,0.01,1.0,Low Risk
589,France,Female,86,2,3162.2518754542416,2,0,1,54280.58189963565,1,6,0.96,96.0,High Risk
508,Germany,Female,21,3,79254.90145452412,4,1,1,103705.7551270708,0,0,0.02,2.0,Low Risk
774,Germany,Female,81,2,135314.6700812725,1,0,0,76281.7558840926,0,0,0.0,0.0,Low Risk
712,Germany,Female,39,9,163715.63938476352,4,0,0,123363.47999528683,0,0,0.0,0.0,Low Risk
726,Germany,Female,41,5,181608.45659679445,3,1,1,106955.72449211264,1,6,1.0,100.0,High Risk
670,France,Female,64,8,208362.54783058737,2,1,0,6762.7192085114775,0,1,0.01,1.0,Low Risk
589,France,Female,23,7,27696.032158034817,4,0,1,14904.303684652668,0,0,0.0,0.0,Low Risk
731,Germany,Male,44,5,190468.16006114683,3,1,0,26818.593230890252,0,1,0.0,0.0,Low Risk
567,France,Male,27,7,69592.19409556413,1,0,1,130153.3460507803,0,1,0.01,1.0,Low Risk
450,Germany,Male,56,7,34561.70453047444,3,1,1,195450.3282462822,0,1,0.07,7.0,Low Risk
554,Germany,Female,91,9,66413.78565977934,2,1,1,90529.58743891877,0,0,0.03,3.0,Low Risk
652,Germany,Male,54,5,214498.26983923512,3,1,1,29887.681831250367,1,4,0.97,97.0,High Risk
676,Spain,Female,71,1,156847.92097478802,3,0,1,122012.90987545844,0,0,0.01,1.0,Low Risk
657,France,Female,68,4,149345.3729714906,3,1,1,125085.60281275824,0,1,0.02,2.0,Low Risk
669,France,Female,77,3,146159.2294376201,1,1,0,151153.5449027011,1,6,0.99,99.0,High Risk
526,Germany,Female,89,5,102156.88528887468,1,0,0,141968.87091246218,1,6,1.0,100.0,High Risk
602,France,Male,68,1,104251.141516162,1,1,1,137571.61135079278,0,1,0.02,2.0,Low Risk
688,Germany,Male,79,3,37081.11446442039,1,1,0,144970.67983286284,0,1,0.07,7.0,Low Risk
676,France,Male,66,7,83153.24882536488,4,0,0,163846.82508362984,1,5,1.0,100.0,High Risk
417,Germany,Female,68,0,128008.03534995289,3,1,1,179092.64427395168,0,1,0.0,0.0,Low Risk
304,Germany,Female,45,2,151504.42401481644,2,1,0,691.1998341955929,0,0,0.05,5.0,Low Risk
743,Spain,Male,53,3,17909.679622095915,3,0,0,133247.32442572058,0,0,0.01,1.0,Low Risk
651,Germany,Female,42,1,83452.56006186041,4,1,1,188243.23539763747,0,0,0.02,2.0,Low Risk
832,Spain,Male,53,1,84855.19316565462,3,0,0,151576.49226878787,1,1,0.7,70.0,Medium Risk
423,France,Male,77,5,128767.54988830544,3,1,0,16282.802327192889,0,0,0.0,0.0,Low Risk
576,France,Male,24,5,177508.6265267475,2,0,0,147265.73671098106,0,1,0.0,0.0,Low Risk
693,Spain,Female,82,2,158808.1627105654,2,0,0,50526.740121774696,0,0,0.0,0.0,Low Risk
659,France,Male,90,7,142721.300978474,2,0,0,36819.382943433695,0,0,0.01,1.0,Low Risk
768,Spain,Female,53,2,72854.66647009709,3,1,1,40648.17780709239,0,1,0.01,1.0,Low Risk
356,France,Male,90,1,209764.11240985885,4,1,0,194427.18559377795,1,4,0.99,99.0,High Risk
550,Spain,Female,47,4,196323.14376764488,1,0,1,131826.09559563792,0,0,0.0,0.0,Low Risk
449,Spain,Female,64,6,45903.198043599965,1,1,1,195571.26979954273,1,6,0.99,99.0,High Risk
751,Germany,Male,46,0,163782.89228199143,3,1,1,169440.56868090018,1,11,1.0,100.0,High Risk
461,France,Female,22,1,226663.64550779416,1,1,0,184979.962431258,0,0,0.0,0.0,Low Risk
419,Germany,Female,82,1,108900.32294638752,1,1,1,110992.22790281055,0,1,0.0,0.0,Low Risk
650,Spain,Female,86,7,231192.3178296259,3,1,0,69754.57325136902,1,4,0.98,98.0,High Risk
398,Germany,Male,80,9,5490.9440356606665,3,1,1,147709.4369210867,0,1,0.0,0.0,Low Risk
466,Spain,Female,73,5,129059.99969604504,4,1,0,3622.950741514531,1,4,0.99,99.0,High Risk
813,France,Male,34,3,64067.50732296251,1,1,0,128753.55623794286,0,0,0.0,0.0,Low Risk
700,France,Male,68,3,65539.34920048462,3,0,1,191297.34912534183,0,0,0.01,1.0,Low Risk
664,France,Female,54,4,219386.7995389299,1,1,0,169174.23281649084,0,1,0.0,0.0,Low Risk
625,Spain,Male,26,2,77874.8671319958,2,0,1,37900.93171626419,0,1,0.0,0.0,Low Risk
546,Germany,Male,55,3,5832.807530008255,2,1,1,25617.0745834227,0,3,0.26,26.0,Low Risk
733,France,Male,70,3,134922.17177764684,4,0,1,165297.88160002723,0,0,0.02,2.0,Low Risk
392,Spain,Male,30,6,242715.7607343125,3,0,1,10687.583012102346,0,0,0.0,0.0,Low Risk
567,Germany,Male,70,6,19773.872971459103,1,0,1,199061.19629405983,0,0,0.01,1.0,Low Risk
620,Spain,Female,66,0,71574.97467676787,2,0,1,93485.20356436144,0,2,0.05,5.0,Low Risk
361,Spain,Female,87,2,117375.79423374929,3,1,1,185519.23539751544,0,0,0.0,0.0,Low Risk
599,France,Male,52,8,207620.02758603665,2,1,0,162257.32312399946,1,5,0.96,96.0,High Risk
702,Spain,Male,33,5,67223.78692524217,2,1,1,139477.40605039964,0,0,0.0,0.0,Low Risk
602,Spain,Female,30,5,85921.31295200619,3,0,1,41159.31447639199,0,0,0.0,0.0,Low Risk
552,Germany,Female,28,3,96123.74359203366,2,0,1,17139.61611561438,0,1,0.0,0.0,Low Risk
777,France,Female,19,9,94908.531436981,3,1,1,131136.73439640427,0,1,0.01,1.0,Low Risk
668,Spain,Male,36,8,50086.312364471145,4,0,1,37956.28076330391,0,1,0.01,1.0,Low Risk
459,Spain,Male,62,2,228916.4704078134,3,1,0,165744.37342353645,0,1,0.08,8.0,Low Risk
465,Germany,Female,63,7,198227.57517005765,2,0,1,13427.600721207253,0,0,0.0,0.0,Low Risk
504,Spain,Male,64,5,243910.6949049959,2,0,0,104775.64753815236,0,0,0.0,0.0,Low Risk
566,Spain,Female,66,1,92748.43585395972,1,0,1,84415.48504979064,0,2,0.04,4.0,Low Risk
437,Spain,Female,59,2,11323.824578574588,4,0,1,184973.42123077763,0,0,0.03,3.0,Low Risk
667,Spain,Male,50,0,28875.27144507046,2,0,0,179701.6853892071,1,2,0.8,80.0,High Risk
742,Spain,Female,58,2,89370.90592746777,4,1,0,144062.7309470182,1,3,0.96,96.0,High Risk
316,Germany,Female,86,3,227766.02551402076,1,0,1,151065.89322240258,0,1,0.1,10.0,Low Risk
367,Spain,Female,36,5,245271.1835668856,4,0,1,141309.35831471093,0,0,0.0,0.0,Low Risk
432,Spain,Female,56,9,205499.2765321341,3,0,0,134963.09572357472,0,0,0.0,0.0,Low Risk
729,Spain,Female,24,6,59606.36799467187,4,1,1,199389.06393391028,0,0,0.04,4.0,Low Risk
607,Spain,Male,56,2,164924.8579006215,2,1,0,147216.14177064737,0,0,0.02,2.0,Low Risk
473,France,Female,51,10,149151.81970089307,2,1,1,189116.8274573787,1,3,0.74,74.0,Medium Risk
711,France,Male,61,6,205813.0893537813,3,0,0,87450.83096923814,0,0,0.0,0.0,Low Risk
396,France,Male,86,3,127437.33802313256,2,1,1,199624.92256037783,0,0,0.01,1.0,Low Risk
453,France,Female,85,0,79532.46662417075,1,0,1,122896.88846629558,0,0,0.0,0.0,Low Risk
541,Germany,Female,80,0,4819.402710490722,2,0,0,180986.8360317217,0,0,0.0,0.0,Low Risk
603,France,Female,88,7,198756.548529918,1,0,0,18193.86446895968,0,0,0.01,1.0,Low Risk
584,Germany,Male,65,9,132562.08224890864,4,0,1,122113.69323654762,0,2,0.08,8.0,Low Risk
326,France,Male,20,6,133546.8444024105,4,1,0,198559.47535949096,0,0,0.0,0.0,Low Risk
701,Germany,Male,51,3,239265.58266251057,2,0,1,13321.768438048344,0,0,0.06,6.0,Low Risk
659,France,Female,26,0,121556.8656926602,2,0,0,189410.46464418405,0,0,0.02,2.0,Low Risk
359,Spain,Female,78,5,78950.33320013087,3,1,0,29188.56320569419,0,1,0.02,2.0,Low Risk
501,France,Female,37,10,84959.49188394939,4,0,1,199223.81745293652,0,1,0.05,5.0,Low Risk
669,France,Female,57,10,2936.7238057824984,1,0,0,57795.059066457914,0,0,0.0,0.0,Low Risk
832,France,Female,29,9,30587.75841961872,3,0,1,158730.77531100644,0,1,0.0,0.0,Low Risk
451,Spain,Male,45,6,10952.190818701663,3,0,1,5551.899536264275,0,1,0.02,2.0,Low Risk
401,Germany,Male,65,5,60815.03914485814,4,1,0,57366.14516735982,0,0,0.0,0.0,Low Risk
745,Germany,Male,91,5,16163.082405386858,3,0,1,120643.34286365732,0,0,0.02,2.0,Low Risk
528,Spain,Female,24,7,82779.06658264417,1,0,0,45458.58375096041,0,0,0.0,0.0,Low Risk
424,France,Female,31,5,31532.378805465138,3,1,1,152151.63354403013,0,1,0.0,0.0,Low Risk
535,France,Male,36,1,229479.76140203324,1,0,0,135135.81861294375,1,3,0.83,83.0,High Risk
461,France,Female,71,6,234595.97767764656,1,1,0,198176.38249053285,0,0,0.02,2.0,Low Risk
652,Germany,Male,77,9,150864.11342613204,2,0,0,116868.61835667652,0,1,0.01,1.0,Low Risk
367,Germany,Female,84,3,201371.93807302136,4,0,1,153625.86392055856,1,7,1.0,100.0,High Risk
472,Spain,Female,51,10,169302.8215904626,4,1,0,14914.243527719387,1,8,1.0,100.0,High Risk
560,Spain,Female,58,10,202777.22243267667,4,1,0,8608.020411246942,0,1,0.0,0.0,Low Risk
516,Germany,Female,48,2,159951.8007223487,4,1,1,116333.6312089424,0,0,0.0,0.0,Low Risk
423,France,Male,56,7,107548.41794216132,1,1,0,197070.49516442564,1,2,0.83,83.0,High Risk
461,France,Female,69,9,218438.61431543803,4,1,1,53765.64017992637,0,1,0.01,1.0,Low Risk
500,France,Male,64,4,109516.59739702374,4,0,0,352.57550951639615,1,7,0.85,85.0,High Risk
753,France,Male,37,3,99053.12233850022,1,0,1,68189.804687217,0,3,0.25,25.0,Low Risk
701,Spain,Male,69,10,156095.78554102892,2,0,0,147819.54770448973,0,1,0.1,10.0,Low Risk
761,Spain,Male,88,3,234482.95021923215,4,1,1,160456.29118465874,1,4,0.99,99.0,High Risk
574,Germany,Male,79,4,110550.71032058953,3,0,0,156215.78037248575,0,0,0.02,2.0,Low Risk
505,Spain,Female,22,3,143736.19273774218,2,0,0,16193.879239328407,0,1,0.0,0.0,Low Risk
339,France,Male,74,2,123083.17997682196,2,1,0,154168.12025901704,0,0,0.0,0.0,Low Risk
572,Germany,Male,21,3,227433.22698213303,2,0,0,16340.039000778155,0,1,0.0,0.0,Low Risk
392,Spain,Male,28,9,169186.25057720268,4,0,0,197432.93862627208,1,2,0.73,73.0,Medium Risk
341,Spain,Male,36,4,104897.34458432706,1,0,1,74102.53071816912,0,0,0.0,0.0,Low Risk
764,Spain,Male,44,1,151725.66159442483,4,1,1,138700.82048789997,0,0,0.0,0.0,Low Risk
678,Spain,Female,46,6,39014.799308488415,4,1,1,96908.55034619938,0,2,0.03,3.0,Low Risk
406,Spain,Male,35,4,85485.97171201109,2,0,0,48136.98452595306,0,0,0.0,0.0,Low Risk
627,France,Female,54,8,184045.3041479408,1,1,1,122175.04711852944,1,3,0.88,88.0,High Risk
364,France,Male,78,5,140598.5335642371,4,0,1,3194.152320888344,0,1,0.03,3.0,Low Risk
664,France,Female,64,10,78568.20297847048,4,1,1,101036.2461393924,0,3,0.34,34.0,Low Risk
783,Spain,Female,37,0,90574.47637531624,4,1,0,7817.511028047401,0,0,0.03,3.0,Low Risk
323,Germany,Female,87,8,202445.68751831932,4,0,1,113564.95747682716,0,1,0.02,2.0,Low Risk
839,France,Female,66,4,135220.7507375254,1,0,1,91463.51746117898,1,7,1.0,100.0,High Risk
361,France,Female,32,8,59689.01009622654,1,1,1,178946.4137883918,0,0,0.0,0.0,Low Risk
790,Spain,Female,35,0,74203.22966554402,1,1,0,193201.00617982744,0,0,0.0,0.0,Low Risk
572,Germany,Female,55,1,116970.8778006698,3,0,0,130223.69224076954,0,0,0.0,0.0,Low Risk
528,France,Male,39,2,190709.3919456901,1,0,1,37045.684009544355,0,1,0.0,0.0,Low Risk
319,France,Female,77,4,249360.10718908772,1,0,1,104717.60013920044,0,0,0.0,0.0,Low Risk
302,Germany,Male,83,5,46440.11735725448,2,1,1,335.49776236072114,0,1,0.08,8.0,Low Risk
720,Spain,Male,43,4,188732.25561204416,4,0,0,153615.8225352024,0,0,0.0,0.0,Low Risk
606,Germany,Male,81,0,154304.8789784886,4,1,0,8242.496763928204,1,4,0.99,99.0,High Risk
731,Spain,Female,75,3,132798.25418745913,2,1,0,161515.61157131247,1,8,1.0,100.0,High Risk
435,France,Male,20,5,241614.2631663349,1,0,1,52942.9511680921,0,0,0.0,0.0,Low Risk
814,Germany,Female,47,3,80688.38743747956,4,1,0,50013.71166129946,1,1,0.62,62.0,Medium Risk
492,Germany,Female,36,3,44244.56079590539,3,1,0,17945.073871863995,0,0,0.01,1.0,Low Risk
714,France,Female,27,4,219399.28946453248,3,1,0,137155.9207196256,0,1,0.03,3.0,Low Risk
417,France,Male,63,7,17172.230922047533,2,0,1,73204.68848136524,0,0,0.01,1.0,Low Risk
508,Spain,Male,36,4,204279.91864712615,3,1,0,17990.249544898372,1,4,0.93,93.0,High Risk
333,France,Female,75,6,147308.99827663947,2,0,1,64208.58770685665,0,1,0.01,1.0,Low Risk
617,France,Female,23,7,41000.97293151655,3,1,1,184422.91716686945,0,0,0.0,0.0,Low Risk
419,Germany,Female,68,5,56840.53957335103,3,1,0,6998.652113605443,0,1,0.08,8.0,Low Risk
824,Spain,Female,31,5,38960.14816678925,3,1,0,133814.0926822247,0,0,0.01,1.0,Low Risk
388,France,Male,75,1,179584.63546350802,2,0,1,100206.15706664637,0,3,0.62,62.0,Medium Risk
811,Germany,Male,25,9,36827.78944864215,4,0,1,119532.93481482618,0,1,0.01,1.0,Low Risk
346,France,Male,19,4,170342.71872174766,2,1,0,78334.99205275271,0,1,0.0,0.0,Low Risk
821,France,Male,35,0,32037.57381585179,1,1,0,96313.5262748289,0,1,0.0,0.0,Low Risk
583,France,Male,74,8,200566.6474679986,1,1,1,151862.08341949194,0,0,0.0,0.0,Low Risk
676,France,Female,52,6,229872.69478576668,3,1,0,96640.84529199472,0,0,0.0,0.0,Low Risk
433,Spain,Female,83,1,139828.00706234766,3,0,1,75264.05816256345,1,1,0.62,62.0,Medium Risk
547,Germany,Male,73,5,241546.009304282,4,1,1,55158.06706048843,0,0,0.01,1.0,Low Risk
617,Germany,Female,60,9,97595.0757313006,4,1,1,90105.6542131336,1,8,0.99,99.0,High Risk
735,France,Male,90,8,61150.61388296849,4,0,0,115148.0915815921,0,0,0.02,2.0,Low Risk
475,Germany,Female,89,4,44324.18902781224,3,1,0,74902.69431704671,0,0,0.0,0.0,Low Risk
650,France,Female,25,2,119740.83687012536,2,1,1,180198.48023883623,0,0,0.0,0.0,Low Risk
442,Germany,Female,22,10,32686.72541042697,3,0,1,199189.100595731,0,0,0.0,0.0,Low Risk
697,Spain,Male,30,9,218947.65711870816,1,1,0,40831.65905903024,0,0,0.0,0.0,Low Risk
668,Spain,Male,24,10,196191.3793535112,3,1,1,128856.47596146984,0,0,0.0,0.0,Low Risk
800,Germany,Male,38,3,140529.60109067027,4,0,1,41238.20122427797,0,0,0.02,2.0,Low Risk
669,France,Female,54,2,180365.74250478455,1,1,1,108214.7723451952,0,1,0.09,9.0,Low Risk
681,France,Female,62,0,12497.575748270843,3,1,1,78664.54580453895,0,0,0.0,0.0,Low Risk
385,France,Female,69,9,50879.44712345888,4,0,0,49090.21714541192,1,3,0.93,93.0,High Risk
759,France,Female,65,10,155302.9732074669,3,0,1,68422.13953547904,1,7,0.99,99.0,High Risk
624,Spain,Female,79,6,119367.3779282046,3,0,0,24676.934887858504,1,6,1.0,100.0,High Risk
821,France,Male,68,7,151155.74499011086,4,1,0,15907.059081677522,0,1,0.02,2.0,Low Risk
788,France,Male,21,1,22242.260707614787,1,0,1,90030.65782763725,0,0,0.0,0.0,Low Risk
696,France,Female,73,7,163105.63952618485,1,1,1,163053.98114017988,0,0,0.01,1.0,Low Risk
654,France,Male,51,8,200904.06425991785,2,1,0,136583.2219575756,0,0,0.0,0.0,Low Risk
587,Spain,Female,62,6,136568.79574941378,1,0,0,119070.49137650484,0,0,0.0,0.0,Low Risk
758,Germany,Female,33,10,89351.75467276735,3,0,1,84106.74288299777,0,0,0.0,0.0,Low Risk
835,Germany,Male,26,0,43661.9642285094,4,0,1,93715.7225704289,0,0,0.01,1.0,Low Risk
590,France,Female,33,3,66338.76147279405,1,0,1,4309.073232864523,0,1,0.0,0.0,Low Risk
467,France,Male,48,6,130633.21348476633,3,1,1,188028.73042135144,1,6,0.96,96.0,High Risk
727,Germany,Male,30,5,63879.45737049924,3,1,0,62179.33793201803,0,0,0.01,1.0,Low Risk
789,Spain,Male,22,10,194486.3843447503,1,1,0,182892.0461492017,0,1,0.0,0.0,Low Risk
654,Spain,Female,64,7,32935.256517722555,4,0,0,143252.88747169357,0,0,0.0,0.0,Low Risk
495,Spain,Male,56,5,129106.06652442797,4,0,1,112348.55584751,0,1,0.0,0.0,Low Risk
844,Spain,Female,35,9,123991.54532542134,2,1,0,89048.31765041366,0,1,0.01,1.0,Low Risk
310,Spain,Female,37,5,34723.06583297269,4,0,0,64600.407175000255,0,1,0.01,1.0,Low Risk
555,Spain,Female,19,9,248746.89519123608,4,1,1,127664.71626263583,0,0,0.0,0.0,Low Risk
695,Spain,Female,57,5,205783.84686615856,1,0,0,194045.53392734108,0,0,0.01,1.0,Low Risk
708,Spain,Female,47,6,96633.11629535531,1,0,0,160867.12640782748,1,5,1.0,100.0,High Risk
661,Spain,Female,27,4,171226.6347402251,3,0,1,78231.8849063794,0,1,0.01,1.0,Low Risk
558,France,Female,81,10,179145.29985954842,1,0,0,96440.1215367718,0,0,0.0,0.0,Low Risk
302,Spain,Female,59,8,162787.14192886007,2,1,0,93696.54308275912,0,0,0.06,6.0,Low Risk
383,France,Male,70,6,108120.986543176,3,0,1,51916.176040875,1,2,0.68,68.0,Medium Risk
455,Germany,Male,70,0,221277.83290657625,4,1,1,169459.15073169343,1,7,0.99,99.0,High Risk
475,France,Female,57,10,192887.84543201828,1,0,0,138569.7821260575,0,0,0.01,1.0,Low Risk
771,Germany,Female,33,8,135504.98855495965,2,0,1,119510.8683352341,0,0,0.01,1.0,Low Risk
723,France,Male,65,10,640.6963758106565,3,1,1,86665.89216171071,0,0,0.03,3.0,Low Risk
433,Germany,Male,78,5,55843.559581694346,2,0,0,47807.66386315875,1,2,0.86,86.0,High Risk
679,France,Male,55,10,127206.42545988028,2,1,0,127964.4385363652,0,0,0.01,1.0,Low Risk
576,France,Male,61,7,224732.26420525048,4,0,0,47360.76180558468,0,0,0.01,1.0,Low Risk
535,Germany,Male,32,8,157155.2360300633,3,0,1,1770.9628504703755,0,0,0.01,1.0,Low Risk
312,Spain,Male,78,10,104465.5744607565,1,1,0,13337.010092895072,1,2,0.86,86.0,High Risk
641,Spain,Female,24,10,11977.993638161766,4,0,1,138805.23026704905,0,0,0.0,0.0,Low Risk
334,Spain,Male,47,1,149320.05681668865,2,1,1,75515.85752929708,0,0,0.0,0.0,Low Risk
513,Spain,Male,53,1,87688.04692871863,3,0,1,41289.47796704566,0,0,0.0,0.0,Low Risk
711,Spain,Male,28,4,134344.11183719945,4,0,1,47581.034435032525,0,0,0.0,0.0,Low Risk
704,France,Male,87,4,191610.42460395675,1,1,0,98898.93207099108,0,0,0.02,2.0,Low Risk
793,Spain,Female,46,9,200935.0887626909,2,1,0,181090.2330434298,0,2,0.12,12.0,Low Risk
458,France,Female,23,9,216069.5598621887,3,0,1,53766.48552182272,0,0,0.0,0.0,Low Risk
409,Germany,Female,68,1,159011.65655924092,4,1,1,131094.20770460597,0,0,0.01,1.0,Low Risk
848,Spain,Female,55,9,226404.4737328624,4,0,1,165119.67973515418,0,0,0.03,3.0,Low Risk
825,Spain,Female,90,3,172657.0024457067,2,1,1,97741.86837011538,0,0,0.02,2.0,Low Risk
646,Spain,Female,39,8,195978.52326666983,4,1,1,5416.295098066212,0,1,0.01,1.0,Low Risk
578,Spain,Female,71,3,171370.5556030743,1,0,0,159236.08862067878,0,0,0.02,2.0,Low Risk
778,France,Female,57,0,217965.9534407415,1,1,0,175874.62228685358,0,0,0.01,1.0,Low Risk
410,France,Male,24,4,55722.47047124032,1,0,1,6218.102505977731,0,0,0.0,0.0,Low Risk
730,France,Male,57,1,189971.76909049728,3,1,0,23249.13449762181,1,10,0.98,98.0,High Risk
841,Germany,Female,41,5,29289.13575986006,4,0,1,17415.145522531762,0,0,0.02,2.0,Low Risk
414,France,Female,58,0,22998.50747046353,1,0,0,44243.872978977226,0,0,0.0,0.0,Low Risk
389,Spain,Female,68,6,122905.6634469126,1,0,0,99205.91192321206,1,7,1.0,100.0,High Risk
511,Germany,Male,56,6,75059.28897192133,3,1,1,6678.211532685945,0,1,0.0,0.0,Low Risk
849,Germany,Female,60,3,140839.5518462079,4,0,0,33814.40231088142,0,0,0.05,5.0,Low Risk
838,Spain,Female,86,8,169433.47942986098,1,0,0,81456.1958857669,1,2,0.66,66.0,Medium Risk
659,Spain,Female,76,2,56640.72515406768,1,0,1,126617.69109729346,0,0,0.0,0.0,Low Risk
785,Spain,Female,42,4,174981.51449077937,1,0,0,181917.71276827896,0,0,0.0,0.0,Low Risk
671,Spain,Male,42,4,248864.77290789085,3,0,1,165975.3581811856,0,0,0.0,0.0,Low Risk
514,France,Female,90,7,189988.65507435257,4,0,1,10791.753348339058,0,0,0.02,2.0,Low Risk
314,Germany,Male,41,9,43446.625468269915,1,0,1,193385.45082008297,1,4,0.95,95.0,High Risk
558,Spain,Male,79,9,158423.85604882083,2,1,0,53412.07675719586,1,4,1.0,100.0,High Risk
762,France,Female,60,3,2371.192523518306,3,0,1,72714.0186732068,0,1,0.02,2.0,Low Risk
419,Spain,Male,76,0,117429.54008277824,2,0,1,14912.538211836129,0,1,0.01,1.0,Low Risk
427,France,Female,71,10,133326.59141021024,4,0,1,187210.32269477836,0,1,0.01,1.0,Low Risk
822,Spain,Male,43,4,243094.3882477584,3,1,1,109187.80360180052,0,0,0.0,0.0,Low Risk
624,Spain,Female,71,0,184301.3451076806,3,0,1,103266.63559488884,0,3,0.24,24.0,Low Risk
619,Spain,Male,78,2,176490.06298673138,3,1,0,3049.222635745252,0,1,0.01,1.0,Low Risk
805,France,Male,61,5,133101.152256051,4,0,1,697.5157077544739,0,1,0.02,2.0,Low Risk
825,Spain,Female,26,0,128294.00355220832,2,0,1,136445.93186889155,1,3,0.85,85.0,High Risk
349,France,Male,59,9,248020.69531096303,1,0,0,96461.11085823448,1,3,0.92,92.0,High Risk
368,France,Female,46,2,5316.999077572326,4,0,0,101519.46508346916,1,4,0.97,97.0,High Risk
690,Germany,Female,75,6,75801.47646510607,1,1,1,130049.5299387328,1,6,0.98,98.0,High Risk
682,France,Male,80,1,33445.95583774845,1,0,1,29196.90774255304,0,0,0.01,1.0,Low Risk
315,France,Female,66,5,78742.98310184649,1,1,0,199669.25974749352,0,1,0.03,3.0,Low Risk
738,France,Female,28,6,115904.929417007,3,1,1,16162.984873530206,0,0,0.0,0.0,Low Risk
431,France,Female,71,1,85483.09150235953,3,1,0,53583.099206605264,1,11,0.99,99.0,High Risk
547,France,Female,47,10,240676.27865222737,2,1,0,138772.87219371874,1,6,0.98,98.0,High Risk
572,Germany,Male,83,10,170146.9942469334,4,1,1,103188.57829043352,0,2,0.24,24.0,Low Risk
648,Spain,Male,82,4,182011.23245608775,1,0,0,19323.8853639373,0,2,0.11,11.0,Low Risk
783,Germany,Male,75,9,185573.05589561613,4,1,1,154971.85819998867,0,0,0.01,1.0,Low Risk
849,Germany,Female,74,9,224806.74796747192,4,0,0,194086.8493468481,1,3,0.98,98.0,High Risk
656,Spain,Male,54,0,192004.7018415125,4,1,1,94620.50235105626,0,0,0.02,2.0,Low Risk
617,France,Male,71,2,4051.202316927821,3,1,0,50630.7817817149,0,0,0.01,1.0,Low Risk
347,Spain,Male,90,0,65348.93644563877,1,1,0,21374.414048115897,0,0,0.01,1.0,Low Risk
309,France,Female,86,2,247276.09641284132,1,1,0,41053.55313808613,0,1,0.03,3.0,Low Risk
532,Spain,Male,41,3,163031.12165501463,4,0,0,62252.57695054192,1,4,0.98,98.0,High Risk
335,Germany,Female,80,4,17029.432893787776,2,0,0,37601.54031399594,0,0,0.04,4.0,Low Risk
712,France,Male,68,3,116659.5507147001,3,0,0,136899.28169912033,0,0,0.0,0.0,Low Risk
761,Germany,Male,32,3,245208.6150469659,4,0,0,4598.127950316516,0,2,0.24,24.0,Low Risk
303,France,Female,64,8,248209.53545239428,4,1,0,81827.70388694391,0,0,0.02,2.0,Low Risk
343,Spain,Male,90,8,108111.70494466757,1,0,0,74835.08994470183,0,0,0.01,1.0,Low Risk
554,Spain,Female,63,8,223263.2522531924,2,0,0,175600.89566417388,0,1,0.0,0.0,Low Risk
413,Spain,Female,47,10,147998.07784910096,4,0,0,54563.39679083069,0,0,0.0,0.0,Low Risk
696,Spain,Male,37,4,127357.337197595,2,1,0,116485.184562799,0,0,0.0,0.0,Low Risk
473,Spain,Female,74,10,102985.6221425329,1,0,1,945.8255343888492,1,9,0.98,98.0,High Risk
554,Germany,Female,66,4,223032.5099382074,1,1,1,183390.68246395903,1,5,1.0,100.0,High Risk
765,Germany,Female,73,1,155281.6677074189,4,0,0,127336.19135236794,1,10,0.99,99.0,High Risk
576,France,Female,73,5,83449.41092392147,2,0,0,158728.4482068565,1,9,1.0,100.0,High Risk
763,Germany,Male,42,1,122983.10930051412,4,0,1,113874.49712938088,0,1,0.04,4.0,Low Risk
801,France,Female,26,9,111019.82261566092,4,0,0,163107.163072255,0,1,0.0,0.0,Low Risk
740,France,Female,39,4,112788.52940356384,4,1,0,16886.989302986796,1,7,0.97,97.0,High Risk
368,Germany,Male,54,10,77902.45100672099,4,1,0,142101.51265743977,0,0,0.02,2.0,Low Risk
808,Germany,Male,45,4,158239.32107636795,2,1,1,29769.664199937284,0,0,0.0,0.0,Low Risk
625,France,Male,31,3,13059.347601128868,4,0,0,115301.0404333678,0,1,0.01,1.0,Low Risk
366,Germany,Female,47,4,221540.82566792425,1,0,1,197144.73232196577,1,4,0.97,97.0,High Risk
603,Germany,Female,56,6,103849.24190215985,1,1,0,36110.633210218795,1,3,0.98,98.0,High Risk
783,Germany,Female,74,9,200215.61713943788,2,0,1,51241.212463174175,0,0,0.0,0.0,Low Risk
847,Spain,Female,22,1,182372.95353301,4,1,1,42270.32850430188,0,0,0.05,5.0,Low Risk
716,Spain,Male,29,0,117962.90843789828,4,0,0,82447.46808630163,0,0,0.0,0.0,Low Risk
458,France,Male,52,3,49677.641356315224,3,1,1,97712.73668196492,0,0,0.0,0.0,Low Risk
448,Germany,Female,58,6,140552.92189611634,4,1,1,32019.40684222776,0,0,0.01,1.0,Low Risk
326,France,Female,80,0,237018.0663999142,2,1,0,5575.596882994783,0,1,0.08,8.0,Low Risk
547,Germany,Female,59,3,46443.11566069376,2,0,1,68330.99366825868,0,0,0.0,0.0,Low Risk
400,Spain,Female,82,5,64003.11130231731,3,0,0,76411.69351187437,0,1,0.01,1.0,Low Risk
395,Germany,Male,82,5,248251.36407919705,1,0,0,76576.95472938538,1,6,0.98,98.0,High Risk
683,Germany,Male,60,0,223142.7436992397,2,0,1,132999.8107297562,0,1,0.01,1.0,Low Risk
581,Germany,Male,77,6,137387.46249994347,4,1,1,89754.3995774005,1,3,0.96,96.0,High Risk
621,Spain,Male,37,4,173685.29696140956,4,0,1,21580.836101570618,0,2,0.02,2.0,Low Risk
695,Spain,Female,80,5,110765.58286340612,1,1,1,186471.0147929119,0,1,0.03,3.0,Low Risk
577,Spain,Male,41,0,101023.16914261188,3,0,0,140134.56539273084,0,0,0.0,0.0,Low Risk
828,France,Female,89,6,110796.88522347652,2,1,0,42579.63593974034,0,2,0.1,10.0,Low Risk
562,Germany,Male,52,3,103604.13829087174,4,1,0,187021.52103939417,0,1,0.02,2.0,Low Risk
592,Spain,Male,58,2,168888.752881331,1,0,1,198315.71587757432,0,0,0.0,0.0,Low Risk
593,France,Female,33,10,82614.15642887232,1,0,1,39492.289492985976,0,0,0.0,0.0,Low Risk
694,Spain,Male,23,3,42694.10158267267,1,1,1,76110.28933163299,0,0,0.01,1.0,Low Risk
812,Germany,Male,37,8,176641.88586796026,4,1,1,13795.99772010126,0,0,0.0,0.0,Low Risk
479,France,Male,73,4,7824.381761487781,1,0,0,96496.17943046814,1,8,1.0,100.0,High Risk
534,Spain,Male,25,4,179688.33722912043,1,1,1,157541.81513535092,0,0,0.0,0.0,Low Risk
636,Spain,Female,23,7,65810.92387364405,1,1,0,180803.92913626967,0,0,0.0,0.0,Low Risk
307,France,Male,25,6,47563.22033160421,2,1,0,109054.81245779988,0,3,0.28,28.0,Low Risk
742,France,Male,79,2,94739.16771180418,4,0,1,65209.90238293197,0,1,0.05,5.0,Low Risk
838,France,Male,31,0,29374.990233071163,2,0,1,114962.7484978389,0,1,0.0,0.0,Low Risk
390,France,Female,20,10,96122.40614057396,3,0,0,23111.4468969364,0,0,0.01,1.0,Low Risk
571,France,Female,19,1,25580.430537255783,1,1,1,167059.39778919515,0,0,0.01,1.0,Low Risk
304,Spain,Male,39,2,120872.18329119978,4,1,1,104143.42603256632,0,0,0.0,0.0,Low Risk
518,France,Male,87,10,44042.43735199989,3,0,1,196486.6092831628,0,2,0.34,34.0,Low Risk
417,France,Male,88,0,32499.14630595174,2,0,1,80200.81774834111,0,1,0.0,0.0,Low Risk
414,Germany,Female,23,0,144777.40746658854,3,0,0,130711.89239105946,0,0,0.01,1.0,Low Risk
562,Spain,Male,67,7,156311.26261266574,2,1,1,67992.71178729497,0,0,0.01,1.0,Low Risk
605,Germany,Male,61,7,1379.385213923223,4,0,0,29539.62860728221,1,4,0.99,99.0,High Risk
721,Spain,Female,25,1,96919.35520225466,2,0,0,150948.0945302769,0,0,0.0,0.0,Low Risk
506,Spain,Female,41,7,19489.022510811137,3,1,1,134493.97625643772,0,2,0.0,0.0,Low Risk
602,Spain,Female,44,10,184661.11522997668,2,1,1,156085.6273362557,0,0,0.0,0.0,Low Risk
411,France,Male,70,1,170380.7323852538,2,1,1,196022.7067105195,0,1,0.01,1.0,Low Risk
716,Germany,Male,68,10,12432.28326099624,3,0,1,198682.02585851363,0,0,0.01,1.0,Low Risk
584,Spain,Male,45,4,235312.64759091448,3,1,1,185799.62279278753,0,0,0.0,0.0,Low Risk
484,Spain,Female,76,0,239990.08792617195,1,0,0,178969.10775855347,0,0,0.02,2.0,Low Risk
520,Spain,Male,86,8,83667.9072817492,3,1,1,60308.09255815845,0,0,0.02,2.0,Low Risk
743,Germany,Male,90,3,32653.155762902537,2,1,0,93696.80396190604,1,0,0.61,61.0,Medium Risk
416,Spain,Female,42,9,28585.81048491921,4,0,1,9368.841240805174,0,0,0.0,0.0,Low Risk
369,Germany,Female,61,10,210180.13264810783,4,0,0,136843.63226859132,0,1,0.03,3.0,Low Risk
369,Germany,Male,64,1,114790.72227416532,1,0,0,109213.55927664484,1,7,1.0,100.0,High Risk
726,France,Female,30,0,2377.110156557505,2,1,0,141396.02441707283,0,1,0.02,2.0,Low Risk
742,Spain,Male,70,5,231338.02162126015,3,1,0,136167.13492743,1,2,0.22,22.0,Low Risk
436,Spain,Male,70,10,148184.3315046889,2,1,0,54391.162391335136,1,7,0.99,99.0,High Risk
803,Germany,Male,54,7,172599.246978199,3,0,1,92217.86911129994,1,3,0.96,96.0,High Risk
430,Germany,Female,80,3,205888.48434430757,3,0,1,21026.742928575222,1,7,0.98,98.0,High Risk
517,France,Male,83,0,204644.6751602061,3,1,1,16912.815122255175,0,0,0.01,1.0,Low Risk
470,Spain,Female,57,0,18951.218130084908,1,1,1,92014.1308387719,0,0,0.01,1.0,Low Risk
774,Germany,Female,78,5,143498.07325765258,3,1,0,111166.1803233508,1,5,1.0,100.0,High Risk
428,Spain,Female,23,1,174061.15696064176,2,1,0,63761.97367048328,0,0,0.0,0.0,Low Risk
356,Spain,Female,42,4,21405.109453945413,1,0,1,12326.0412737547,0,0,0.0,0.0,Low Risk
480,Spain,Male,63,1,55600.22679949786,1,0,1,132317.38104360213,0,0,0.02,2.0,Low Risk
545,Germany,Female,48,8,98953.61462914047,4,1,1,135480.0026915068,1,10,1.0,100.0,High Risk
443,Spain,Male,80,1,221631.2658083044,1,0,1,64150.90264653943,0,1,0.01,1.0,Low Risk
350,Germany,Male,85,4,212658.3497121647,2,0,0,172.08131290984844,0,3,0.23,23.0,Low Risk
667,France,Male,56,3,195525.75035619052,4,1,1,127167.4735928442,0,2,0.06,6.0,Low Risk
758,France,Male,53,10,247569.17792197593,3,1,0,14113.40189729822,0,1,0.04,4.0,Low Risk
517,Germany,Female,24,0,60664.1628983271,4,1,1,44692.62317865583,0,0,0.0,0.0,Low Risk
556,Spain,Female,83,9,116953.70251169984,1,0,1,49578.01096412738,0,1,0.03,3.0,Low Risk
455,France,Male,72,8,111680.75308434632,3,0,0,52712.79321569783,1,7,1.0,100.0,High Risk
741,France,Male,89,2,169734.35333800022,3,0,0,123337.2718298559,0,1,0.01,1.0,Low Risk
324,Germany,Male,59,9,212538.321648346,2,0,1,15844.15876050592,0,0,0.04,4.0,Low Risk
835,Germany,Female,44,7,122920.68881981607,1,1,0,129057.34531253522,1,7,0.97,97.0,High Risk
359,Germany,Female,19,3,122882.94827283964,2,1,1,96964.50417997262,0,0,0.05,5.0,Low Risk
766,Germany,Male,87,10,152079.45321308268,1,1,0,69758.48849242351,0,0,0.0,0.0,Low Risk
733,Germany,Male,21,8,185618.63805385848,1,1,0,120841.6083708943,1,6,0.97,97.0,High Risk
365,Germany,Male,38,4,50325.19636866054,3,1,0,174696.73974267856,1,3,0.93,93.0,High Risk
405,Germany,Female,18,1,240464.8876376087,3,1,0,108796.60718370364,0,0,0.0,0.0,Low Risk
395,Spain,Male,55,7,23013.370156529654,4,1,0,31232.57354273223,0,0,0.03,3.0,Low Risk
467,Spain,Female,77,3,5775.018312799473,1,0,0,111557.50846546445,0,0,0.07,7.0,Low Risk
341,Spain,Female,31,1,89697.85175850711,1,1,0,90738.0311904567,0,1,0.0,0.0,Low Risk
403,Spain,Female,34,5,175358.73436308198,3,0,0,188114.7186046135,0,1,0.0,0.0,Low Risk
503,France,Male,90,0,244518.7410455323,1,0,1,118679.20697191848,0,0,0.0,0.0,Low Risk
819,Spain,Female,64,7,233190.11396159753,1,1,1,7053.397464401063,0,0,0.0,0.0,Low Risk
581,France,Female,73,8,172121.86182330837,1,0,1,24154.16211456749,1,4,1.0,100.0,High Risk
342,France,Male,70,6,109136.42989527372,2,0,1,106486.601928896,1,7,1.0,100.0,High Risk
409,France,Male,35,8,148950.4469874646,4,0,0,159043.73329518453,0,0,0.03,3.0,Low Risk
509,Germany,Male,86,1,242164.32304296584,4,0,0,19130.27414399832,1,3,0.93,93.0,High Risk
348,France,Female,65,10,66375.26654187143,1,1,1,113091.93403371132,0,1,0.02,2.0,Low Risk
414,France,Female,26,0,119570.179178361,1,0,0,90529.35589298804,1,8,0.9,90.0,High Risk
454,France,Male,71,6,173225.42267931456,3,1,1,72583.96126254355,0,1,0.01,1.0,Low Risk
802,Germany,Female,52,3,2574.7205318313872,4,0,1,16427.153467464177,1,4,0.83,83.0,High Risk
370,Spain,Male,63,9,95315.35430403224,4,0,1,175930.25369667704,0,1,0.02,2.0,Low Risk
818,Spain,Male,18,7,141978.05008566965,3,1,1,152645.85533614838,0,0,0.0,0.0,Low Risk
635,France,Female,58,2,225229.569829579,4,1,0,184178.77773530033,1,3,0.98,98.0,High Risk
366,France,Female,90,6,247999.4154000436,2,0,0,33540.128195396785,0,1,0.01,1.0,Low Risk
792,Spain,Female,49,6,139081.1015569259,3,1,1,114494.9994607816,1,3,0.9,90.0,High Risk
512,Spain,Female,57,10,236145.0718673677,1,1,0,3864.9765926110817,0,0,0.0,0.0,Low Risk
480,Spain,Male,28,9,24816.378790942505,2,1,0,35546.81490692786,0,0,0.0,0.0,Low Risk
547,Spain,Male,79,8,175317.70624323288,4,1,0,157812.66912988646,0,0,0.01,1.0,Low Risk
513,France,Female,63,10,100138.59111559292,1,1,1,57396.54728764331,0,1,0.0,0.0,Low Risk
658,France,Female,65,3,187743.36439104236,4,0,1,39457.62814045754,0,0,0.01,1.0,Low Risk
548,France,Female,60,9,216930.88619961933,4,1,0,108454.374634527,1,6,1.0,100.0,High Risk
815,Spain,Male,68,0,13431.07118973466,1,0,0,131097.2013248327,0,0,0.05,5.0,Low Risk
387,Germany,Male,78,6,233868.38591426215,1,0,0,122073.23967889482,0,3,0.38,38.0,Low Risk
475,Spain,Female,59,9,17039.048136313268,2,0,1,19839.35306708619,0,0,0.01,1.0,Low Risk
725,Spain,Male,43,5,188349.59312501896,4,1,1,186080.40646351737,0,0,0.0,0.0,Low Risk
380,Germany,Male,28,10,17267.439589977424,3,0,1,35447.26304352942,0,0,0.0,0.0,Low Risk
437,Germany,Male,42,0,215420.5417101453,3,1,0,185077.4412255496,1,9,1.0,100.0,High Risk
732,Spain,Male,57,8,51245.36869792498,3,1,0,96750.63059974788,0,1,0.03,3.0,Low Risk
769,Germany,Female,42,9,108517.58280103674,4,1,1,20600.040047416027,0,0,0.0,0.0,Low Risk
649,Germany,Female,91,7,233155.22669254203,4,0,1,29732.783600638395,1,1,0.64,64.0,Medium Risk
425,Germany,Female,69,9,198016.8321821481,1,1,1,86169.41456260243,0,0,0.03,3.0,Low Risk
608,Spain,Female,20,3,196443.81201808393,2,0,1,199607.02278804372,0,0,0.0,0.0,Low Risk
